Loop guard: x > 0
k>= b0==>Expexted(k)>=0+[[(LB, 0)]]
k<= a0==>Expexted(k)<=0+[[(UB, 0)]]
k**2>= b0==>Expexted(k**2)>=0+[[(LB, 0)]]
k**2<= a0==>Expexted(k**2)<=0+[[(UB, 0)]]
k*x>= b0==>Expexted(k*x)>=0+[[(LB, 0)]]
k*x<= a0==>Expexted(k*x)<=0+[[(UB, 0)]]
k*y>= b0==>Expexted(k*y)>=0+[[(LB, 0)]]
k*y<= a0==>Expexted(k*y)<=0+[[(UB, 0)]]
x>= b0==>Expexted(x)>=0+[[(LB, 0)]]
x<= a0==>Expexted(x)<=0+[[(UB, 0)]]
x**2>= b0==>Expexted(x**2)>=0+[[(LB, 0)]]
x**2<= a0==>Expexted(x**2)<=0+[[(UB, 0)]]
x*y>= b0==>Expexted(x*y)>=0+[[(LB, 0)]]
x*y<= a0==>Expexted(x*y)<=0+[[(UB, 0)]]
y>= b0==>Expexted(y)>=0+[[(LB, 0)]]
y<= a0==>Expexted(y)<=0+[[(UB, 0)]]
y**2>= b0==>Expexted(y**2)>=0+[[(LB, 0)]]
y**2<= a0==>Expexted(y**2)<=0+[[(UB, 0)]]
z>= b0==>Expexted(z)>=0+[[(LB, 0)]]
z<= a0==>Expexted(z)<=0+[[(UB, 0)]]
k<= a0/\k<= a1/\k>= b0==>k**2<=0+[[(UB, 0), (UB, 1)]]
k<= a0/\k>= b0==>k**2<=0+[[(LB, 0), (UB, 0)]]
k<= a0/\k>= b0/\k>= b1==>k**2<=0+[[(LB, 0), (LB, 1)]]
k<= a0/\k<= a1/\k>= b0/\k>= b1==>k**2<=0+[[(LB, 0), (LB, 1)]]
k<= a0/\k<= a1/\k>= b0/\k>= b1==>k**2<=0+[[(UB, 0), (UB, 1)]]
k<= a0/\x<= a1/\k>= b0==>k*x<=0+[[(UB, 0), (UB, 1)]]
x<= a0/\k>= b0==>k*x<=0+[[(LB, 0), (UB, 0)]]
x<= a0/\k>= b0/\x>= b1==>k*x<=0+[[(LB, 0), (LB, 1)]]
k<= a0/\x<= a1/\k>= b0/\x>= b1==>k*x<=0+[[(LB, 0), (LB, 1)]]
k<= a0/\x<= a1/\k>= b0/\x>= b1==>k*x<=0+[[(UB, 0), (UB, 1)]]
k<= a0/\y<= a1/\k>= b0==>k*y<=0+[[(UB, 0), (UB, 1)]]
y<= a0/\k>= b0==>k*y<=0+[[(LB, 0), (UB, 0)]]
y<= a0/\k>= b0/\y>= b1==>k*y<=0+[[(LB, 0), (LB, 1)]]
k<= a0/\y<= a1/\k>= b0/\y>= b1==>k*y<=0+[[(LB, 0), (LB, 1)]]
k<= a0/\y<= a1/\k>= b0/\y>= b1==>k*y<=0+[[(UB, 0), (UB, 1)]]
x<= a0/\k<= a1/\x>= b0==>k*x<=0+[[(UB, 0), (UB, 1)]]
k<= a0/\x>= b0==>k*x<=0+[[(LB, 0), (UB, 0)]]
k<= a0/\x>= b0/\k>= b1==>k*x<=0+[[(LB, 0), (LB, 1)]]
x<= a0/\k<= a1/\x>= b0/\k>= b1==>k*x<=0+[[(LB, 0), (LB, 1)]]
x<= a0/\k<= a1/\x>= b0/\k>= b1==>k*x<=0+[[(UB, 0), (UB, 1)]]
x<= a0/\x<= a1/\x>= b0==>x**2<=0+[[(UB, 0), (UB, 1)]]
x<= a0/\x>= b0==>x**2<=0+[[(LB, 0), (UB, 0)]]
x<= a0/\x>= b0/\x>= b1==>x**2<=0+[[(LB, 0), (LB, 1)]]
x<= a0/\x<= a1/\x>= b0/\x>= b1==>x**2<=0+[[(LB, 0), (LB, 1)]]
x<= a0/\x<= a1/\x>= b0/\x>= b1==>x**2<=0+[[(UB, 0), (UB, 1)]]
x<= a0/\y<= a1/\x>= b0==>x*y<=0+[[(UB, 0), (UB, 1)]]
y<= a0/\x>= b0==>x*y<=0+[[(LB, 0), (UB, 0)]]
y<= a0/\x>= b0/\y>= b1==>x*y<=0+[[(LB, 0), (LB, 1)]]
x<= a0/\y<= a1/\x>= b0/\y>= b1==>x*y<=0+[[(LB, 0), (LB, 1)]]
x<= a0/\y<= a1/\x>= b0/\y>= b1==>x*y<=0+[[(UB, 0), (UB, 1)]]
y<= a0/\k<= a1/\y>= b0==>k*y<=0+[[(UB, 0), (UB, 1)]]
k<= a0/\y>= b0==>k*y<=0+[[(LB, 0), (UB, 0)]]
k<= a0/\y>= b0/\k>= b1==>k*y<=0+[[(LB, 0), (LB, 1)]]
y<= a0/\k<= a1/\y>= b0/\k>= b1==>k*y<=0+[[(LB, 0), (LB, 1)]]
y<= a0/\k<= a1/\y>= b0/\k>= b1==>k*y<=0+[[(UB, 0), (UB, 1)]]
y<= a0/\x<= a1/\y>= b0==>x*y<=0+[[(UB, 0), (UB, 1)]]
x<= a0/\y>= b0==>x*y<=0+[[(LB, 0), (UB, 0)]]
x<= a0/\y>= b0/\x>= b1==>x*y<=0+[[(LB, 0), (LB, 1)]]
y<= a0/\x<= a1/\y>= b0/\x>= b1==>x*y<=0+[[(LB, 0), (LB, 1)]]
y<= a0/\x<= a1/\y>= b0/\x>= b1==>x*y<=0+[[(UB, 0), (UB, 1)]]
y<= a0/\y<= a1/\y>= b0==>y**2<=0+[[(UB, 0), (UB, 1)]]
y<= a0/\y>= b0==>y**2<=0+[[(LB, 0), (UB, 0)]]
y<= a0/\y>= b0/\y>= b1==>y**2<=0+[[(LB, 0), (LB, 1)]]
y<= a0/\y<= a1/\y>= b0/\y>= b1==>y**2<=0+[[(LB, 0), (LB, 1)]]
y<= a0/\y<= a1/\y>= b0/\y>= b1==>y**2<=0+[[(UB, 0), (UB, 1)]]
k<= a0/\k<= a1==>k**2>=0+[[(UB, 0), (UB, 1)]]
k<= a0/\k<= a1/\k>= b0==>k**2>=0+[[(LB, 0), (UB, 0)]]
k<= a0/\k>= b0/\k>= b1==>k**2>=0+[[(LB, 1), (UB, 0)]]
k>= b0/\k>= b1==>k**2>=0+[[(LB, 0), (LB, 1)]]
k<= a0/\k<= a1/\k>= b0/\k>= b1==>k**2>=0+[[(LB, 0), (UB, 1)]]
k<= a0/\k<= a1/\k>= b0/\k>= b1==>k**2>=0+[[(LB, 1), (UB, 0)]]
k<= a0/\x<= a1==>k*x>=0+[[(UB, 0), (UB, 1)]]
k<= a0/\x<= a1/\x>= b0==>k*x>=0+[[(LB, 0), (UB, 0)]]
k<= a0/\k>= b0/\x>= b1==>k*x>=0+[[(LB, 1), (UB, 0)]]
k>= b0/\x>= b1==>k*x>=0+[[(LB, 0), (LB, 1)]]
k<= a0/\x<= a1/\k>= b0/\x>= b1==>k*x>=0+[[(LB, 0), (UB, 1)]]
k<= a0/\x<= a1/\k>= b0/\x>= b1==>k*x>=0+[[(LB, 1), (UB, 0)]]
k<= a0/\y<= a1==>k*y>=0+[[(UB, 0), (UB, 1)]]
k<= a0/\y<= a1/\y>= b0==>k*y>=0+[[(LB, 0), (UB, 0)]]
k<= a0/\k>= b0/\y>= b1==>k*y>=0+[[(LB, 1), (UB, 0)]]
k>= b0/\y>= b1==>k*y>=0+[[(LB, 0), (LB, 1)]]
k<= a0/\y<= a1/\k>= b0/\y>= b1==>k*y>=0+[[(LB, 0), (UB, 1)]]
k<= a0/\y<= a1/\k>= b0/\y>= b1==>k*y>=0+[[(LB, 1), (UB, 0)]]
x<= a0/\k<= a1==>k*x>=0+[[(UB, 0), (UB, 1)]]
x<= a0/\k<= a1/\k>= b0==>k*x>=0+[[(LB, 0), (UB, 0)]]
x<= a0/\x>= b0/\k>= b1==>k*x>=0+[[(LB, 1), (UB, 0)]]
x>= b0/\k>= b1==>k*x>=0+[[(LB, 0), (LB, 1)]]
x<= a0/\k<= a1/\x>= b0/\k>= b1==>k*x>=0+[[(LB, 0), (UB, 1)]]
x<= a0/\k<= a1/\x>= b0/\k>= b1==>k*x>=0+[[(LB, 1), (UB, 0)]]
x<= a0/\x<= a1==>x**2>=0+[[(UB, 0), (UB, 1)]]
x<= a0/\x<= a1/\x>= b0==>x**2>=0+[[(LB, 0), (UB, 0)]]
x<= a0/\x>= b0/\x>= b1==>x**2>=0+[[(LB, 1), (UB, 0)]]
x>= b0/\x>= b1==>x**2>=0+[[(LB, 0), (LB, 1)]]
x<= a0/\x<= a1/\x>= b0/\x>= b1==>x**2>=0+[[(LB, 0), (UB, 1)]]
x<= a0/\x<= a1/\x>= b0/\x>= b1==>x**2>=0+[[(LB, 1), (UB, 0)]]
x<= a0/\y<= a1==>x*y>=0+[[(UB, 0), (UB, 1)]]
x<= a0/\y<= a1/\y>= b0==>x*y>=0+[[(LB, 0), (UB, 0)]]
x<= a0/\x>= b0/\y>= b1==>x*y>=0+[[(LB, 1), (UB, 0)]]
x>= b0/\y>= b1==>x*y>=0+[[(LB, 0), (LB, 1)]]
x<= a0/\y<= a1/\x>= b0/\y>= b1==>x*y>=0+[[(LB, 0), (UB, 1)]]
x<= a0/\y<= a1/\x>= b0/\y>= b1==>x*y>=0+[[(LB, 1), (UB, 0)]]
y<= a0/\k<= a1==>k*y>=0+[[(UB, 0), (UB, 1)]]
y<= a0/\k<= a1/\k>= b0==>k*y>=0+[[(LB, 0), (UB, 0)]]
y<= a0/\y>= b0/\k>= b1==>k*y>=0+[[(LB, 1), (UB, 0)]]
y>= b0/\k>= b1==>k*y>=0+[[(LB, 0), (LB, 1)]]
y<= a0/\k<= a1/\y>= b0/\k>= b1==>k*y>=0+[[(LB, 0), (UB, 1)]]
y<= a0/\k<= a1/\y>= b0/\k>= b1==>k*y>=0+[[(LB, 1), (UB, 0)]]
y<= a0/\x<= a1==>x*y>=0+[[(UB, 0), (UB, 1)]]
y<= a0/\x<= a1/\x>= b0==>x*y>=0+[[(LB, 0), (UB, 0)]]
y<= a0/\y>= b0/\x>= b1==>x*y>=0+[[(LB, 1), (UB, 0)]]
y>= b0/\x>= b1==>x*y>=0+[[(LB, 0), (LB, 1)]]
y<= a0/\x<= a1/\y>= b0/\x>= b1==>x*y>=0+[[(LB, 0), (UB, 1)]]
y<= a0/\x<= a1/\y>= b0/\x>= b1==>x*y>=0+[[(LB, 1), (UB, 0)]]
y<= a0/\y<= a1==>y**2>=0+[[(UB, 0), (UB, 1)]]
y<= a0/\y<= a1/\y>= b0==>y**2>=0+[[(LB, 0), (UB, 0)]]
y<= a0/\y>= b0/\y>= b1==>y**2>=0+[[(LB, 1), (UB, 0)]]
y>= b0/\y>= b1==>y**2>=0+[[(LB, 0), (LB, 1)]]
y<= a0/\y<= a1/\y>= b0/\y>= b1==>y**2>=0+[[(LB, 0), (UB, 1)]]
y<= a0/\y<= a1/\y>= b0/\y>= b1==>y**2>=0+[[(LB, 1), (UB, 0)]]
Expexted(k)<= a0/\k>= b0/\k>= b1==>Expexted(k**2)>=0+[[(LB, 0), (UB, 0)]]
k<= a0/\Expexted(k)<= a1/\k>= b0==>Expexted(k**2)<=0+[[(UB, 0), (UB, 1)]]
k>= b0/\k>= b1/\Expexted(k)>= b2==>Expexted(k**2)>=0+[[(LB, 0), (LB, 2)]]
Expexted(x)<= a0/\k>= b0/\x>= b1==>Expexted(k*x)>=0+[[(LB, 0), (UB, 0)]]
k<= a0/\Expexted(x)<= a1/\x>= b0==>Expexted(k*x)<=0+[[(UB, 0), (UB, 1)]]
k>= b0/\x>= b1/\Expexted(x)>= b2==>Expexted(k*x)>=0+[[(LB, 0), (LB, 2)]]
Expexted(y)<= a0/\k>= b0/\y>= b1==>Expexted(k*y)>=0+[[(LB, 0), (UB, 0)]]
k<= a0/\Expexted(y)<= a1/\y>= b0==>Expexted(k*y)<=0+[[(UB, 0), (UB, 1)]]
k>= b0/\y>= b1/\Expexted(y)>= b2==>Expexted(k*y)>=0+[[(LB, 0), (LB, 2)]]
Expexted(k)<= a0/\x>= b0/\k>= b1==>Expexted(k*x)>=0+[[(LB, 0), (UB, 0)]]
x<= a0/\Expexted(k)<= a1/\k>= b0==>Expexted(k*x)<=0+[[(UB, 0), (UB, 1)]]
x>= b0/\k>= b1/\Expexted(k)>= b2==>Expexted(k*x)>=0+[[(LB, 0), (LB, 2)]]
Expexted(x)<= a0/\x>= b0/\x>= b1==>Expexted(x**2)>=0+[[(LB, 0), (UB, 0)]]
x<= a0/\Expexted(x)<= a1/\x>= b0==>Expexted(x**2)<=0+[[(UB, 0), (UB, 1)]]
x>= b0/\x>= b1/\Expexted(x)>= b2==>Expexted(x**2)>=0+[[(LB, 0), (LB, 2)]]
Expexted(y)<= a0/\x>= b0/\y>= b1==>Expexted(x*y)>=0+[[(LB, 0), (UB, 0)]]
x<= a0/\Expexted(y)<= a1/\y>= b0==>Expexted(x*y)<=0+[[(UB, 0), (UB, 1)]]
x>= b0/\y>= b1/\Expexted(y)>= b2==>Expexted(x*y)>=0+[[(LB, 0), (LB, 2)]]
Expexted(k)<= a0/\y>= b0/\k>= b1==>Expexted(k*y)>=0+[[(LB, 0), (UB, 0)]]
y<= a0/\Expexted(k)<= a1/\k>= b0==>Expexted(k*y)<=0+[[(UB, 0), (UB, 1)]]
y>= b0/\k>= b1/\Expexted(k)>= b2==>Expexted(k*y)>=0+[[(LB, 0), (LB, 2)]]
Expexted(x)<= a0/\y>= b0/\x>= b1==>Expexted(x*y)>=0+[[(LB, 0), (UB, 0)]]
y<= a0/\Expexted(x)<= a1/\x>= b0==>Expexted(x*y)<=0+[[(UB, 0), (UB, 1)]]
y>= b0/\x>= b1/\Expexted(x)>= b2==>Expexted(x*y)>=0+[[(LB, 0), (LB, 2)]]
Expexted(y)<= a0/\y>= b0/\y>= b1==>Expexted(y**2)>=0+[[(LB, 0), (UB, 0)]]
y<= a0/\Expexted(y)<= a1/\y>= b0==>Expexted(y**2)<=0+[[(UB, 0), (UB, 1)]]
y>= b0/\y>= b1/\Expexted(y)>= b2==>Expexted(y**2)>=0+[[(LB, 0), (LB, 2)]]
Expexted((k - 2*y)**2)<= a0/\Expexted(k**2)<= a1==>Expexted(y**2)<=0+[[(Const, 1/4), (UB, 0)], [(Const, 1/2), (Sqrt, (UB, 0)), (Sqrt, (UB, 1))], [(Const, 1/4), (UB, 1)]]
Expexted((k - 2*y)**2)<= a0/\Expexted(y**2)<= a1==>Expexted(k**2)<=0+[[(Const, 1), (UB, 0)], [(Const, 4), (Sqrt, (UB, 0)), (Sqrt, (UB, 1))], [(Const, 4), (UB, 1)]]
Expexted((-k/2 + y)**2)<= a0/\Expexted(y**2)<= a1==>Expexted(k**2)<=0+[[(Const, 4), (UB, 0)], [(Const, 8), (Sqrt, (UB, 0)), (Sqrt, (UB, 1))], [(Const, 4), (UB, 1)]]
Expexted((-k/2 + y)**2)<= a0/\Expexted(k**2)<= a1==>Expexted(y**2)<=0+[[(Const, 1), (UB, 0)], [(Const, 1), (Sqrt, (UB, 0)), (Sqrt, (UB, 1))], [(Const, 1/4), (UB, 1)]]
Expexted((k/2 + x)**2)<= a0/\Expexted(x**2)<= a1==>Expexted(k**2)<=0+[[(Const, 4), (UB, 0)], [(Const, 8), (Sqrt, (UB, 0)), (Sqrt, (UB, 1))], [(Const, 4), (UB, 1)]]
Expexted((k/2 + x)**2)<= a0/\Expexted(k**2)<= a1==>Expexted(x**2)<=0+[[(Const, 1), (UB, 0)], [(Const, 1), (Sqrt, (UB, 0)), (Sqrt, (UB, 1))], [(Const, 1/4), (UB, 1)]]
Expexted((k + 2*x)**2)<= a0/\Expexted(k**2)<= a1==>Expexted(x**2)<=0+[[(Const, 1/4), (UB, 0)], [(Const, 1/2), (Sqrt, (UB, 0)), (Sqrt, (UB, 1))], [(Const, 1/4), (UB, 1)]]
Expexted((k + 2*x)**2)<= a0/\Expexted(x**2)<= a1==>Expexted(k**2)<=0+[[(Const, 1), (UB, 0)], [(Const, 4), (Sqrt, (UB, 0)), (Sqrt, (UB, 1))], [(Const, 4), (UB, 1)]]
Expexted((x + y)**2)<= a0/\Expexted(x**2)<= a1==>Expexted(y**2)<=0+[[(Const, 1), (UB, 0)], [(Const, 2), (Sqrt, (UB, 0)), (Sqrt, (UB, 1))], [(Const, 1), (UB, 1)]]
Expexted((x + y)**2)<= a0/\Expexted(y**2)<= a1==>Expexted(x**2)<=0+[[(Const, 1), (UB, 0)], [(Const, 2), (Sqrt, (UB, 0)), (Sqrt, (UB, 1))], [(Const, 1), (UB, 1)]]
Expexted(k)<= a0==>Expexted(y)<=y0+[[(UB, 0), (Const, 1/2)]]
Expexted(k)>= b0==>Expexted(y)>=y0+[[(LB, 0), (Const, 1/2)]]
Expexted(y)<= a0==>Expexted(k)<=-2*y0+[[(UB, 0), (Const, 2)]]
Expexted(y)>= b0==>Expexted(k)>=-2*y0+[[(LB, 0), (Const, 2)]]
Expexted(k)>= b0==>Expexted(x)<=x0+[[(LB, 0), (Const, -1/2)]]
Expexted(k)<= a0==>Expexted(x)>=x0+[[(UB, 0), (Const, -1/2)]]
Expexted(x)>= b0==>Expexted(k)<=2*x0+[[(LB, 0), (Const, -2)]]
Expexted(x)<= a0==>Expexted(k)>=2*x0+[[(UB, 0), (Const, -2)]]
Expexted(y**2)<= a0/\Expexted(z)>= b0==>Expexted(k)<=-6*y0**2/23 + 6*z0/23+[[(LB, 0), (Const, -6/23)], [(UB, 0), (Const, 6/23)]]
Expexted(z)<= a0/\Expexted(y**2)>= b0==>Expexted(k)>=-6*y0**2/23 + 6*z0/23+[[(UB, 0), (Const, -6/23)], [(LB, 0), (Const, 6/23)]]
Expexted(k)<= a0/\Expexted(z)<= a1==>Expexted(y**2)<=y0**2 - z0+[[(UB, 0), (Const, 23/6)], [(UB, 1), (Const, 1)]]
Expexted(k)>= b0/\Expexted(z)>= b1==>Expexted(y**2)>=y0**2 - z0+[[(LB, 0), (Const, 23/6)], [(LB, 1), (Const, 1)]]
Expexted(y**2)<= a0/\Expexted(k)>= b0==>Expexted(z)<=-y0**2 + z0+[[(LB, 0), (Const, -23/6)], [(UB, 0), (Const, 1)]]
Expexted(k)<= a0/\Expexted(y**2)>= b0==>Expexted(z)>=-y0**2 + z0+[[(UB, 0), (Const, -23/6)], [(LB, 0), (Const, 1)]]
Expexted(k**2)<= a0/\Expexted(y**2)<= a1/\Expexted(k)>= b0==>Expexted(k*y)<=-y0**2+[[(LB, 0), (Const, -25/12)], [(UB, 0), (Const, 1/4)], [(UB, 1), (Const, 1)]]
Expexted(k)<= a0/\Expexted(k**2)>= b0/\Expexted(y**2)>= b1==>Expexted(k*y)>=-y0**2+[[(UB, 0), (Const, -25/12)], [(LB, 0), (Const, 1/4)], [(LB, 1), (Const, 1)]]
Expexted(k*y)<= a0/\Expexted(k)<= a1/\Expexted(y**2)>= b0==>Expexted(k**2)<=4*y0**2+[[(LB, 0), (Const, -4)], [(UB, 0), (Const, 4)], [(UB, 1), (Const, 25/3)]]
Expexted(y**2)<= a0/\Expexted(k*y)>= b0/\Expexted(k)>= b1==>Expexted(k**2)>=4*y0**2+[[(UB, 0), (Const, -4)], [(LB, 0), (Const, 4)], [(LB, 1), (Const, 25/3)]]
Expexted(k**2)<= a0/\Expexted(y**2)<= a1/\Expexted(k*y)>= b0==>Expexted(k)<=-12*y0**2/25+[[(LB, 0), (Const, -12/25)], [(UB, 0), (Const, 3/25)], [(UB, 1), (Const, 12/25)]]
Expexted(k*y)<= a0/\Expexted(k**2)>= b0/\Expexted(y**2)>= b1==>Expexted(k)>=-12*y0**2/25+[[(UB, 0), (Const, -12/25)], [(LB, 0), (Const, 3/25)], [(LB, 1), (Const, 12/25)]]
Expexted(k)<= a0/\Expexted(k*y)<= a1/\Expexted(k**2)>= b0==>Expexted(y**2)<=y0**2+[[(LB, 0), (Const, -1/4)], [(UB, 0), (Const, 25/12)], [(UB, 1), (Const, 1)]]
Expexted(k**2)<= a0/\Expexted(k)>= b0/\Expexted(k*y)>= b1==>Expexted(y**2)>=y0**2+[[(UB, 0), (Const, -1/4)], [(LB, 0), (Const, 25/12)], [(LB, 1), (Const, 1)]]
Expexted(y)<= a0/\Expexted(x**2)>= b0/\Expexted(k*x)>= b1==>Expexted(k**2)<=4*x0**2 - 2*y0/3+[[(LB, 0), (Const, -4)], [(LB, 1), (Const, -4)], [(UB, 0), (Const, 2/3)]]
Expexted(x**2)<= a0/\Expexted(k*x)<= a1/\Expexted(y)>= b0==>Expexted(k**2)>=4*x0**2 - 2*y0/3+[[(UB, 0), (Const, -4)], [(UB, 1), (Const, -4)], [(LB, 0), (Const, 2/3)]]
Expexted(x**2)<= a0/\Expexted(k*x)<= a1/\Expexted(k**2)<= a2==>Expexted(y)<=-6*x0**2 + y0+[[(UB, 0), (Const, 6)], [(UB, 1), (Const, 6)], [(UB, 2), (Const, 3/2)]]
Expexted(x**2)>= b0/\Expexted(k*x)>= b1/\Expexted(k**2)>= b2==>Expexted(y)>=-6*x0**2 + y0+[[(LB, 0), (Const, 6)], [(LB, 1), (Const, 6)], [(LB, 2), (Const, 3/2)]]
Expexted(y)<= a0/\Expexted(k*x)>= b0/\Expexted(k**2)>= b1==>Expexted(x**2)<=x0**2 - y0/6+[[(LB, 0), (Const, -1)], [(LB, 1), (Const, -1/4)], [(UB, 0), (Const, 1/6)]]
Expexted(k*x)<= a0/\Expexted(k**2)<= a1/\Expexted(y)>= b0==>Expexted(x**2)>=x0**2 - y0/6+[[(UB, 0), (Const, -1)], [(UB, 1), (Const, -1/4)], [(LB, 0), (Const, 1/6)]]
Expexted(y)<= a0/\Expexted(x**2)>= b0/\Expexted(k**2)>= b1==>Expexted(k*x)<=x0**2 - y0/6+[[(LB, 0), (Const, -1)], [(LB, 1), (Const, -1/4)], [(UB, 0), (Const, 1/6)]]
Expexted(x**2)<= a0/\Expexted(k**2)<= a1/\Expexted(y)>= b0==>Expexted(k*x)>=x0**2 - y0/6+[[(UB, 0), (Const, -1)], [(UB, 1), (Const, -1/4)], [(LB, 0), (Const, 1/6)]]
Expexted(z)<= a0/\Expexted(x**2)<= a1/\Expexted(x*y)<= a2==>Expexted(x)<=-x0**2/3 - 2*x0*y0/3 + x0 - z0/3+[[(UB, 0), (Const, 1/3)], [(UB, 1), (Const, 1/3)], [(UB, 2), (Const, 2/3)]]
Expexted(z)>= b0/\Expexted(x**2)>= b1/\Expexted(x*y)>= b2==>Expexted(x)>=-x0**2/3 - 2*x0*y0/3 + x0 - z0/3+[[(LB, 0), (Const, 1/3)], [(LB, 1), (Const, 1/3)], [(LB, 2), (Const, 2/3)]]
Expexted(x)<= a0/\Expexted(z)>= b0/\Expexted(x*y)>= b1==>Expexted(x**2)<=x0**2 + 2*x0*y0 - 3*x0 + z0+[[(LB, 0), (Const, -1)], [(LB, 1), (Const, -2)], [(UB, 0), (Const, 3)]]
Expexted(z)<= a0/\Expexted(x*y)<= a1/\Expexted(x)>= b0==>Expexted(x**2)>=x0**2 + 2*x0*y0 - 3*x0 + z0+[[(UB, 0), (Const, -1)], [(UB, 1), (Const, -2)], [(LB, 0), (Const, 3)]]
Expexted(x)<= a0/\Expexted(z)>= b0/\Expexted(x**2)>= b1==>Expexted(x*y)<=x0**2/2 + x0*y0 - 3*x0/2 + z0/2+[[(LB, 0), (Const, -1/2)], [(LB, 1), (Const, -1/2)], [(UB, 0), (Const, 3/2)]]
Expexted(z)<= a0/\Expexted(x**2)<= a1/\Expexted(x)>= b0==>Expexted(x*y)>=x0**2/2 + x0*y0 - 3*x0/2 + z0/2+[[(UB, 0), (Const, -1/2)], [(UB, 1), (Const, -1/2)], [(LB, 0), (Const, 3/2)]]
Expexted(x)<= a0/\Expexted(x**2)>= b0/\Expexted(x*y)>= b1==>Expexted(z)<=x0**2 + 2*x0*y0 - 3*x0 + z0+[[(LB, 0), (Const, -1)], [(LB, 1), (Const, -2)], [(UB, 0), (Const, 3)]]
Expexted(x**2)<= a0/\Expexted(x*y)<= a1/\Expexted(x)>= b0==>Expexted(z)>=x0**2 + 2*x0*y0 - 3*x0 + z0+[[(UB, 0), (Const, -1)], [(UB, 1), (Const, -2)], [(LB, 0), (Const, 3)]]
Expexted((k - 2*y)**2)<= a0==>Expexted(k)<=-12*y0**2/25+[[(UB, 0), (Const, 3/25)]]
Expexted((k - 2*y)**2)>= b0==>Expexted(k)>=-12*y0**2/25+[[(LB, 0), (Const, 3/25)]]
Expexted(k)<= a0==>Expexted((k - 2*y)**2)<=4*y0**2+[[(UB, 0), (Const, 25/3)]]
Expexted(k)>= b0==>Expexted((k - 2*y)**2)>=4*y0**2+[[(LB, 0), (Const, 25/3)]]
Expexted((-k/2 + y)**2)<= a0==>Expexted(k)<=-12*y0**2/25+[[(UB, 0), (Const, 12/25)]]
Expexted((-k/2 + y)**2)>= b0==>Expexted(k)>=-12*y0**2/25+[[(LB, 0), (Const, 12/25)]]
Expexted(k)<= a0==>Expexted((-k/2 + y)**2)<=y0**2+[[(UB, 0), (Const, 25/12)]]
Expexted(k)>= b0==>Expexted((-k/2 + y)**2)>=y0**2+[[(LB, 0), (Const, 25/12)]]
Expexted(y)<= a0==>Expexted((k/2 + x)**2)<=x0**2 - y0/6+[[(UB, 0), (Const, 1/6)]]
Expexted(y)>= b0==>Expexted((k/2 + x)**2)>=x0**2 - y0/6+[[(LB, 0), (Const, 1/6)]]
Expexted((k/2 + x)**2)<= a0==>Expexted(y)<=-6*x0**2 + y0+[[(UB, 0), (Const, 6)]]
Expexted((k/2 + x)**2)>= b0==>Expexted(y)>=-6*x0**2 + y0+[[(LB, 0), (Const, 6)]]
Expexted(y)<= a0==>Expexted((k + 2*x)**2)<=4*x0**2 - 2*y0/3+[[(UB, 0), (Const, 2/3)]]
Expexted(y)>= b0==>Expexted((k + 2*x)**2)>=4*x0**2 - 2*y0/3+[[(LB, 0), (Const, 2/3)]]
Expexted((k + 2*x)**2)<= a0==>Expexted(y)<=-6*x0**2 + y0+[[(UB, 0), (Const, 3/2)]]
Expexted((k + 2*x)**2)>= b0==>Expexted(y)>=-6*x0**2 + y0+[[(LB, 0), (Const, 3/2)]]
Expexted(z)<= a0/\Expexted((x + y)**2)<= a1/\Expexted(y**2)>= b0==>Expexted(x)<=x0 + y0**2/3 - z0/3 - (x0 + y0)**2/3+[[(LB, 0), (Const, -1/3)], [(UB, 0), (Const, 1/3)], [(UB, 1), (Const, 1/3)]]
Expexted(y**2)<= a0/\Expexted(z)>= b0/\Expexted((x + y)**2)>= b1==>Expexted(x)>=x0 + y0**2/3 - z0/3 - (x0 + y0)**2/3+[[(UB, 0), (Const, -1/3)], [(LB, 0), (Const, 1/3)], [(LB, 1), (Const, 1/3)]]
Expexted(x)<= a0/\Expexted(y**2)<= a1/\Expexted(z)>= b0==>Expexted((x + y)**2)<=-3*x0 - y0**2 + z0 + (x0 + y0)**2+[[(LB, 0), (Const, -1)], [(UB, 0), (Const, 3)], [(UB, 1), (Const, 1)]]
Expexted(z)<= a0/\Expexted(x)>= b0/\Expexted(y**2)>= b1==>Expexted((x + y)**2)>=-3*x0 - y0**2 + z0 + (x0 + y0)**2+[[(UB, 0), (Const, -1)], [(LB, 0), (Const, 3)], [(LB, 1), (Const, 1)]]
Expexted(z)<= a0/\Expexted((x + y)**2)<= a1/\Expexted(x)>= b0==>Expexted(y**2)<=3*x0 + y0**2 - z0 - (x0 + y0)**2+[[(LB, 0), (Const, -3)], [(UB, 0), (Const, 1)], [(UB, 1), (Const, 1)]]
Expexted(x)<= a0/\Expexted(z)>= b0/\Expexted((x + y)**2)>= b1==>Expexted(y**2)>=3*x0 + y0**2 - z0 - (x0 + y0)**2+[[(UB, 0), (Const, -3)], [(LB, 0), (Const, 1)], [(LB, 1), (Const, 1)]]
Expexted(x)<= a0/\Expexted(y**2)<= a1/\Expexted((x + y)**2)>= b0==>Expexted(z)<=-3*x0 - y0**2 + z0 + (x0 + y0)**2+[[(LB, 0), (Const, -1)], [(UB, 0), (Const, 3)], [(UB, 1), (Const, 1)]]
Expexted((x + y)**2)<= a0/\Expexted(x)>= b0/\Expexted(y**2)>= b1==>Expexted(z)>=-3*x0 - y0**2 + z0 + (x0 + y0)**2+[[(UB, 0), (Const, -1)], [(LB, 0), (Const, 3)], [(LB, 1), (Const, 1)]]
New derivation: Expexted(x) >= -1
		using: x>= b0==>Expexted(x)>=0+[[(LB, 0)]]
- Unprocessed 217 -> 217
New derivation: Expexted(y) >= -6*x0**2 + y0
		using: Expexted((k/2 + x)**2)>= b0==>Expexted(y)>=-6*x0**2 + y0+[[(LB, 0), (Const, 6)]]
- Unprocessed 189 -> 190
New derivation: Expexted(k) >= -12*x0**2
		using: Expexted(y)>= b0==>Expexted(k)>=-2*y0+[[(LB, 0), (Const, 2)]]
- Unprocessed 189 -> 190
New derivation: Expexted(k) <= 2*x0 + 2
		using: Expexted(x)>= b0==>Expexted(k)<=2*x0+[[(LB, 0), (Const, -2)]]
- Unprocessed 182 -> 185
New derivation: Expexted(k*x) >= -2*x0 - 2
		using: Expexted(k)<= a0/\x>= b0/\k>= b1==>Expexted(k*x)>=0+[[(LB, 0), (UB, 0)]]
- Unprocessed 184 -> 184
New derivation: Expexted(x) <= 0
		using: x<= a0==>Expexted(x)<=0+[[(UB, 0)]]
- Unprocessed 180 -> 184
New derivation: Expexted(k) >= 2*x0
		using: Expexted(x)<= a0==>Expexted(k)>=2*x0+[[(UB, 0), (Const, -2)]]
- Unprocessed 180 -> 181
New derivation: Expexted(y) <= x0 + y0 + 1
		using: Expexted(k)<= a0==>Expexted(y)<=y0+[[(UB, 0), (Const, 1/2)]]
- Unprocessed 132 -> 135
New derivation: Expexted((k + 2*x)**2) <= 4*x0**2 + 2*x0/3 + 2/3
		using: Expexted(y)<= a0==>Expexted((k + 2*x)**2)<=4*x0**2 - 2*y0/3+[[(UB, 0), (Const, 2/3)]]
- Unprocessed 129 -> 130
New derivation: Expexted((k - 2*y)**2) >= 50*x0/3 + 4*y0**2
		using: Expexted(k)>= b0==>Expexted((k - 2*y)**2)>=4*y0**2+[[(LB, 0), (Const, 25/3)]]
- Unprocessed 124 -> 124
New derivation: Expexted((-k/2 + y)**2) <= 25*x0/6 + y0**2 + 25/6
		using: Expexted(k)<= a0==>Expexted((-k/2 + y)**2)<=y0**2+[[(UB, 0), (Const, 25/12)]]
- Unprocessed 123 -> 125
New derivation: Expexted(x**2) <= x0**2 + 13*x0/6 + 13/6
		using: Expexted(y)<= a0/\Expexted(k*x)>= b0/\Expexted(k**2)>= b1==>Expexted(x**2)<=x0**2 - y0/6+[[(LB, 0), (Const, -1)], [(LB, 1), (Const, -1/4)], [(UB, 0), (Const, 1/6)]]
- Unprocessed 122 -> 128
New derivation: Expexted(y) >= x0 + y0
		using: Expexted(k)>= b0==>Expexted(y)>=y0+[[(LB, 0), (Const, 1/2)]]
- Unprocessed 116 -> 119
New derivation: Expexted((k + 2*x)**2) >= 4*x0**2 + 2*x0/3
		using: Expexted(y)>= b0==>Expexted((k + 2*x)**2)>=4*x0**2 - 2*y0/3+[[(LB, 0), (Const, 2/3)]]
- Unprocessed 118 -> 119
New derivation: Expexted((k - 2*y)**2) <= 50*x0/3 + 4*y0**2 + 50/3
		using: Expexted(k)<= a0==>Expexted((k - 2*y)**2)<=4*y0**2+[[(UB, 0), (Const, 25/3)]]
- Unprocessed 110 -> 113
New derivation: Expexted((-k/2 + y)**2) >= 25*x0/6 + y0**2
		using: Expexted(k)>= b0==>Expexted((-k/2 + y)**2)>=y0**2+[[(LB, 0), (Const, 25/12)]]
- Unprocessed 109 -> 109
New derivation: Expexted(z) >= -23*x0/3 - y0**2 + z0 - 23/3
		using: Expexted(k)<= a0/\Expexted(y**2)>= b0==>Expexted(z)>=-y0**2 + z0+[[(UB, 0), (Const, -23/6)], [(LB, 0), (Const, 1)]]
- Unprocessed 96 -> 102
New derivation: Expexted((k/2 + x)**2) >= x0**2 + x0/6
		using: Expexted(y)>= b0==>Expexted((k/2 + x)**2)>=x0**2 - y0/6+[[(LB, 0), (Const, 1/6)]]
- Unprocessed 98 -> 99
New derivation: k**2 >= 1
		using: k>= b0/\k>= b1==>k**2>=0+[[(LB, 0), (LB, 1)]]
- Unprocessed 97 -> 98
New derivation: Expexted(k**2) >= 1
		using: k**2>= b0==>Expexted(k**2)>=0+[[(LB, 0)]]
- Unprocessed 97 -> 100
New derivation: Expexted(x*y) <= x0**2/2 + x0*y0 + 7*x0/3 + y0**2/2 + 23/6
		using: Expexted(x)<= a0/\Expexted(z)>= b0/\Expexted(x**2)>= b1==>Expexted(x*y)<=x0**2/2 + x0*y0 - 3*x0/2 + z0/2+[[(LB, 0), (Const, -1/2)], [(LB, 1), (Const, -1/2)], [(UB, 0), (Const, 3/2)]]
- Unprocessed 88 -> 90
New derivation: Expexted(k*y) >= -25*x0/6 - y0**2 - 47/12
		using: Expexted(k)<= a0/\Expexted(k**2)>= b0/\Expexted(y**2)>= b1==>Expexted(k*y)>=-y0**2+[[(UB, 0), (Const, -25/12)], [(LB, 0), (Const, 1/4)], [(LB, 1), (Const, 1)]]
- Unprocessed 81 -> 84
New derivation: x**2 <= 1
		using: x<= a0/\x>= b0/\x>= b1==>x**2<=0+[[(LB, 0), (LB, 1)]]
- Unprocessed 79 -> 79
New derivation: Expexted((k/2 + x)**2) <= x0**2 + x0/6 + 1/6
		using: Expexted(y)<= a0==>Expexted((k/2 + x)**2)<=x0**2 - y0/6+[[(UB, 0), (Const, 1/6)]]
- Unprocessed 70 -> 73
New derivation: Expexted(k**2) <= 8*x0**2 + 28*x0/3 + 8*sqrt(x0**2 + x0/6 + 1/6)*sqrt(x0**2 + 13*x0/6 + 13/6) + 28/3
		using: Expexted((k/2 + x)**2)<= a0/\Expexted(x**2)<= a1==>Expexted(k**2)<=0+[[(Const, 4), (UB, 0)], [(Const, 8), (Sqrt, (UB, 0)), (Sqrt, (UB, 1))], [(Const, 4), (UB, 1)]]
- Unprocessed 72 -> 76
New derivation: Expexted(k*x) <= x0**2 + x0/6 - 1/12
		using: Expexted(y)<= a0/\Expexted(x**2)>= b0/\Expexted(k**2)>= b1==>Expexted(k*x)<=x0**2 - y0/6+[[(LB, 0), (Const, -1)], [(LB, 1), (Const, -1/4)], [(UB, 0), (Const, 1/6)]]
- Unprocessed 63 -> 63
New derivation: Expexted(x**2) <= 1
		using: x**2<= a0==>Expexted(x**2)<=0+[[(UB, 0)]]
- Unprocessed 56 -> 61
New derivation: Expexted(k**2) <= 4*x0**2 + 2*x0/3 + 4*sqrt(4*x0**2 + 2*x0/3 + 2/3) + 14/3
		using: Expexted((k + 2*x)**2)<= a0/\Expexted(x**2)<= a1==>Expexted(k**2)<=0+[[(Const, 1), (UB, 0)], [(Const, 4), (Sqrt, (UB, 0)), (Sqrt, (UB, 1))], [(Const, 4), (UB, 1)]]
- Unprocessed 60 -> 64
New derivation: k*x <= 0
		using: x<= a0/\k>= b0==>k*x<=0+[[(LB, 0), (UB, 0)]]
- Unprocessed 53 -> 54
New derivation: Expexted(k*x) <= 0
		using: k*x<= a0==>Expexted(k*x)<=0+[[(UB, 0)]]
- Unprocessed 53 -> 53
New derivation: Expexted(k*x) >= -sqrt(4*x0**2 + 2*x0/3 + 2/3) - 13/6
		using: Expexted(x**2)<= a0/\Expexted(k**2)<= a1/\Expexted(y)>= b0==>Expexted(k*x)>=x0**2 - y0/6+[[(UB, 0), (Const, -1)], [(UB, 1), (Const, -1/4)], [(LB, 0), (Const, 1/6)]]
- Unprocessed 48 -> 50
New derivation: Expexted(k**2) >= 2*x0
		using: k>= b0/\k>= b1/\Expexted(k)>= b2==>Expexted(k**2)>=0+[[(LB, 0), (LB, 2)]]
- Unprocessed 32 -> 35
New derivation: Expexted(k*x) <= x0**2 - x0/3 + 1/6
		using: Expexted(y)<= a0/\Expexted(x**2)>= b0/\Expexted(k**2)>= b1==>Expexted(k*x)<=x0**2 - y0/6+[[(LB, 0), (Const, -1)], [(LB, 1), (Const, -1/4)], [(UB, 0), (Const, 1/6)]]
- Unprocessed 33 -> 34
New derivation: Expexted(y) <= 6*x0**2 - x0 + y0 + 6*sqrt(4*x0**2 + 2*x0/3 + 2/3) + 14
		using: Expexted(x**2)<= a0/\Expexted(k*x)<= a1/\Expexted(k**2)<= a2==>Expexted(y)<=-6*x0**2 + y0+[[(UB, 0), (Const, 6)], [(UB, 1), (Const, 6)], [(UB, 2), (Const, 3/2)]]
- Unprocessed 33 -> 43
New derivation: Expexted(k) <= 12*x0**2 - 2*x0 + 12*sqrt(4*x0**2 + 2*x0/3 + 2/3) + 28
		using: Expexted(y)<= a0==>Expexted(k)<=-2*y0+[[(UB, 0), (Const, 2)]]
- Unprocessed 40 -> 51
New derivation: Expexted(k*x) <= 2*x0**2 - 2*x0/3 + sqrt(4*x0**2 + 2*x0/3 + 2/3) + 7/3
		using: Expexted(y)<= a0/\Expexted(x**2)>= b0/\Expexted(k**2)>= b1==>Expexted(k*x)<=x0**2 - y0/6+[[(LB, 0), (Const, -1)], [(LB, 1), (Const, -1/4)], [(UB, 0), (Const, 1/6)]]
- Unprocessed 48 -> 49
New derivation: Expexted(k**2) >= 4*x0**2 + 2*x0/3 - 4
		using: Expexted(x**2)<= a0/\Expexted(k*x)<= a1/\Expexted(y)>= b0==>Expexted(k**2)>=4*x0**2 - 2*y0/3+[[(UB, 0), (Const, -4)], [(UB, 1), (Const, -4)], [(LB, 0), (Const, 2/3)]]
New derivation: Expexted(k**2) >= -4*x0**2 + 10*x0/3 - 4*sqrt(4*x0**2 + 2*x0/3 + 2/3) - 40/3
		using: Expexted(x**2)<= a0/\Expexted(k*x)<= a1/\Expexted(y)>= b0==>Expexted(k**2)>=4*x0**2 - 2*y0/3+[[(UB, 0), (Const, -4)], [(UB, 1), (Const, -4)], [(LB, 0), (Const, 2/3)]]
- Unprocessed 40 -> 42
New derivation: Expexted(y) >= -12*x0**2 + 5*x0 + y0 - 12*sqrt(4*x0**2 + 2*x0/3 + 2/3) - 33
		using: Expexted(x**2)>= b0/\Expexted(k*x)>= b1/\Expexted(k**2)>= b2==>Expexted(y)>=-6*x0**2 + y0+[[(LB, 0), (Const, 6)], [(LB, 1), (Const, 6)], [(LB, 2), (Const, 3/2)]]
- Unprocessed 33 -> 42
New derivation: Expexted(k*x) >= -2*x0**2 + 2*x0/3 - 3*sqrt(4*x0**2 + 2*x0/3 + 2/3) - 23/3
		using: Expexted(x**2)<= a0/\Expexted(k**2)<= a1/\Expexted(y)>= b0==>Expexted(k*x)>=x0**2 - y0/6+[[(UB, 0), (Const, -1)], [(UB, 1), (Const, -1/4)], [(LB, 0), (Const, 1/6)]]
- Unprocessed 40 -> 42
New derivation: Expexted(k) >= -24*x0**2 + 10*x0 - 24*sqrt(4*x0**2 + 2*x0/3 + 2/3) - 66
		using: Expexted(y)>= b0==>Expexted(k)>=-2*y0+[[(LB, 0), (Const, 2)]]
- Unprocessed 40 -> 51
New derivation: Expexted(x) <= 12*x0**2 - 4*x0 + 12*sqrt(4*x0**2 + 2*x0/3 + 2/3) + 33
		using: Expexted(k)>= b0==>Expexted(x)<=x0+[[(LB, 0), (Const, -1/2)]]
- Unprocessed 48 -> 61
New derivation: Expexted(y**2) >= -36*x0**2 + 22*x0/3 - (x0 + y0)**2 - 36*sqrt(4*x0**2 + 2*x0/3 + 2/3) - 320/3
		using: Expexted(x)<= a0/\Expexted(z)>= b0/\Expexted((x + y)**2)>= b1==>Expexted(y**2)>=3*x0 + y0**2 - z0 - (x0 + y0)**2+[[(UB, 0), (Const, -3)], [(LB, 0), (Const, 1)], [(LB, 1), (Const, 1)]]
- Unprocessed 58 -> 62
New derivation: Expexted(y**2) >= -92*x0**2 + 92*x0/3 - 92*sqrt(4*x0**2 + 2*x0/3 + 2/3) - 782/3
		using: Expexted(k)>= b0/\Expexted(z)>= b1==>Expexted(y**2)>=y0**2 - z0+[[(LB, 0), (Const, 23/6)], [(LB, 1), (Const, 1)]]
- Unprocessed 51 -> 54
New derivation: Expexted(z) >= -46*x0**2 + 23*x0/3 - y0**2 + z0 - 46*sqrt(4*x0**2 + 2*x0/3 + 2/3) - 322/3
		using: Expexted(k)<= a0/\Expexted(y**2)>= b0==>Expexted(z)>=-y0**2 + z0+[[(UB, 0), (Const, -23/6)], [(LB, 0), (Const, 1)]]
New derivation: Expexted(z) >= -82*x0**2 + 15*x0 - y0**2 + z0 - (x0 + y0)**2 - 82*sqrt(4*x0**2 + 2*x0/3 + 2/3) - 214
		using: Expexted(k)<= a0/\Expexted(y**2)>= b0==>Expexted(z)>=-y0**2 + z0+[[(UB, 0), (Const, -23/6)], [(LB, 0), (Const, 1)]]
New derivation: Expexted(z) >= -36*x0**2 - x0/3 - y0**2 + z0 - (x0 + y0)**2 - 36*sqrt(4*x0**2 + 2*x0/3 + 2/3) - 343/3
		using: Expexted(k)<= a0/\Expexted(y**2)>= b0==>Expexted(z)>=-y0**2 + z0+[[(UB, 0), (Const, -23/6)], [(LB, 0), (Const, 1)]]
- Unprocessed 41 -> 47
New derivation: Expexted(x*y) <= 83*x0**2/2 + x0*y0 - 9*x0 + y0**2/2 + (x0 + y0)**2/2 + 41*sqrt(4*x0**2 + 2*x0/3 + 2/3) + 107
		using: Expexted(x)<= a0/\Expexted(z)>= b0/\Expexted(x**2)>= b1==>Expexted(x*y)<=x0**2/2 + x0*y0 - 3*x0/2 + z0/2+[[(LB, 0), (Const, -1/2)], [(LB, 1), (Const, -1/2)], [(UB, 0), (Const, 3/2)]]
- Unprocessed 19 -> 22
New derivation: Expexted(k*y) >= -25*x0**2 + 25*x0/6 - y0**2 - 25*sqrt(4*x0**2 + 2*x0/3 + 2/3) - 697/12
		using: Expexted(k)<= a0/\Expexted(k**2)>= b0/\Expexted(y**2)>= b1==>Expexted(k*y)>=-y0**2+[[(UB, 0), (Const, -25/12)], [(LB, 0), (Const, 1/4)], [(LB, 1), (Const, 1)]]
New derivation: Expexted(k*y) >= -61*x0**2 + 23*x0/2 - y0**2 - (x0 + y0)**2 - 61*sqrt(4*x0**2 + 2*x0/3 + 2/3) - 659/4
		using: Expexted(k)<= a0/\Expexted(k**2)>= b0/\Expexted(y**2)>= b1==>Expexted(k*y)>=-y0**2+[[(UB, 0), (Const, -25/12)], [(LB, 0), (Const, 1/4)], [(LB, 1), (Const, 1)]]
New derivation: Expexted(k*y) >= x0**2 - 4*x0 - y0**2 - 31/6
		using: Expexted(k)<= a0/\Expexted(k**2)>= b0/\Expexted(y**2)>= b1==>Expexted(k*y)>=-y0**2+[[(UB, 0), (Const, -25/12)], [(LB, 0), (Const, 1/4)], [(LB, 1), (Const, 1)]]
New derivation: Expexted(k*y) >= -x0**2 - 10*x0/3 - y0**2 - sqrt(4*x0**2 + 2*x0/3 + 2/3) - 15/2
		using: Expexted(k)<= a0/\Expexted(k**2)>= b0/\Expexted(y**2)>= b1==>Expexted(k*y)>=-y0**2+[[(UB, 0), (Const, -25/12)], [(LB, 0), (Const, 1/4)], [(LB, 1), (Const, 1)]]
- Unprocessed 13 -> 15
New derivation: Expexted(k**2) <= 8*x0**2 - 2*x0/3 + 8*sqrt(4*x0**2 + 2*x0/3 + 2/3) + 18
		using: Expexted(y)<= a0/\Expexted(x**2)>= b0/\Expexted(k*x)>= b1==>Expexted(k**2)<=4*x0**2 - 2*y0/3+[[(LB, 0), (Const, -4)], [(LB, 1), (Const, -4)], [(UB, 0), (Const, 2/3)]]
New derivation: Expexted(k**2) <= 4*x0**2 + 26*x0/3 + 26/3
		using: Expexted(y)<= a0/\Expexted(x**2)>= b0/\Expexted(k*x)>= b1==>Expexted(k**2)<=4*x0**2 - 2*y0/3+[[(LB, 0), (Const, -4)], [(LB, 1), (Const, -4)], [(UB, 0), (Const, 2/3)]]
- Unprocessed 9 -> 18
New derivation: Expexted(y**2) <= x0**2 + 19*x0/3 + y0**2 + sqrt(50*x0/3 + 4*y0**2 + 50/3)*sqrt(4*x0**2 + 26*x0/3 + 26/3)/2 + 19/3
		using: Expexted((k - 2*y)**2)<= a0/\Expexted(k**2)<= a1==>Expexted(y**2)<=0+[[(Const, 1/4), (UB, 0)], [(Const, 1/2), (Sqrt, (UB, 0)), (Sqrt, (UB, 1))], [(Const, 1/4), (UB, 1)]]
- Unprocessed 17 -> 26
New derivation: Expexted(z) <= x0**2 - 4*x0/3 + z0 + sqrt(50*x0/3 + 4*y0**2 + 50/3)*sqrt(4*x0**2 + 26*x0/3 + 26/3)/2 + 19/3
		using: Expexted(y**2)<= a0/\Expexted(k)>= b0==>Expexted(z)<=-y0**2 + z0+[[(LB, 0), (Const, -23/6)], [(UB, 0), (Const, 1)]]
New derivation: Expexted(z) <= 93*x0**2 - 32*x0 + z0 + sqrt(50*x0/3 + 4*y0**2 + 50/3)*sqrt(4*x0**2 + 26*x0/3 + 26/3)/2 + 92*sqrt(4*x0**2 + 2*x0/3 + 2/3) + 778/3
		using: Expexted(y**2)<= a0/\Expexted(k)>= b0==>Expexted(z)<=-y0**2 + z0+[[(LB, 0), (Const, -23/6)], [(UB, 0), (Const, 1)]]
- Unprocessed 25 -> 32
New derivation: Expexted(x*y) >= -46*x0**2 + x0*y0 + 29*x0/2 - sqrt(50*x0/3 + 4*y0**2 + 50/3)*sqrt(4*x0**2 + 26*x0/3 + 26/3)/4 - 46*sqrt(4*x0**2 + 2*x0/3 + 2/3) - 395/3
		using: Expexted(z)<= a0/\Expexted(x**2)<= a1/\Expexted(x)>= b0==>Expexted(x*y)>=x0**2/2 + x0*y0 - 3*x0/2 + z0/2+[[(UB, 0), (Const, -1/2)], [(UB, 1), (Const, -1/2)], [(LB, 0), (Const, 3/2)]]
New derivation: Expexted(x*y) >= x0*y0 - 5*x0/6 - sqrt(50*x0/3 + 4*y0**2 + 50/3)*sqrt(4*x0**2 + 26*x0/3 + 26/3)/4 - 31/6
		using: Expexted(z)<= a0/\Expexted(x**2)<= a1/\Expexted(x)>= b0==>Expexted(x*y)>=x0**2/2 + x0*y0 - 3*x0/2 + z0/2+[[(UB, 0), (Const, -1/2)], [(UB, 1), (Const, -1/2)], [(LB, 0), (Const, 3/2)]]
- Unprocessed 29 -> 32
New derivation: Expexted(x) <= 31*x0**2 - 73*x0/9 + y0**2/3 + sqrt(50*x0/3 + 4*y0**2 + 50/3)*sqrt(4*x0**2 + 26*x0/3 + 26/3)/6 + 92*sqrt(4*x0**2 + 2*x0/3 + 2/3)/3 + 268/3
		using: Expexted(z)<= a0/\Expexted(x**2)<= a1/\Expexted(x*y)<= a2==>Expexted(x)<=-x0**2/3 - 2*x0*y0/3 + x0 - z0/3+[[(UB, 0), (Const, 1/3)], [(UB, 1), (Const, 1/3)], [(UB, 2), (Const, 2/3)]]
New derivation: Expexted(x) <= 175*x0**2/3 - 47*x0/3 + y0**2/3 + (x0 + y0)**2/3 + sqrt(50*x0/3 + 4*y0**2 + 50/3)*sqrt(4*x0**2 + 26*x0/3 + 26/3)/6 + 58*sqrt(4*x0**2 + 2*x0/3 + 2/3) + 1423/9
		using: Expexted(z)<= a0/\Expexted(x**2)<= a1/\Expexted(x*y)<= a2==>Expexted(x)<=-x0**2/3 - 2*x0*y0/3 + x0 - z0/3+[[(UB, 0), (Const, 1/3)], [(UB, 1), (Const, 1/3)], [(UB, 2), (Const, 2/3)]]
- Unprocessed 31 -> 40
New derivation: Expexted(y**2) >= -257*x0**2 + 65*x0 - y0**2 - 3*(x0 + y0)**2 - sqrt(50*x0/3 + 4*y0**2 + 50/3)*sqrt(4*x0**2 + 26*x0/3 + 26/3)/2 - 256*sqrt(4*x0**2 + 2*x0/3 + 2/3) - 2065/3
		using: Expexted(x)<= a0/\Expexted(z)>= b0/\Expexted((x + y)**2)>= b1==>Expexted(y**2)>=3*x0 + y0**2 - z0 - (x0 + y0)**2+[[(UB, 0), (Const, -3)], [(LB, 0), (Const, 1)], [(LB, 1), (Const, 1)]]
- Unprocessed 37 -> 43
New derivation: Expexted(y**2) <= 139*x0**2 - 119*x0/3 + y0**2 + sqrt(50*x0/3 + 4*y0**2 + 50/3)*sqrt(4*x0**2 + 26*x0/3 + 26/3)/2 + 138*sqrt(4*x0**2 + 2*x0/3 + 2/3) + 1100/3
		using: Expexted(k)<= a0/\Expexted(z)<= a1==>Expexted(y**2)<=y0**2 - z0+[[(UB, 0), (Const, 23/6)], [(UB, 1), (Const, 1)]]
- Unprocessed 39 -> 41
New derivation: Expexted(x) >= -83*x0**2/3 + 49*x0/9 - y0**2/3 - (x0 + y0)**2/3 - sqrt(50*x0/3 + 4*y0**2 + 50/3)*sqrt(4*x0**2 + 26*x0/3 + 26/3)/6 - 82*sqrt(4*x0**2 + 2*x0/3 + 2/3)/3 - 673/9
		using: Expexted(z)>= b0/\Expexted(x**2)>= b1/\Expexted(x*y)>= b2==>Expexted(x)>=-x0**2/3 - 2*x0*y0/3 + x0 - z0/3+[[(LB, 0), (Const, 1/3)], [(LB, 1), (Const, 1/3)], [(LB, 2), (Const, 2/3)]]
New derivation: Expexted(x) >= -47*x0**2/3 + 3*x0 - y0**2/3 - sqrt(50*x0/3 + 4*y0**2 + 50/3)*sqrt(4*x0**2 + 26*x0/3 + 26/3)/6 - 46*sqrt(4*x0**2 + 2*x0/3 + 2/3)/3 - 353/9
		using: Expexted(z)>= b0/\Expexted(x**2)>= b1/\Expexted(x*y)>= b2==>Expexted(x)>=-x0**2/3 - 2*x0*y0/3 + x0 - z0/3+[[(LB, 0), (Const, 1/3)], [(LB, 1), (Const, 1/3)], [(LB, 2), (Const, 2/3)]]
- Unprocessed 39 -> 46
New derivation: Expexted(z) >= -165*x0**2 + 94*x0/3 - 2*y0**2 + z0 - 2*(x0 + y0)**2 - sqrt(50*x0/3 + 4*y0**2 + 50/3)*sqrt(4*x0**2 + 26*x0/3 + 26/3)/2 - 164*sqrt(4*x0**2 + 2*x0/3 + 2/3) - 1318/3
		using: Expexted(x**2)<= a0/\Expexted(x*y)<= a1/\Expexted(x)>= b0==>Expexted(z)>=x0**2 + 2*x0*y0 - 3*x0 + z0+[[(UB, 0), (Const, -1)], [(UB, 1), (Const, -2)], [(LB, 0), (Const, 3)]]
- Unprocessed 42 -> 46
New derivation: Expexted(k*y) <= 2*x0**2 + 13*x0/3 + sqrt(50*x0/3 + 4*y0**2 + 50/3)*sqrt(4*x0**2 + 26*x0/3 + 26/3)/2 + 17/2
		using: Expexted(k**2)<= a0/\Expexted(y**2)<= a1/\Expexted(k)>= b0==>Expexted(k*y)<=-y0**2+[[(LB, 0), (Const, -25/12)], [(UB, 0), (Const, 1/4)], [(UB, 1), (Const, 1)]]
New derivation: Expexted(k*y) <= 140*x0**2 - 125*x0/3 + sqrt(50*x0/3 + 4*y0**2 + 50/3)*sqrt(4*x0**2 + 26*x0/3 + 26/3)/2 + 138*sqrt(4*x0**2 + 2*x0/3 + 2/3) + 2213/6
		using: Expexted(k**2)<= a0/\Expexted(y**2)<= a1/\Expexted(k)>= b0==>Expexted(k*y)<=-y0**2+[[(LB, 0), (Const, -25/12)], [(UB, 0), (Const, 1/4)], [(UB, 1), (Const, 1)]]
New derivation: Expexted(k*y) <= 3*x0**2 + 2*x0 + sqrt(50*x0/3 + 4*y0**2 + 50/3)*sqrt(4*x0**2 + 26*x0/3 + 26/3)/2 + 2*sqrt(4*x0**2 + 2*x0/3 + 2/3) + 65/6
		using: Expexted(k**2)<= a0/\Expexted(y**2)<= a1/\Expexted(k)>= b0==>Expexted(k*y)<=-y0**2+[[(LB, 0), (Const, -25/12)], [(UB, 0), (Const, 1/4)], [(UB, 1), (Const, 1)]]
- Unprocessed 42 -> 44
New derivation: Expexted(x*y) >= -175*x0**2/2 + x0*y0 + 68*x0/3 - y0**2/2 - (x0 + y0)**2/2 - sqrt(50*x0/3 + 4*y0**2 + 50/3)*sqrt(4*x0**2 + 26*x0/3 + 26/3)/2 - 87*sqrt(4*x0**2 + 2*x0/3 + 2/3) - 727/3
		using: Expexted(z)<= a0/\Expexted(x**2)<= a1/\Expexted(x)>= b0==>Expexted(x*y)>=x0**2/2 + x0*y0 - 3*x0/2 + z0/2+[[(UB, 0), (Const, -1/2)], [(UB, 1), (Const, -1/2)], [(LB, 0), (Const, 3/2)]]
New derivation: Expexted(x*y) >= -139*x0**2/2 + x0*y0 + 19*x0 - y0**2/2 - sqrt(50*x0/3 + 4*y0**2 + 50/3)*sqrt(4*x0**2 + 26*x0/3 + 26/3)/2 - 69*sqrt(4*x0**2 + 2*x0/3 + 2/3) - 189
		using: Expexted(z)<= a0/\Expexted(x**2)<= a1/\Expexted(x)>= b0==>Expexted(x*y)>=x0**2/2 + x0*y0 - 3*x0/2 + z0/2+[[(UB, 0), (Const, -1/2)], [(UB, 1), (Const, -1/2)], [(LB, 0), (Const, 3/2)]]
- Unprocessed 30 -> 31
New derivation: Expexted(k) <= 1110*x0**2/23 - 284*x0/23 + 6*y0**2/23 + 3*sqrt(50*x0/3 + 4*y0**2 + 50/3)*sqrt(4*x0**2 + 26*x0/3 + 26/3)/23 + 48*sqrt(4*x0**2 + 2*x0/3 + 2/3) + 2844/23
		using: Expexted(y**2)<= a0/\Expexted(z)>= b0==>Expexted(k)<=-6*y0**2/23 + 6*z0/23+[[(LB, 0), (Const, -6/23)], [(UB, 0), (Const, 6/23)]]
New derivation: Expexted(k) <= 498*x0**2/23 - 52*x0/23 + 6*y0**2/23 + 6*(x0 + y0)**2/23 + 3*sqrt(50*x0/3 + 4*y0**2 + 50/3)*sqrt(4*x0**2 + 26*x0/3 + 26/3)/23 + 492*sqrt(4*x0**2 + 2*x0/3 + 2/3)/23 + 1322/23
		using: Expexted(y**2)<= a0/\Expexted(z)>= b0==>Expexted(k)<=-6*y0**2/23 + 6*z0/23+[[(LB, 0), (Const, -6/23)], [(UB, 0), (Const, 6/23)]]
New derivation: Expexted(k) <= 222*x0**2/23 + 40*x0/23 + 6*y0**2/23 + 6*(x0 + y0)**2/23 + 3*sqrt(50*x0/3 + 4*y0**2 + 50/3)*sqrt(4*x0**2 + 26*x0/3 + 26/3)/23 + 216*sqrt(4*x0**2 + 2*x0/3 + 2/3)/23 + 724/23
		using: Expexted(y**2)<= a0/\Expexted(z)>= b0==>Expexted(k)<=-6*y0**2/23 + 6*z0/23+[[(LB, 0), (Const, -6/23)], [(UB, 0), (Const, 6/23)]]
- Unprocessed 30 -> 41
New derivation: Expexted(y**2) <= 176*x0**2 - 122*x0/3 + 2*y0**2 + (x0 + y0)**2 + sqrt(50*x0/3 + 4*y0**2 + 50/3)*sqrt(4*x0**2 + 26*x0/3 + 26/3) + 174*sqrt(4*x0**2 + 2*x0/3 + 2/3) + 1439/3
		using: Expexted(k)<= a0/\Expexted(z)<= a1==>Expexted(y**2)<=y0**2 - z0+[[(UB, 0), (Const, 23/6)], [(UB, 1), (Const, 1)]]
New derivation: Expexted(y**2) <= 38*x0**2 + 16*x0/3 + 2*y0**2 + (x0 + y0)**2 + sqrt(50*x0/3 + 4*y0**2 + 50/3)*sqrt(4*x0**2 + 26*x0/3 + 26/3) + 36*sqrt(4*x0**2 + 2*x0/3 + 2/3) + 127
		using: Expexted(k)<= a0/\Expexted(z)<= a1==>Expexted(y**2)<=y0**2 - z0+[[(UB, 0), (Const, 23/6)], [(UB, 1), (Const, 1)]]
- Unprocessed 37 -> 44
New derivation: Expexted(k*y) <= 177*x0**2 - 128*x0/3 + y0**2 + (x0 + y0)**2 + sqrt(50*x0/3 + 4*y0**2 + 50/3)*sqrt(4*x0**2 + 26*x0/3 + 26/3) + 174*sqrt(4*x0**2 + 2*x0/3 + 2/3) + 2891/6
		using: Expexted(k**2)<= a0/\Expexted(y**2)<= a1/\Expexted(k)>= b0==>Expexted(k*y)<=-y0**2+[[(LB, 0), (Const, -25/12)], [(UB, 0), (Const, 1/4)], [(UB, 1), (Const, 1)]]
New derivation: Expexted(k*y) <= 40*x0**2 + x0 + y0**2 + (x0 + y0)**2 + sqrt(50*x0/3 + 4*y0**2 + 50/3)*sqrt(4*x0**2 + 26*x0/3 + 26/3) + 38*sqrt(4*x0**2 + 2*x0/3 + 2/3) + 263/2
		using: Expexted(k**2)<= a0/\Expexted(y**2)<= a1/\Expexted(k)>= b0==>Expexted(k*y)<=-y0**2+[[(LB, 0), (Const, -25/12)], [(UB, 0), (Const, 1/4)], [(UB, 1), (Const, 1)]]
- Unprocessed 41 -> 42
New derivation: Expexted(z) <= 38*x0**2 - 7*x0/3 + y0**2 + z0 + (x0 + y0)**2 + sqrt(50*x0/3 + 4*y0**2 + 50/3)*sqrt(4*x0**2 + 26*x0/3 + 26/3) + 36*sqrt(4*x0**2 + 2*x0/3 + 2/3) + 127
		using: Expexted(y**2)<= a0/\Expexted(k)>= b0==>Expexted(z)<=-y0**2 + z0+[[(LB, 0), (Const, -23/6)], [(UB, 0), (Const, 1)]]
- Unprocessed 34 -> 39
New derivation: Expexted(x*y) >= -37*x0**2/2 + x0*y0 - x0/3 - y0**2/2 - (x0 + y0)**2/2 - sqrt(50*x0/3 + 4*y0**2 + 50/3)*sqrt(4*x0**2 + 26*x0/3 + 26/3)/2 - 18*sqrt(4*x0**2 + 2*x0/3 + 2/3) - 131/2
		using: Expexted(z)<= a0/\Expexted(x**2)<= a1/\Expexted(x)>= b0==>Expexted(x*y)>=x0**2/2 + x0*y0 - 3*x0/2 + z0/2+[[(UB, 0), (Const, -1/2)], [(UB, 1), (Const, -1/2)], [(LB, 0), (Const, 3/2)]]
- Unprocessed 34 -> 35
New derivation: Expexted(x**2) >= -121*x0**2 + 11*x0 - 3*y0**2 - 2*(x0 + y0)**2 - 3*sqrt(50*x0/3 + 4*y0**2 + 50/3)*sqrt(4*x0**2 + 26*x0/3 + 26/3)/2 - 118*sqrt(4*x0**2 + 2*x0/3 + 2/3) - 359
		using: Expexted(z)<= a0/\Expexted(x*y)<= a1/\Expexted(x)>= b0==>Expexted(x**2)>=x0**2 + 2*x0*y0 - 3*x0 + z0+[[(UB, 0), (Const, -1)], [(UB, 1), (Const, -2)], [(LB, 0), (Const, 3)]]
New derivation: Expexted(x**2) >= -140*x0**2 + 100*x0/3 - 2*y0**2 - sqrt(50*x0/3 + 4*y0**2 + 50/3)*sqrt(4*x0**2 + 26*x0/3 + 26/3) - 138*sqrt(4*x0**2 + 2*x0/3 + 2/3) - 1154/3
		using: Expexted(z)<= a0/\Expexted(x*y)<= a1/\Expexted(x)>= b0==>Expexted(x**2)>=x0**2 + 2*x0*y0 - 3*x0 + z0+[[(UB, 0), (Const, -1)], [(UB, 1), (Const, -2)], [(LB, 0), (Const, 3)]]
- Unprocessed 32 -> 36
New derivation: Expexted(k*x) <= 122*x0**2 - 65*x0/6 + 3*y0**2 + 2*(x0 + y0)**2 + 3*sqrt(50*x0/3 + 4*y0**2 + 50/3)*sqrt(4*x0**2 + 26*x0/3 + 26/3)/2 + 118*sqrt(4*x0**2 + 2*x0/3 + 2/3) + 4307/12
		using: Expexted(y)<= a0/\Expexted(x**2)>= b0/\Expexted(k**2)>= b1==>Expexted(k*x)<=x0**2 - y0/6+[[(LB, 0), (Const, -1)], [(LB, 1), (Const, -1/4)], [(UB, 0), (Const, 1/6)]]
New derivation: Expexted(k*x) <= 141*x0**2 - 199*x0/6 + 2*y0**2 + sqrt(50*x0/3 + 4*y0**2 + 50/3)*sqrt(4*x0**2 + 26*x0/3 + 26/3) + 138*sqrt(4*x0**2 + 2*x0/3 + 2/3) + 4615/12
		using: Expexted(y)<= a0/\Expexted(x**2)>= b0/\Expexted(k**2)>= b1==>Expexted(k*x)<=x0**2 - y0/6+[[(LB, 0), (Const, -1)], [(LB, 1), (Const, -1/4)], [(UB, 0), (Const, 1/6)]]
- Unprocessed 35 -> 37
New derivation: Expexted(y) <= 732*x0**2 - 52*x0 + 18*y0**2 + y0 + 12*(x0 + y0)**2 + 9*sqrt(50*x0/3 + 4*y0**2 + 50/3)*sqrt(4*x0**2 + 26*x0/3 + 26/3) + 708*sqrt(4*x0**2 + 2*x0/3 + 2/3) + 4345/2
		using: Expexted(x**2)<= a0/\Expexted(k*x)<= a1/\Expexted(k**2)<= a2==>Expexted(y)<=-6*x0**2 + y0+[[(UB, 0), (Const, 6)], [(UB, 1), (Const, 6)], [(UB, 2), (Const, 3/2)]]
New derivation: Expexted(y) <= 846*x0**2 - 186*x0 + 12*y0**2 + y0 + 6*sqrt(50*x0/3 + 4*y0**2 + 50/3)*sqrt(4*x0**2 + 26*x0/3 + 26/3) + 828*sqrt(4*x0**2 + 2*x0/3 + 2/3) + 4653/2
		using: Expexted(x**2)<= a0/\Expexted(k*x)<= a1/\Expexted(k**2)<= a2==>Expexted(y)<=-6*x0**2 + y0+[[(UB, 0), (Const, 6)], [(UB, 1), (Const, 6)], [(UB, 2), (Const, 3/2)]]
- Unprocessed 36 -> 46
         367128928 function calls (342335836 primitive calls) in 101.449 seconds

   Ordered by: cumulative time

   ncalls  tottime  percall  cumtime  percall filename:lineno(function)
   6560/1    0.116    0.000  101.652  101.652 {built-in method builtins.exec}
        1    0.000    0.000  101.652  101.652 poc_ost_running.py:1(<module>)
        1    0.002    0.002  100.424  100.424 saturation_based_bound_computation.py:27(compute_bounds_saturation)
        1    0.001    0.001   84.319   84.319 saturation_algorithm.py:8(saturate)
      425    0.006    0.000   84.318    0.198 rule.py:67(fire)
11319/11279    0.095    0.000   80.782    0.007 simplify.py:420(simplify)
     1323    0.006    0.000   78.865    0.060 value_node.py:155(_is_smaller)
     2906    0.007    0.000   78.484    0.027 basic.py:1850(simplify)
      415    0.001    0.000   42.920    0.103 value_node.py:72(add_lb)
      505    0.001    0.000   40.789    0.081 value_node.py:43(add_ub)
      412    0.003    0.000   39.878    0.097 value_node.py:136(_is_new_lower_bound)
      302    0.003    0.000   36.794    0.122 value_node.py:92(_is_new_upper_bound)
     6779    0.060    0.000   28.324    0.004 polytools.py:6801(cancel)
    27098    0.132    0.000   25.912    0.001 exprtools.py:980(gcd_terms)
11400582/10053881    4.715    0.000   25.375    0.000 cache.py:69(wrapper)
    27098    0.337    0.000   25.193    0.001 exprtools.py:915(_gcd_terms)
    12037    0.013    0.000   24.050    0.002 exprtools.py:1156(factor_terms)
290320/12037    0.515    0.000   24.031    0.002 exprtools.py:1217(do)
6311973/5428468    4.775    0.000   20.734    0.000 sympify.py:99(sympify)
  1147508    1.983    0.000   18.967    0.000 exprtools.py:289(__init__)
  3085985    0.718    0.000   17.687    0.000 sympify.py:500(_sympify)
  2188323    0.937    0.000   16.404    0.000 numbers.py:2249(__eq__)
  1892148    0.683    0.000   15.927    0.000 numbers.py:1878(__eq__)
358125/6874    2.228    0.000   13.822    0.002 powsimp.py:18(powsimp)
351251/28173    0.352    0.000   13.114    0.000 powsimp.py:103(recurse)
       10    0.024    0.002   12.413    1.241 expectation_map.py:184(get_expectation_maps)
  1147508    0.616    0.000   11.741    0.000 containers.py:332(<lambda>)
   128510    0.066    0.000   11.388    0.000 exprtools.py:867(quo)
  1147738    2.363    0.000   11.026    0.000 containers.py:255(__new__)
   128510    0.215    0.000   10.745    0.000 exprtools.py:855(mul)
34330/9465    0.103    0.000    9.542    0.001 simplify.py:349(signsimp)
171650/148447    0.723    0.000    9.065    0.000 operations.py:52(__new__)
     2262    0.005    0.000    9.053    0.004 expr.py:3788(cancel)
     4516    0.004    0.000    8.579    0.002 rationaltools.py:10(together)
143088/4516    0.091    0.000    8.573    0.002 rationaltools.py:63(_together)
    20363    1.404    0.000    7.939    0.000 function.py:3077(count_ops)
4626468/3127054    0.627    0.000    7.880    0.000 assumptions.py:497(getit)
     9370    0.002    0.000    7.440    0.001 expectation_map.py:109(_get_axis_cut_solutions_v3)
70047/9370    0.097    0.000    7.437    0.001 expectation_map.py:85(_get_axis_cut_solutions_v3_recurse)
2401570/1810204    2.305    0.000    7.267    0.000 sorting.py:202(ordered)
70557/15445    1.204    0.000    7.044    0.000 assumptions.py:509(_ask)
    15810    0.007    0.000    6.884    0.000 simplify.py:575(shorter)
117148/115119    0.032    0.000    6.858    0.000 {built-in method builtins.min}
   506352    0.389    0.000    6.670    0.000 exprtools.py:810(__init__)
   292643    0.334    0.000    6.436    0.000 exprtools.py:453(mul)
120616/120310    0.244    0.000    5.859    0.000 basic.py:1411(replace)
      133    0.005    0.000    5.732    0.043 __init__.py:1(<module>)
1047207/1046113    0.550    0.000    5.666    0.000 decorators.py:224(_func)
     6778    0.078    0.000    5.661    0.001 rings.py:128(sring)
    12429    0.040    0.000    5.561    0.000 polyutils.py:323(_parallel_dict_from_expr)
83776/83610    0.356    0.000    5.119    0.000 basic.py:838(subs)
4354085/4155189    2.823    0.000    5.093    0.000 basic.py:386(__eq__)
56778143/55891845    4.669    0.000    5.080    0.000 {built-in method builtins.isinstance}
   128510    0.214    0.000    4.908    0.000 exprtools.py:486(normal)
     7728    0.250    0.000    4.658    0.001 solvers.py:368(solve)
    29415    0.092    0.000    4.651    0.000 cse_opts.py:10(sub_pre)
2059987/2030541    0.561    0.000    4.447    0.000 {built-in method builtins.sorted}
8351/8333    0.069    0.000    4.426    0.001 expr.py:3629(expand)
     1447    0.056    0.000    4.339    0.003 initial_value_provider.py:16(is_nonnegative)
1424700/39402    1.489    0.000    4.326    0.000 expr.py:3599(_expand_hint)
78996/72605    0.864    0.000    4.298    0.000 mul.py:197(flatten)
1046256/1044898    0.390    0.000    4.269    0.000 decorators.py:99(binary_op_wrapper)
1370962/971043    0.578    0.000    4.231    0.000 decorators.py:58(__sympifyit_wrapper)
47326/30752    0.208    0.000    4.151    0.000 add.py:1182(as_content_primitive)
56337/43081    0.320    0.000    4.001    0.000 add.py:569(as_numer_denom)
1402950/120310    0.711    0.000    3.896    0.000 basic.py:1635(walk)
40860/40859    0.656    0.000    3.763    0.000 add.py:184(flatten)
    12746    0.223    0.000    3.504    0.000 polyutils.py:231(_parallel_dict_from_expr_no_gens)
377117/377112    0.924    0.000    3.416    0.000 radsimp.py:1043(fraction)
1255592/1245826    0.814    0.000    3.362    0.000 numbers.py:2211(__mul__)
      832    0.013    0.000    3.359    0.004 value_node.py:108(_monoms_similar)
  2586054    0.395    0.000    3.193    0.000 traversal.py:162(__next__)
206900/134599    0.425    0.000    3.141    0.000 mul.py:2046(as_content_primitive)
55394/21564    0.304    0.000    3.099    0.000 expectation_map.py:74(_propagate_value)
453655/216124    0.726    0.000    3.010    0.000 sorting.py:10(default_sort_key)
1174614/1163910    0.417    0.000    2.869    0.000 mul.py:2122(_keep_coeff)
   113306    0.582    0.000    2.861    0.000 add.py:1102(primitive)
1402950/1401990    0.314    0.000    2.828    0.000 basic.py:1656(rec_replace)
2588482/2561384    0.408    0.000    2.817    0.000 {built-in method builtins.next}
1392242/327455    0.284    0.000    2.758    0.000 {built-in method builtins.sum}
37559/37555    0.033    0.000    2.678    0.000 _print_helpers.py:27(__str__)
9894/7718    0.043    0.000    2.656    0.000 solvers.py:1291(_solve)
37559/37555    0.026    0.000    2.645    0.000 printer.py:371(__call__)
   101412    0.109    0.000    2.631    0.000 exprtools.py:878(gcd)
37559/37555    0.024    0.000    2.619    0.000 str.py:980(sstr)
    12746    0.020    0.000    2.515    0.000 polyutils.py:62(_sort_gens)
37559/37555    0.019    0.000    2.510    0.000 printer.py:290(doprint)
152727/37555    0.198    0.000    2.491    0.000 printer.py:294(_print)
   518012    0.425    0.000    2.488    0.000 mul.py:182(__neg__)
    29668    0.052    0.000    2.457    0.000 polyutils.py:74(order_key)
10105639/2586054    1.940    0.000    2.391    0.000 traversal.py:119(_preorder_traversal)
6348/6203    0.038    0.000    2.348    0.000 str.py:51(_print_Add)
 14258268    1.853    0.000    2.338    0.000 {built-in method builtins.getattr}
8344/7167    0.015    0.000    2.337    0.000 exprtools.py:32(_monotonic_sign)
10982/10970    0.050    0.000    2.276    0.000 expr.py:1113(as_ordered_terms)
48600/8198    0.041    0.000    2.258    0.000 basic.py:1045(_subs)
26837/10049    0.051    0.000    2.224    0.000 str.py:607(_print_Pow)
    79595    0.322    0.000    2.214    0.000 basic.py:485(atoms)
492220/242392    0.627    0.000    2.196    0.000 sorting.py:179(_nodes)
62228/2267    0.045    0.000    2.182    0.001 traversal.py:228(bottom_up)
32481/7771    0.076    0.000    2.174    0.000 basic.py:1117(fallback)
   202824    0.142    0.000    2.168    0.000 exprtools.py:718(gcd)
181188/120773    0.318    0.000    2.166    0.000 power.py:1888(as_content_primitive)
442687/441179    0.261    0.000    2.095    0.000 numbers.py:1745(__mul__)
129744/93696    0.248    0.000    2.064    0.000 mul.py:1230(as_numer_denom)
10976/10964    0.205    0.000    2.037    0.000 expr.py:1167(as_terms)
2842878/2690861    0.663    0.000    2.011    0.000 {built-in method builtins.all}
14998318/14074156    1.546    0.000    2.001    0.000 basic.py:189(__hash__)
445194/445115    0.443    0.000    1.963    0.000 containers.py:52(__new__)
325419/325416    0.166    0.000    1.921    0.000 {method 'sort' of 'list' objects}
    78347    0.761    0.000    1.906    0.000 facts.py:599(deduce_all_facts)
604178/604152    0.180    0.000    1.845    0.000 expr.py:215(__mul__)
    25646    0.013    0.000    1.842    0.000 simplify.py:642(<lambda>)
1171937/1117727    0.487    0.000    1.835    0.000 {built-in method builtins.any}
    25646    0.034    0.000    1.826    0.000 expr.py:2183(normal)
  8423969    1.297    0.000    1.825    0.000 numbers.py:2295(__hash__)
     8816    0.079    0.000    1.788    0.000 solvers.py:1999(solve_linear)
14481/14102    0.017    0.000    1.769    0.000 add.py:737(_eval_is_odd)
     4183    0.010    0.000    1.768    0.000 polytools.py:162(__new__)
  1113521    0.825    0.000    1.734    0.000 operations.py:108(_from_args)
14552/12071    0.042    0.000    1.727    0.000 add.py:857(_eval_is_extended_negative)
    83915    0.130    0.000    1.679    0.000 mul.py:916(_eval_expand_mul)
     3874    0.005    0.000    1.633    0.000 polytools.py:308(_from_expr)
    86236    0.024    0.000    1.575    0.000 add.py:36(_addsort)
650349/368121    0.917    0.000    1.570    0.000 basic.py:240(compare)
396548/396537    0.179    0.000    1.565    0.000 numbers.py:738(__mul__)
   182987    0.524    0.000    1.548    0.000 basic.py:2109(_aresame)
171129/165780    0.492    0.000    1.497    0.000 <frozen importlib._bootstrap>:1390(_handle_fromlist)
    52930    0.074    0.000    1.495    0.000 expr.py:353(__complex__)
   119985    0.110    0.000    1.493    0.000 exprtools.py:852(as_expr)
    58557    0.023    0.000    1.488    0.000 basic.py:984(sympify_new)
249085/249069    0.153    0.000    1.476    0.000 expr.py:252(__truediv__)
 16275096    1.463    0.000    1.472    0.000 {method 'get' of 'dict' objects}
     4177    0.062    0.000    1.450    0.000 sympy_parser.py:914(parse_expr)
14673/12118    0.041    0.000    1.410    0.000 add.py:773(_eval_is_extended_positive)
1374633/906694    0.892    0.000    1.406    0.000 basic.py:564(free_symbols)
 17145027    1.364    0.000    1.364    0.000 basic.py:786(args)
110821/79391    0.178    0.000    1.356    0.000 power.py:1551(as_numer_denom)
      714    0.001    0.000    1.351    0.002 value_node.py:152(_is_finite)
     3917    0.015    0.000    1.346    0.000 polyutils.py:345(_dict_from_expr)
9636296/8707909    0.946    0.000    1.333    0.000 {built-in method builtins.hash}
  1859225    0.774    0.000    1.327    0.000 iterables.py:3018(iterable)
1336840/1336523    0.271    0.000    1.290    0.000 containers.py:54(<genexpr>)
14542782/14541749    1.254    0.000    1.285    0.000 {built-in method builtins.hasattr}
   182589    0.141    0.000    1.270    0.000 mul.py:176(could_extract_minus_sign)
   1403/9    0.007    0.000    1.266    0.141 <frozen importlib._bootstrap>:1349(_find_and_load)
    51163    0.014    0.000    1.266    0.000 add.py:414(could_extract_minus_sign)
   1374/9    0.005    0.000    1.265    0.141 <frozen importlib._bootstrap>:1304(_find_and_load_unlocked)
6608/3490    0.026    0.000    1.265    0.000 expr.py:113(sort_key)
  1317/14    0.004    0.000    1.264    0.090 <frozen importlib._bootstrap>:911(_load_unlocked)
  1188/13    0.003    0.000    1.264    0.097 <frozen importlib._bootstrap_external>:989(exec_module)
   478422    0.096    0.000    1.263    0.000 simplify.py:405(<lambda>)
  3054/19    0.003    0.000    1.262    0.066 <frozen importlib._bootstrap>:480(_call_with_frames_removed)
    15322    0.014    0.000    1.255    0.000 function.py:2837(expand_mul)
    51163    0.041    0.000    1.252    0.000 add.py:20(_could_extract_minus_sign)
14577/11556    0.010    0.000    1.181    0.000 add.py:827(_eval_is_extended_nonnegative)
     5651    0.014    0.000    1.145    0.000 polytools.py:4989(rem)
     6348    0.011    0.000    1.141    0.000 printer.py:340(_as_ordered_terms)
  2791167    0.750    0.000    1.089    0.000 basic.py:162(__new__)
    73699    0.050    0.000    1.087    0.000 add.py:23(<genexpr>)
  2905008    0.741    0.000    1.085    0.000 <frozen importlib._bootstrap>:645(parent)
   617/27    0.001    0.000    1.012    0.037 {built-in method builtins.__import__}
18533/18309    0.116    0.000    0.975    0.000 str.py:261(_print_Mul)
   889975    0.437    0.000    0.961    0.000 random.py:350(shuffle)
13080447/13078170    0.960    0.000    0.961    0.000 {built-in method builtins.len}
416380/249828    0.081    0.000    0.926    0.000 sorting.py:195(<genexpr>)
     2258    0.003    0.000    0.910    0.000 function.py:2820(_mexpand)
    18925    0.013    0.000    0.898    0.000 basic.py:1255(has)
    18925    0.272    0.000    0.885    0.000 basic.py:1376(_has)
    29415    0.128    0.000    0.857    0.000 cse_opts.py:41(sub_post)
1140586/325627    0.569    0.000    0.854    0.000 sorting.py:168(_node_count)
   138465    0.118    0.000    0.846    0.000 miscellaneous.py:212(root)
   283866    0.057    0.000    0.839    0.000 simplify.py:416(<lambda>)
9974/8491    0.010    0.000    0.806    0.000 expr.py:3584(diff)
230291/208861    0.089    0.000    0.799    0.000 logic.py:43(_fuzzy_group)
9974/8491    0.028    0.000    0.796    0.000 function.py:1901(_derivative_dispatch)
     5651    0.007    0.000    0.787    0.000 polytools.py:4500(parallel_poly_from_expr)
   980811    0.333    0.000    0.759    0.000 numbers.py:1981(__hash__)
9974/8491    0.105    0.000    0.753    0.000 function.py:1232(__new__)
    35623    0.016    0.000    0.738    0.000 exprtools.py:658(quo)
14479/11512    0.009    0.000    0.726    0.000 add.py:842(_eval_is_extended_nonpositive)
    35623    0.040    0.000    0.723    0.000 exprtools.py:556(div)
   984818    0.523    0.000    0.714    0.000 basic.py:367(_do_eq_sympify)
   421187    0.207    0.000    0.712    0.000 symbol.py:285(__new__)
     5651    0.079    0.000    0.710    0.000 polytools.py:4507(_parallel_poly_from_expr)
       73    0.001    0.000    0.710    0.010 rule_generation.py:302(generate_martingale_based_rule)
   678313    0.147    0.000    0.707    0.000 basic.py:428(__ne__)
2040161/1241592    0.249    0.000    0.706    0.000 basic.py:580(<genexpr>)
     2262    0.003    0.000    0.703    0.000 simplify.py:584(done)
      100    0.000    0.000    0.690    0.007 expectation_map.py:24(_add_constant_factor)
   129499    0.090    0.000    0.686    0.000 polyutils.py:171(_not_a_coeff)
  7382803    0.686    0.000    0.686    0.000 {method 'append' of 'list' objects}
        1    0.001    0.001    0.679    0.679 expectation_map.py:153(get_shortest_basis)
   122796    0.413    0.000    0.679    0.000 basic.py:2007(_exec_constructor_postprocessors)
     4525    0.009    0.000    0.675    0.000 radsimp.py:583(collect_abs)
    53849    0.068    0.000    0.674    0.000 expr.py:1907(as_real_imag)
   302691    0.225    0.000    0.672    0.000 exprtools.py:427(as_expr)
    17682    0.011    0.000    0.671    0.000 solvers.py:117(_simple_dens)
    17682    0.079    0.000    0.659    0.000 solvers.py:132(denoms)
    39179    0.112    0.000    0.650    0.000 assumptions.py:469(__init__)
    59860    0.159    0.000    0.649    0.000 evalf.py:1558(evalf)
    36668    0.016    0.000    0.649    0.000 assumptions.py:481(copy)
        1    0.000    0.000    0.635    0.635 bound_computation.py:1(<module>)
        1    0.000    0.000    0.631    0.631 bound_store.py:1(<module>)
        1    0.000    0.000    0.624    0.624 dist_transformer.py:1(<module>)
        1    0.000    0.000    0.619    0.619 dist_assignment.py:1(<module>)
        1    0.000    0.000    0.619    0.619 functional_assignment.py:1(<module>)
  5926464    0.614    0.000    0.614    0.000 {method 'items' of 'dict' objects}
  2355285    0.432    0.000    0.597    0.000 facts.py:633(<genexpr>)
        1    0.000    0.000    0.596    0.596 bernoulli.py:1(<module>)
   136532    0.269    0.000    0.579    0.000 mul.py:467(_gather)
130199/130179    0.034    0.000    0.577    0.000 expr.py:230(__pow__)
   128510    0.080    0.000    0.577    0.000 exprtools.py:864(inv)
   542850    0.300    0.000    0.571    0.000 mul.py:826(as_coeff_Mul)
   509079    0.265    0.000    0.547    0.000 symbol.py:361(_hashable_content)
518809/518590    0.141    0.000    0.542    0.000 containers.py:108(__hash__)
    61693    0.126    0.000    0.535    0.000 powsimp.py:613(_denest_pow)
       46    0.001    0.000    0.525    0.011 rule_generation.py:37(generate_var_multiplication_ub_rules)
       55    0.001    0.000    0.524    0.010 rule_generation.py:128(generate_var_multiplication_lb_rules)
  1099782    0.348    0.000    0.521    0.000 numbers.py:808(__hash__)
   462383    0.155    0.000    0.498    0.000 sympify.py:69(_is_numpy_instance)
   493120    0.148    0.000    0.493    0.000 function.py:67(_coeff_isneg)
    25824    0.017    0.000    0.474    0.000 add.py:1279(__neg__)
      218    0.000    0.000    0.469    0.002 matrices.py:167(rank)
      218    0.001    0.000    0.469    0.002 reductions.py:175(_rank)
  1028077    0.312    0.000    0.468    0.000 random.py:242(_randbelow_with_getrandbits)
       28    0.001    0.000    0.461    0.016 rule_generation.py:234(generate_rv_multiplication_rules)
    23340    0.017    0.000    0.437    0.000 exprtools.py:1244(<genexpr>)
   695195    0.228    0.000    0.424    0.000 operations.py:429(make_args)
23350/23326    0.063    0.000    0.423    0.000 expr.py:2203(extract_multiplicatively)
   235105    0.112    0.000    0.416    0.000 precedence.py:118(precedence)
   421739    0.257    0.000    0.399    0.000 symbol.py:254(_sanitize)
15170/15169    0.011    0.000    0.391    0.000 mul.py:1652(_eval_is_even)
    15560    0.034    0.000    0.390    0.000 polytools.py:243(_from_dict)
77610/41922    0.048    0.000    0.385    0.000 str.py:34(parenthesize)
    71912    0.022    0.000    0.383    0.000 radsimp.py:1138(denom)
       10    0.000    0.000    0.380    0.038 rec_builder.py:66(get_recurrence)
  3618333    0.377    0.000    0.377    0.000 {method 'extend' of 'list' objects}
   226632    0.157    0.000    0.375    0.000 {built-in method _functools.reduce}
    82893    0.047    0.000    0.371    0.000 numbers.py:3430(__eq__)
   329096    0.250    0.000    0.370    0.000 numbers.py:1774(__rtruediv__)
2927061/2927036    0.360    0.000    0.362    0.000 {built-in method __new__ of type object at 0xa43b40}
   877929    0.143    0.000    0.358    0.000 exprtools.py:470(<genexpr>)
   886294    0.280    0.000    0.357    0.000 exponential.py:211(__instancecheck__)
   101433    0.046    0.000    0.353    0.000 numbers.py:3596(__eq__)
     1031    0.004    0.000    0.349    0.000 rule.py:64(_get_expr)
  2910693    0.345    0.000    0.345    0.000 {method 'rpartition' of 'str' objects}
        1    0.000    0.000    0.344    0.344 _stats_py.py:1(<module>)
188606/188605    0.182    0.000    0.344    0.000 logic.py:115(fuzzy_and)
   154156    0.095    0.000    0.339    0.000 numbers.py:1378(__eq__)
17307/2156    0.032    0.000    0.338    0.000 operations.py:453(doit)
   851732    0.201    0.000    0.327    0.000 traversal.py:8(iterargs)
     3600    0.051    0.000    0.326    0.000 polyutils.py:180(_parallel_dict_from_expr_if_gens)
     3590    0.003    0.000    0.326    0.000 polyutils.py:305(_dict_from_expr_if_gens)
  1008007    0.230    0.000    0.319    0.000 power.py:962(as_base_exp)
   184538    0.079    0.000    0.316    0.000 operations.py:125(_new_rawargs)
    46147    0.032    0.000    0.314    0.000 polyoptions.py:738(build_options)
23701/23700    0.026    0.000    0.312    0.000 mul.py:1583(_eval_pos_neg)
    20493    0.066    0.000    0.310    0.000 polyutils.py:375(expr_from_dict)
  1568740    0.273    0.000    0.302    0.000 containers.py:258(<genexpr>)
    13636    0.015    0.000    0.301    0.000 rings.py:634(as_expr)
   635223    0.197    0.000    0.293    0.000 basic.py:36(_old_compare)
    27935    0.021    0.000    0.290    0.000 exprtools.py:751(lcm)
   101412    0.120    0.000    0.289    0.000 numbers.py:2004(gcd)
     5651    0.010    0.000    0.287    0.000 polytools.py:1728(rem)
   267087    0.220    0.000    0.286    0.000 numbers.py:1039(__new__)
    37047    0.011    0.000    0.278    0.000 precedence.py:61(precedence_Mul)
    17324    0.163    0.000    0.277    0.000 polyoptions.py:126(__init__)
2424630/2424609    0.275    0.000    0.275    0.000 {built-in method builtins.iter}
      217    0.001    0.000    0.275    0.001 reductions.py:191(_permute_complexity_right)
     8678    0.031    0.000    0.273    0.000 expr.py:851(_eval_is_extended_positive_negative)
  4026794    0.271    0.000    0.271    0.000 expr.py:149(_hashable_content)
14571/14565    0.024    0.000    0.267    0.000 add.py:696(_eval_is_zero)
     7927    0.019    0.000    0.265    0.000 function.py:2873(expand_log)
   435275    0.107    0.000    0.264    0.000 numbers.py:2025(as_content_primitive)
   108265    0.035    0.000    0.262    0.000 basic.py:1168(xreplace)
     8937    0.008    0.000    0.260    0.000 value_node.py:29(_get_sqrts)
39439/39415    0.075    0.000    0.259    0.000 mul.py:1392(_eval_is_integer)
      302    0.001    0.000    0.257    0.001 polytools.py:6668(real_roots)
   543108    0.223    0.000    0.257    0.000 numbers.py:419(ilcm)
     2176    0.003    0.000    0.253    0.000 solvers.py:2604(_vsolve)
96673/96523    0.049    0.000    0.251    0.000 containers.py:98(__eq__)
  3066920    0.251    0.000    0.251    0.000 inspect.py:741(getmro)
   237017    0.125    0.000    0.249    0.000 exprtools.py:217(decompose_power)
61361/59860    0.068    0.000    0.238    0.000 evalf.py:1448(evalf)
46763/46729    0.011    0.000    0.230    0.000 basic.py:1625(<lambda>)
    64127    0.095    0.000    0.230    0.000 mul.py:1237(as_base_exp)
    15560    0.013    0.000    0.227    0.000 polyclasses.py:276(from_dict)
     2258    0.006    0.000    0.227    0.000 hyperexpand.py:2455(hyperexpand)
169608/108265    0.090    0.000    0.226    0.000 basic.py:1233(_xreplace)
    16385    0.055    0.000    0.226    0.000 constructor.py:266(construct_domain)
   302698    0.065    0.000    0.226    0.000 numbers.py:2256(__ne__)
236551/101448    0.103    0.000    0.220    0.000 expr.py:408(is_number)
   376930    0.130    0.000    0.215    0.000 numbers.py:2141(__neg__)
  3217268    0.215    0.000    0.215    0.000 basic.py:112(__sympy__)
   585286    0.137    0.000    0.215    0.000 exprtools.py:408(is_zero)
      302    0.000    0.000    0.214    0.001 polytools.py:3590(real_roots)
      302    0.000    0.000    0.214    0.001 rootoftools.py:409(real_roots)
      302    0.003    0.000    0.214    0.001 rootoftools.py:757(_get_roots)
  1794768    0.213    0.000    0.213    0.000 facts.py:582(_tell)
2220/2211    0.035    0.000    0.213    0.000 {built-in method builtins.__build_class__}
   460553    0.129    0.000    0.211    0.000 containers.py:70(__iter__)
  1073522    0.208    0.000    0.208    0.000 {method 'update' of 'set' objects}
   106853    0.054    0.000    0.208    0.000 numbers.py:678(__float__)
58349/15566    0.075    0.000    0.207    0.000 densebasic.py:975(dmp_from_dict)
     2258    0.002    0.000    0.206    0.000 function.py:2855(expand_multinomial)
     1188    0.007    0.000    0.203    0.000 <frozen importlib._bootstrap_external>:1062(get_code)
9166/8590    0.003    0.000    0.203    0.000 function.py:1892(_dispatch_eval_derivative_n_times)
192118/192107    0.115    0.000    0.200    0.000 numbers.py:2170(__add__)
        1    0.000    0.000    0.200    0.200 square_extraction.py:98(reformulate_maps_with_squares)
       11    0.000    0.000    0.200    0.018 square_extraction.py:64(reformulate_with_squares)
    11794    0.004    0.000    0.196    0.000 mul.py:1565(_eval_is_extended_positive)
2429/2426    0.001    0.000    0.194    0.000 expr.py:195(__add__)
    48758    0.010    0.000    0.193    0.000 repmatrix.py:232(__getitem__)
      217    0.002    0.000    0.193    0.001 reductions.py:121(_row_reduce)
5667/5589    0.012    0.000    0.193    0.000 function.py:442(__new__)
      663    0.001    0.000    0.187    0.000 repmatrix.py:331(_new)
    43291    0.020    0.000    0.187    0.000 numbers.py:2268(__lt__)
    96745    0.053    0.000    0.183    0.000 expr.py:184(__neg__)
    48758    0.053    0.000    0.183    0.000 repmatrix.py:673(_getitem_RepMatrix)
    13336    0.038    0.000    0.179    0.000 mul.py:38(_unevaluated_Mul)
  1387153    0.179    0.000    0.179    0.000 sympify.py:75(<genexpr>)
  1441060    0.171    0.000    0.171    0.000 {method 'copy' of 'dict' objects}
    81156    0.021    0.000    0.171    0.000 mul.py:33(_mulsort)
     5651    0.005    0.000    0.169    0.000 polyclasses.py:497(rem)
     4846    0.004    0.000    0.166    0.000 expr.py:893(_eval_is_extended_negative)
    76343    0.100    0.000    0.164    0.000 numbers.py:1759(__truediv__)
8095/7761    0.018    0.000    0.163    0.000 power.py:282(__new__)
   111038    0.100    0.000    0.163    0.000 numbers.py:2222(__rmul__)
    44573    0.071    0.000    0.163    0.000 radsimp.py:597(_abs)
  1919558    0.163    0.000    0.163    0.000 basic.py:760(func)
  1680686    0.162    0.000    0.162    0.000 {method 'keys' of 'dict' objects}
12719/12717    0.006    0.000    0.160    0.000 add.py:642(<lambda>)
5534/5457    0.014    0.000    0.159    0.000 function.py:292(__new__)
   778858    0.106    0.000    0.159    0.000 operations.py:63(<genexpr>)
130199/130179    0.038    0.000    0.154    0.000 expr.py:225(_pow)
     9103    0.003    0.000    0.154    0.000 basic.py:1008(<lambda>)
     5651    0.002    0.000    0.153    0.000 densearith.py:1632(dmp_rem)
     5651    0.002    0.000    0.150    0.000 densearith.py:1608(dmp_div)
    66940    0.046    0.000    0.150    0.000 numbers.py:1185(_new)
   516849    0.093    0.000    0.150    0.000 symbol.py:373(assumptions0)
      217    0.001    0.000    0.150    0.001 common.py:2078(permute)
   186144    0.076    0.000    0.149    0.000 numbers.py:1703(__neg__)
5659/5651    0.003    0.000    0.148    0.000 densearith.py:1462(dmp_ff_div)
24505/24499    0.004    0.000    0.148    0.000 add.py:643(<genexpr>)
     5644    0.014    0.000    0.145    0.000 densearith.py:1410(dup_ff_div)
     1188    0.020    0.000    0.144    0.000 <frozen importlib._bootstrap_external>:751(_compile_bytecode)
   298538    0.125    0.000    0.144    0.000 polyoptions.py:63(getter)
20847/20833    0.009    0.000    0.142    0.000 mul.py:1621(_eval_is_odd)
58158/58124    0.032    0.000    0.140    0.000 mul.py:1371(_eval_is_rational)
335588/126622    0.047    0.000    0.139    0.000 expr.py:458(<genexpr>)
      217    0.000    0.000    0.139    0.001 common.py:1940(_eval_permute_cols)
  1296137    0.139    0.000    0.139    0.000 {method 'pop' of 'list' objects}
     6778    0.017    0.000    0.134    0.000 rings.py:199(__new__)
      210    0.000    0.000    0.133    0.001 _docscrape.py:579(__init__)
        1    0.000    0.000    0.133    0.133 polyfuncs.py:1(<module>)
      218    0.004    0.000    0.133    0.001 solveset.py:2525(linear_eq_to_matrix)
        1    0.000    0.000    0.132    0.132 specialpolys.py:1(<module>)
     3276    0.004    0.000    0.132    0.000 initial_value_provider.py:9(_get_sqrts)
        1    0.000    0.000    0.131    0.131 parser.py:16(parse_file)
        1    0.000    0.000    0.130    0.130 parser.py:21(parse_string)
   394665    0.065    0.000    0.130    0.000 <frozen abc>:117(__instancecheck__)
     6768    0.008    0.000    0.129    0.000 rings.py:2219(cancel)
   111468    0.037    0.000    0.129    0.000 numbers.py:1472(__hash__)
     7728    0.027    0.000    0.129    0.000 solvers.py:67(recast_to_symbols)
     4177    0.028    0.000    0.129    0.000 sympy_parser.py:884(stringify_expr)
        1    0.000    0.000    0.125    0.125 rings.py:1(<module>)
   930693    0.124    0.000    0.124    0.000 logic.py:92(fuzzy_bool)
    25783    0.009    0.000    0.124    0.000 radsimp.py:627(<lambda>)
     2170    0.001    0.000    0.124    0.000 reductions.py:201(complexity)
11907/11906    0.004    0.000    0.124    0.000 mul.py:1618(_eval_is_extended_negative)
     1188    0.123    0.000    0.123    0.000 {built-in method marshal.loads}
    16385    0.036    0.000    0.121    0.000 constructor.py:15(_construct_simple)
7088/7066    0.013    0.000    0.119    0.000 basic.py:1860(_eval_derivative_n_times)
   145760    0.038    0.000    0.118    0.000 libmpf.py:330(from_int)
      216    0.001    0.000    0.118    0.001 _docscrape.py:140(__init__)
       10    0.000    0.000    0.117    0.012 expectation_map.py:56(_solve_equation_system)
       33    0.000    0.000    0.116    0.004 rec_builder.py:106(_replace_assign)
      663    0.015    0.000    0.115    0.000 matrices.py:890(_handle_creation_inputs)
     2258    0.002    0.000    0.115    0.000 function.py:3050(expand_power_exp)
     3832    0.003    0.000    0.113    0.000 expr.py:890(_eval_is_extended_positive)
   119870    0.074    0.000    0.112    0.000 numbers.py:149(mpf_norm)
     3211    0.002    0.000    0.112    0.000 densebasic.py:1713(dmp_list_terms)
    13150    0.019    0.000    0.111    0.000 add.py:668(_eval_is_imaginary)
47856/3211    0.041    0.000    0.109    0.000 densebasic.py:1694(_rec_list_terms)
       22    0.000    0.000    0.109    0.005 dist_assignment.py:48(get_moment)
        3    0.000    0.000    0.107    0.036 normal.py:22(get_moment)
   248524    0.066    0.000    0.107    0.000 {method 'setdefault' of 'dict' objects}
   431771    0.107    0.000    0.107    0.000 basic.py:2021(<genexpr>)
    18875    0.015    0.000    0.105    0.000 mul.py:2072(as_ordered_factors)
        3    0.000    0.000    0.105    0.035 rv.py:765(expectation)
        3    0.000    0.000    0.104    0.035 symbolic_probability.py:247(doit)
        3    0.000    0.000    0.104    0.035 crv.py:491(compute_expectation)
        3    0.000    0.000    0.104    0.035 crv.py:257(expectation)
       45    0.000    0.000    0.103    0.002 mul.py:718(_eval_power)
      217    0.005    0.000    0.103    0.000 reductions.py:7(_row_reduce_list)
8956/8945    0.005    0.000    0.102    0.000 mul.py:1521(_eval_is_imaginary)
    22490    0.016    0.000    0.102    0.000 libmpf.py:491(from_rational)
   102960    0.029    0.000    0.101    0.000 expectation_map.py:106(<genexpr>)
     7769    0.020    0.000    0.101    0.000 basic.py:1669(find)
     6768    0.007    0.000    0.101    0.000 rings.py:2140(cofactors)
      460    0.001    0.000    0.101    0.000 power.py:1437(_eval_is_algebraic)
  1375740    0.100    0.000    0.100    0.000 {method 'union' of 'set' objects}
   105/78    0.000    0.000    0.099    0.001 <frozen importlib._bootstrap_external>:1295(exec_module)
      304    0.003    0.000    0.099    0.000 rule.py:111(__str__)
   105/78    0.010    0.000    0.099    0.001 {built-in method _imp.exec_dynamic}
     1801    0.007    0.000    0.099    0.000 expr.py:3977(_eval_derivative_n_times)
    72424    0.064    0.000    0.099    0.000 expr.py:1279(args_cnc)
14439/14435    0.007    0.000    0.098    0.000 add.py:646(<lambda>)
13249/13248    0.007    0.000    0.097    0.000 add.py:634(<lambda>)
        1    0.000    0.000    0.097    0.097 latex.py:1(<module>)
      460    0.000    0.000    0.097    0.000 power.py:1438(_is_one)
      734    0.002    0.000    0.096    0.000 value_node.py:66(_has_nested_sqrt)
     7915    0.010    0.000    0.096    0.000 polyclasses.py:242(to_sympy_dict)
     4256    0.044    0.000    0.096    0.000 {built-in method builtins.eval}
  788/786    0.002    0.000    0.095    0.000 power.py:833(_eval_subs)
    14476    0.007    0.000    0.095    0.000 add.py:648(<lambda>)
   697256    0.083    0.000    0.095    0.000 operations.py:121(<genexpr>)
       10    0.001    0.000    0.095    0.009 solvers.py:1734(_solve_system)
        3    0.000    0.000    0.094    0.031 series.py:4(series)
      6/3    0.000    0.000    0.094    0.031 expr.py:2852(series)
     4177    0.001    0.000    0.093    0.000 sympy_parser.py:903(eval_expr)
    31383    0.049    0.000    0.093    0.000 numbers.py:1594(__new__)
     6768    0.049    0.000    0.092    0.000 rings.py:2169(_gcd_monom)
   295840    0.092    0.000    0.092    0.000 {method 'copy' of 'collections.defaultdict' objects}
    61458    0.041    0.000    0.092    0.000 pythonmpq.py:57(__new__)
   431779    0.092    0.000    0.092    0.000 {method 'mro' of 'type' objects}
        1    0.000    0.000    0.091    0.091 indexed.py:1(<module>)
        1    0.000    0.000    0.090    0.090 distributions.py:1(<module>)
      216    0.003    0.000    0.090    0.000 _docscrape.py:388(_parse)
    53/33    0.000    0.000    0.089    0.003 exponential.py:656(eval)
14506/14505    0.007    0.000    0.089    0.000 add.py:650(<lambda>)
21975/21950    0.006    0.000    0.088    0.000 mul.py:1522(<genexpr>)
  1623304    0.088    0.000    0.088    0.000 {method 'getrandbits' of '_random.Random' objects}
    41093    0.018    0.000    0.088    0.000 rationalfield.py:57(from_sympy)
17620/17612    0.003    0.000    0.086    0.000 add.py:647(<genexpr>)
    14496    0.007    0.000    0.085    0.000 add.py:744(_eval_is_irrational)
26446/26443    0.005    0.000    0.085    0.000 add.py:635(<genexpr>)
    37559    0.042    0.000    0.084    0.000 printer.py:258(__init__)
      317    0.000    0.000    0.084    0.000 expr.py:384(__format__)
        2    0.000    0.000    0.084    0.042 __config__.py:1(<module>)
115747/115679    0.018    0.000    0.084    0.000 mul.py:1372(<genexpr>)
    99466    0.056    0.000    0.084    0.000 libmpf.py:291(from_man_exp)
    17674    0.004    0.000    0.083    0.000 add.py:649(<genexpr>)
    12809    0.006    0.000    0.083    0.000 add.py:644(<lambda>)
      317    0.000    0.000    0.083    0.000 {function Expr.__format__ at 0x706b2701c4a0}
    51453    0.041    0.000    0.083    0.000 expr.py:1064(key)
     2044    0.001    0.000    0.082    0.000 expr.py:2572(is_polynomial)
      401    0.001    0.000    0.082    0.000 add.py:505(_eval_derivative)
     1699    0.012    0.000    0.081    0.000 reductions.py:51(cross_cancel)
        3    0.000    0.000    0.078    0.026 exponential.py:479(_eval_nseries)
    17348    0.006    0.000    0.078    0.000 evalf.py:485(evalf_rational)
        1    0.000    0.000    0.078    0.078 lark.py:205(__init__)
     5953    0.005    0.000    0.077    0.000 polytools.py:208(expr)
17728/17726    0.003    0.000    0.077    0.000 add.py:651(<genexpr>)
        1    0.000    0.000    0.077    0.077 si.py:1(<module>)
     1962    0.001    0.000    0.076    0.000 polytools.py:1035(as_dict)
    27304    0.043    0.000    0.075    0.000 densebasic.py:917(dup_from_dict)
      218    0.000    0.000    0.075    0.000 expectation_map.py:161(<lambda>)
   469609    0.074    0.000    0.074    0.000 traversal.py:115(__init__)
      456    0.001    0.000    0.074    0.000 {built-in method builtins.print}
   292103    0.053    0.000    0.073    0.000 symbol.py:398(free_symbols)
      618    0.002    0.000    0.073    0.000 basic.py:116(__init_subclass__)
10321/4741    0.016    0.000    0.072    0.000 basic.py:1824(doit)
     1347    0.007    0.000    0.072    0.000 <frozen importlib._bootstrap>:1240(_find_spec)
    24664    0.004    0.000    0.072    0.000 add.py:645(<genexpr>)
      619    0.032    0.000    0.072    0.000 assumptions.py:614(_prepare_class_assumptions)
32499/7971    0.034    0.000    0.071    0.000 densebasic.py:1071(dmp_to_dict)
     1657    0.004    0.000    0.070    0.000 polytools.py:910(terms)
      663    0.007    0.000    0.070    0.000 repmatrix.py:127(_flat_list_to_DomainMatrix)
  1028079    0.068    0.000    0.068    0.000 {method 'bit_length' of 'int' objects}
    21575    0.034    0.000    0.068    0.000 numbers.py:229(igcd)
    34648    0.017    0.000    0.068    0.000 polyoptions.py:138(preprocess_options)
   160378    0.030    0.000    0.067    0.000 powsimp.py:392(<genexpr>)
    42359    0.011    0.000    0.067    0.000 numbers.py:1925(__ne__)
    58557    0.027    0.000    0.066    0.000 basic.py:974(sympify_old)
    54832    0.015    0.000    0.066    0.000 numbers.py:2089(_as_mpf_val)
    16880    0.006    0.000    0.066    0.000 reductions.py:204(<genexpr>)
    12444    0.008    0.000    0.066    0.000 expr.py:205(__sub__)
    62401    0.019    0.000    0.065    0.000 domain.py:403(convert)
   394665    0.064    0.000    0.065    0.000 {built-in method _abc._abc_instancecheck}
21575/21567    0.025    0.000    0.065    0.000 mul.py:1277(_eval_is_zero_infinite_helper)
    22501    0.030    0.000    0.064    0.000 libmpf.py:950(mpf_div)
     5163    0.004    0.000    0.063    0.000 repmatrix.py:360(__setitem__)
  550/482    0.001    0.000    0.063    0.000 typing.py:392(inner)
     6921    0.006    0.000    0.063    0.000 numbers.py:671(_eval_evalf)
       10    0.001    0.000    0.063    0.006 expectation_map.py:40(_build_equation_system)
        1    0.000    0.000    0.062    0.062 _continuous_distns.py:1(<module>)
   208158    0.062    0.000    0.062    0.000 libmpf.py:153(_normalize)
1317/1311    0.002    0.000    0.062    0.000 <frozen importlib._bootstrap>:806(module_from_spec)
    58321    0.030    0.000    0.062    0.000 add.py:440(as_coeff_Add)
    59877    0.037    0.000    0.062    0.000 libmpf.py:64(dps_to_prec)
     6927    0.013    0.000    0.062    0.000 numbers.py:1411(_Frel)
    14760    0.007    0.000    0.062    0.000 numbers.py:2259(__gt__)
    17937    0.008    0.000    0.061    0.000 polyclasses.py:297(convert)
    21576    0.009    0.000    0.061    0.000 mul.py:1531(_eval_herm_antiherm)
     1554    0.001    0.000    0.061    0.000 polytools.py:890(monoms)
   686930    0.061    0.000    0.061    0.000 {built-in method builtins.issubclass}
    58933    0.037    0.000    0.061    0.000 numbers.py:2022(as_numer_denom)
     1554    0.002    0.000    0.060    0.000 polyclasses.py:312(monoms)
    12916    0.006    0.000    0.059    0.000 add.py:638(<lambda>)
    52930    0.018    0.000    0.059    0.000 numbers.py:1229(_as_mpf_val)
     1326    0.001    0.000    0.057    0.000 <frozen importlib._bootstrap_external>:1520(find_spec)
       87    0.000    0.000    0.057    0.001 dispatcher.py:178(add)
10649/8510    0.002    0.000    0.056    0.000 visitors.py:112(_transform_children)
       87    0.000    0.000    0.056    0.001 dispatcher.py:222(reorder)
     1326    0.003    0.000    0.056    0.000 <frozen importlib._bootstrap_external>:1491(_get_spec)
     3602    0.005    0.000    0.056    0.000 relational.py:612(__new__)
   182286    0.041    0.000    0.056    0.000 {method 'add' of 'set' objects}
    49678    0.018    0.000    0.056    0.000 iterables.py:3076(is_sequence)
    11761    0.003    0.000    0.055    0.000 mul.py:1525(_eval_is_hermitian)
   257858    0.052    0.000    0.055    0.000 {built-in method builtins.max}
   216650    0.028    0.000    0.055    0.000 basic.py:1583(<lambda>)
     1657    0.001    0.000    0.054    0.000 polyclasses.py:316(terms)
   113090    0.042    0.000    0.054    0.000 function.py:3294(<genexpr>)
    50736    0.027    0.000    0.054    0.000 power.py:1174(_eval_expand_multinomial)
      110    0.001    0.000    0.054    0.000 _distn_infrastructure.py:1863(__init__)
    13586    0.021    0.000    0.054    0.000 rings.py:353(from_dict)
    63682    0.027    0.000    0.053    0.000 rationalfield.py:53(to_sympy)
    18790    0.005    0.000    0.053    0.000 radsimp.py:629(<lambda>)
     4756    0.002    0.000    0.053    0.000 visitors.py:80(_call_userfunc)
      218    0.002    0.000    0.053    0.000 linsolve.py:139(_linear_eq_to_dict)
    31920    0.010    0.000    0.052    0.000 evalf.py:489(evalf_integer)
       68    0.000    0.000    0.051    0.001 _util.py:1202(decorator)
     1620    0.001    0.000    0.051    0.000 value_node.py:36(_contains_sqrt)
12745/1472    0.021    0.000    0.051    0.000 linsolve.py:177(_lin_eq2dict)
    40755    0.017    0.000    0.050    0.000 expr.py:261(__rtruediv__)
   302857    0.049    0.000    0.049    0.000 sympify.py:19(__init__)
    42169    0.013    0.000    0.049    0.000 mul.py:2086(<lambda>)
11446/11443    0.004    0.000    0.048    0.000 mul.py:1344(_eval_is_zero)
     1552    0.012    0.000    0.048    0.000 <frozen importlib._bootstrap_external>:1593(find_spec)
       64    0.000    0.000    0.048    0.001 visitors.py:128(transform)
   943/64    0.000    0.000    0.048    0.001 visitors.py:124(_transform_tree)
     2170    0.006    0.000    0.048    0.000 common.py:313(extract)
     5651    0.002    0.000    0.048    0.000 polytools.py:1061(as_expr)
    25199    0.004    0.000    0.048    0.000 add.py:639(<genexpr>)
      304    0.002    0.000    0.047    0.000 typing.py:1242(__init__)
     4270    0.002    0.000    0.047    0.000 polyclasses.py:289(to_field)
   138465    0.039    0.000    0.047    0.000 powsimp.py:230(bkey)
3206/2041    0.002    0.000    0.046    0.000 add.py:620(_eval_is_polynomial)
     3955    0.008    0.000    0.046    0.000 polyoptions.py:280(preprocess)
6705/6635    0.002    0.000    0.046    0.000 densebasic.py:541(dmp_convert)
13745/13744    0.018    0.000    0.045    0.000 mul.py:1479(_eval_real_imag)
11660/11659    0.004    0.000    0.044    0.000 mul.py:1476(_eval_is_extended_real)
10049/5359    0.003    0.000    0.044    0.000 add.py:621(<genexpr>)
      663    0.001    0.000    0.044    0.000 repmatrix.py:101(_dod_to_DomainMatrix)
    27098    0.042    0.000    0.044    0.000 exprtools.py:1041(mask)
        1    0.000    0.000    0.044    0.044 index_tricks.py:1(<module>)
    13636    0.015    0.000    0.044    0.000 rings.py:645(as_expr_dict)
     6660    0.006    0.000    0.043    0.000 densebasic.py:516(dup_convert)
        2    0.000    0.000    0.043    0.022 parser_frontends.py:143(__init__)
   404796    0.043    0.000    0.043    0.000 expr.py:2009(as_base_exp)
        3    0.000    0.000    0.043    0.014 numbers.py:1(<module>)
       14    0.000    0.000    0.043    0.003 structure_transformer.py:105(assign)
       11    0.000    0.000    0.042    0.004 poly_assignment.py:39(deterministic)
       11    0.000    0.000    0.042    0.004 poly_assignment.py:15(__init__)
       64    0.000    0.000    0.042    0.001 _array_api.py:806(decorator)
    19621    0.009    0.000    0.042    0.000 domain.py:386(convert_from)
        3    0.000    0.000    0.041    0.014 function.py:2941(expand_complex)
     4256    0.003    0.000    0.041    0.000 numbers.py:1456(__lt__)
    14710    0.005    0.000    0.041    0.000 common.py:1944(entry)
      896    0.000    0.000    0.041    0.000 monomials.py:400(_build)
     2023    0.038    0.000    0.040    0.000 typing.py:1188(__setattr__)
    15377    0.008    0.000    0.040    0.000 add.py:636(<lambda>)
     1230    0.003    0.000    0.040    0.000 _docscrape.py:201(_read_to_next_section)
    16032    0.012    0.000    0.040    0.000 iterables.py:1942(has_variety)
5484/3282    0.002    0.000    0.040    0.000 mul.py:1252(_eval_is_polynomial)
        1    0.000    0.000    0.039    0.039 expr.py:1(<module>)
   368211    0.039    0.000    0.039    0.000 numbers.py:1694(_hashable_content)
      302    0.000    0.000    0.039    0.000 rootoftools.py:729(_preprocess_roots)
   431771    0.039    0.000    0.039    0.000 {built-in method from_iterable}
     1262    0.002    0.000    0.039    0.000 _docscrape.py:212(_read_sections)
   310016    0.039    0.000    0.039    0.000 {method 'upper' of 'str' objects}
      304    0.001    0.000    0.039    0.000 typing.py:1147(__init__)
      302    0.001    0.000    0.039    0.000 polyroots.py:747(preprocess_roots)
   144796    0.030    0.000    0.039    0.000 densebasic.py:695(dmp_zero_p)
    42209    0.013    0.000    0.039    0.000 numbers.py:625(could_extract_minus_sign)
19696/19695    0.011    0.000    0.038    0.000 mul.py:1380(_eval_is_algebraic)
    65489    0.019    0.000    0.038    0.000 densebasic.py:157(dmp_degree)
   349772    0.038    0.000    0.038    0.000 numbers.py:2045(as_coeff_Mul)
     9166    0.008    0.000    0.038    0.000 function.py:1483(_sort_variable_count)
    93385    0.027    0.000    0.038    0.000 pythonmpq.py:103(_new)
    23184    0.005    0.000    0.038    0.000 solvers.py:874(<genexpr>)
       63    0.001    0.000    0.038    0.001 _axis_nan_policy.py:418(axis_nan_policy_decorator)
      105    0.000    0.000    0.037    0.000 <frozen importlib._bootstrap_external>:1287(create_module)
    51453    0.028    0.000    0.037    0.000 expr.py:1061(neg)
      891    0.001    0.000    0.037    0.000 domainmatrix.py:438(convert_to)
    31098    0.018    0.000    0.037    0.000 densebasic.py:279(dmp_strip)
        1    0.000    0.000    0.037    0.037 saturation_based_bound_computation.py:1(<module>)
15366/8760    0.003    0.000    0.037    0.000 mul.py:1253(<genexpr>)
34025/7768    0.015    0.000    0.037    0.000 solvers.py:1129(_has_piecewise)
3614/2419    0.009    0.000    0.037    0.000 power.py:1400(_eval_is_polynomial)
       84    0.000    0.000    0.037    0.000 typing.py:1458(copy_with)
    54840    0.019    0.000    0.037    0.000 misc.py:501(as_int)
      733    0.001    0.000    0.037    0.000 str.py:160(_print_Function)
        1    0.000    0.000    0.037    0.037 defmatrix.py:1(<module>)
        1    0.000    0.000    0.037    0.037 _geometric_slerp.py:1(<module>)
      302    0.001    0.000    0.036    0.000 rootoftools.py:670(_real_roots)
     6289    0.011    0.000    0.036    0.000 densearith.py:590(dup_sub)
        1    0.000    0.000    0.036    0.036 saturation_algorithm.py:1(<module>)
       26    0.000    0.000    0.036    0.001 typing.py:1548(__getitem__)
      105    0.031    0.000    0.036    0.000 {built-in method _imp.create_dynamic}
        1    0.000    0.000    0.036    0.036 rule.py:1(<module>)
        1    0.000    0.000    0.036    0.036 distance.py:1(<module>)
      891    0.001    0.000    0.036    0.000 sdm.py:574(convert_to)
        2    0.000    0.000    0.036    0.018 lalr_parser.py:15(__init__)
   223743    0.036    0.000    0.036    0.000 {method 'index' of 'list' objects}
        3    0.000    0.000    0.036    0.012 linalg.py:1(<module>)
    12714    0.007    0.000    0.035    0.000 add.py:655(_eval_is_infinite)
        1    0.000    0.000    0.035    0.035 rule.py:26(Rule)
      733    0.001    0.000    0.035    0.000 str.py:40(stringify)
18830/18827    0.010    0.000    0.035    0.000 mul.py:1551(_eval_is_irrational)
     5651    0.014    0.000    0.035    0.000 polytools.py:471(_unify)
        1    0.000    0.000    0.035    0.035 partfrac.py:1(<module>)
        1    0.000    0.000    0.035    0.035 decorator.py:59(xthreaded)
        1    0.000    0.000    0.035    0.035 decorator.py:10(threaded_factory)
        1    0.000    0.000    0.035    0.035 point.py:1(<module>)
    47118    0.015    0.000    0.035    0.000 pythonmpq.py:93(_new_check)
   106855    0.026    0.000    0.035    0.000 libmpf.py:454(to_float)
       11    0.000    0.000    0.035    0.003 exponential.py:943(_eval_is_zero)
    22097    0.011    0.000    0.034    0.000 polyutils.py:359(<genexpr>)
     3602    0.017    0.000    0.034    0.000 relational.py:1396(is_eq)
     6778    0.009    0.000    0.034    0.000 rings.py:181(_parse_symbols)
        1    0.000    0.000    0.034    0.034 entity.py:1(<module>)
     3289    0.003    0.000    0.033    0.000 __init__.py:280(_compile)
        1    0.000    0.000    0.033    0.033 tensor.py:1(<module>)
     1901    0.006    0.000    0.033    0.000 piecewise.py:130(__new__)
     3072    0.006    0.000    0.033    0.000 textwrap.py:419(dedent)
     6817    0.006    0.000    0.033    0.000 numbers.py:1706(__add__)
    18267    0.010    0.000    0.033    0.000 mul.py:1665(_eval_is_composite)
      400    0.001    0.000    0.033    0.000 expectation_map.py:30(_get_coeff)
        9    0.000    0.000    0.033    0.004 expr.py:3595(_eval_expand_complex)
      867    0.001    0.000    0.033    0.000 inspect.py:3308(signature)
     5108    0.002    0.000    0.032    0.000 numbers.py:1851(_as_mpf_val)
    24255    0.014    0.000    0.032    0.000 power.py:1031(_eval_expand_power_exp)
    15456    0.013    0.000    0.032    0.000 solvers.py:872(_sympified_list)
2697/2687    0.001    0.000    0.032    0.000 complexes.py:68(eval)
        1    0.000    0.000    0.032    0.032 load_grammar.py:1060(load_grammar)
      867    0.001    0.000    0.032    0.000 inspect.py:3050(from_callable)
      953    0.001    0.000    0.032    0.000 expr.py:373(__lt__)
     2170    0.001    0.000    0.032    0.000 repmatrix.py:229(_eval_extract)
 1521/871    0.005    0.000    0.032    0.000 inspect.py:2470(_signature_from_callable)
   210521    0.031    0.000    0.031    0.000 {method 'insert' of 'list' objects}
     1031    0.000    0.000    0.031    0.000 rule.py:86(<genexpr>)
     2429    0.007    0.000    0.031    0.000 initial_value_provider.py:124(_get_lb_for_initial_monomial)
        1    0.000    0.000    0.031    0.031 lark.py:369(_build_parser)
      302    0.000    0.000    0.031    0.000 polytools.py:212(args)
      961    0.002    0.000    0.031    0.000 relational.py:810(__new__)
    31/30    0.000    0.000    0.031    0.001 __init__.py:129(__getattr__)
    31/30    0.000    0.000    0.031    0.001 __init__.py:73(import_module)
    31/30    0.000    0.000    0.031    0.001 <frozen importlib._bootstrap>:1375(_gcd_import)
     1189    0.003    0.000    0.031    0.000 <frozen importlib._bootstrap_external>:1183(get_data)
    14873    0.007    0.000    0.031    0.000 numbers.py:703(_eval_subs)
     7084    0.002    0.000    0.030    0.000 expr.py:220(__rmul__)
    36/34    0.000    0.000    0.030    0.001 simplify.py:623(<lambda>)
      881    0.004    0.000    0.030    0.000 sdm.py:910(unop_dict)
    22911    0.016    0.000    0.030    0.000 polytools.py:193(new)
      451    0.003    0.000    0.030    0.000 _docscrape.py:224(_parse_param_list)
   469609    0.030    0.000    0.030    0.000 traversal.py:165(__iter__)
     5641    0.006    0.000    0.030    0.000 rationalfield.py:138(exquo)
   351147    0.030    0.000    0.030    0.000 power.py:391(exp)
       40    0.002    0.000    0.030    0.001 prefixes.py:123(prefix_unit)
       87    0.006    0.000    0.030    0.000 conflict.py:24(ambiguities)
     5163    0.007    0.000    0.030    0.000 matrices.py:1116(_setitem)
94359/94356    0.017    0.000    0.030    0.000 {built-in method builtins.abs}
       35    0.000    0.000    0.030    0.001 core.py:59(_)
    37559    0.019    0.000    0.030    0.000 printer.py:250(_get_initial_settings)
      638    0.000    0.000    0.030    0.000 __init__.py:226(compile)
     2170    0.002    0.000    0.029    0.000 domainmatrix.py:175(extract)
     2538    0.009    0.000    0.029    0.000 <frozen importlib._bootstrap>:304(acquire)
       10    0.000    0.000    0.029    0.003 solvers.py:2264(solve_linear_system)
     3842    0.003    0.000    0.029    0.000 numbers.py:1965(__lt__)
   131988    0.018    0.000    0.029    0.000 radsimp.py:626(<lambda>)
    62222    0.018    0.000    0.029    0.000 simplify.py:621(<lambda>)
      398    0.017    0.000    0.029    0.000 _util.py:511(getfullargspec_no_self)
     35/5    0.000    0.000    0.029    0.006 power.py:1296(as_real_imag)
       43    0.000    0.000    0.029    0.001 dispatcher.py:147(_)
        1    0.000    0.000    0.029    0.029 mul.py:1(<module>)
60282/22653    0.009    0.000    0.029    0.000 solvers.py:1132(<genexpr>)
   251547    0.029    0.000    0.029    0.000 expr.py:2110(as_content_primitive)
    34723    0.011    0.000    0.028    0.000 rings.py:316(domain_new)
      125    0.001    0.000    0.028    0.000 _compiler.py:740(compile)
     4177    0.004    0.000    0.028    0.000 tokenize.py:314(untokenize)
      302    0.000    0.000    0.028    0.000 polytools.py:4339(__ne__)
      961    0.001    0.000    0.028    0.000 relational.py:838(_eval_relation)
     4433    0.004    0.000    0.028    0.000 numbers.py:3506(__sub__)
    31921    0.028    0.000    0.028    0.000 {method 'match' of 're.Pattern' objects}
      302    0.001    0.000    0.027    0.000 polytools.py:4321(__eq__)
   131988    0.017    0.000    0.027    0.000 radsimp.py:628(<lambda>)
    10976    0.015    0.000    0.027    0.000 expr.py:1046(_parse_order)
    13070    0.006    0.000    0.027    0.000 add.py:640(<lambda>)
        2    0.000    0.000    0.027    0.013 lalr_analysis.py:299(compute_lalr)
     2665    0.002    0.000    0.027    0.000 numbers.py:1440(__gt__)
       87    0.003    0.000    0.026    0.000 conflict.py:56(ordering)
     5163    0.005    0.000    0.026    0.000 repmatrix.py:62(_unify_element_sympy)
        3    0.000    0.000    0.026    0.009 _basic.py:1(<module>)
        1    0.000    0.000    0.026    0.026 ctx_fp.py:1(<module>)
     3854    0.006    0.000    0.026    0.000 numbers.py:1928(_Rrel)
     2170    0.015    0.000    0.026    0.000 sdm.py:128(extract)
      430    0.006    0.000    0.026    0.000 doccer.py:29(docformat)
        1    0.000    0.000    0.026    0.026 polyhedron.py:1(<module>)
      302    0.000    0.000    0.026    0.000 rootoftools.py:110(_pure_factors)
      989    0.001    0.000    0.026    0.000 relational.py:1241(is_lt)
      999    0.002    0.000    0.026    0.000 relational.py:1265(is_ge)
    12957    0.006    0.000    0.026    0.000 add.py:652(<lambda>)
    41486    0.016    0.000    0.026    0.000 str.py:270(<genexpr>)
   310236    0.025    0.000    0.025    0.000 power.py:387(base)
      953    0.000    0.000    0.025    0.000 relational.py:1165(_eval_fuzzy_relation)
      102    0.001    0.000    0.025    0.000 mul.py:970(_eval_derivative_n_times)
    60868    0.011    0.000    0.025    0.000 rules.py:53(__contains__)
      131    0.001    0.000    0.025    0.000 _distn_infrastructure.py:749(_construct_argparser)
     9543    0.002    0.000    0.025    0.000 sdm.py:592(<lambda>)
        1    0.000    0.000    0.024    0.024 ctx_base.py:1(<module>)
     1403    0.001    0.000    0.024    0.000 <frozen importlib._bootstrap>:416(__enter__)
    90408    0.018    0.000    0.024    0.000 domain.py:821(__eq__)
      131    0.001    0.000    0.024    0.000 _distn_infrastructure.py:830(_construct_doc)
     4849    0.008    0.000    0.024    0.000 iterables.py:1917(has_dups)
    39426    0.015    0.000    0.024    0.000 integerring.py:53(to_sympy)
    34704    0.006    0.000    0.024    0.000 add.py:637(<genexpr>)
   232395    0.024    0.000    0.024    0.000 numbers.py:2425(as_numer_denom)
     4177    0.005    0.000    0.024    0.000 tokenize.py:212(untokenize)
        1    0.000    0.000    0.024    0.024 unitsystem.py:1(<module>)
10129/10128    0.003    0.000    0.024    0.000 mul.py:1356(_eval_is_infinite)
        1    0.000    0.000    0.024    0.024 immutable.py:1(<module>)
        1    0.000    0.000    0.024    0.024 quantities.py:1(<module>)
    16346    0.016    0.000    0.023    0.000 polyoptions.py:203(clone)
    45504    0.018    0.000    0.023    0.000 str.py:676(_print_Integer)
     4716    0.009    0.000    0.023    0.000 _docscrape.py:67(read_to_condition)
       76    0.000    0.000    0.023    0.000 dimensions.py:58(set_quantity_scale_factor)
        1    0.000    0.000    0.023    0.023 prefixes.py:1(<module>)
       26    0.000    0.000    0.023    0.001 prefixes.py:33(__new__)
     6075    0.006    0.000    0.023    0.000 densearith.py:140(dup_mul_term)
        2    0.000    0.000    0.022    0.011 _support_alternative_backends.py:1(<module>)
    16752    0.015    0.000    0.022    0.000 tokenize.py:569(_generate_tokens_from_c_tokenizer)
        1    0.000    0.000    0.022    0.022 polytools.py:1(<module>)
      226    0.001    0.000    0.022    0.000 function.py:162(__init__)
   167949    0.021    0.000    0.021    0.000 {method 'pop' of 'dict' objects}
    24208    0.007    0.000    0.021    0.000 solvers.py:181(<genexpr>)
        5    0.000    0.000    0.021    0.004 dimensions.py:301(__new__)
     1317    0.004    0.000    0.021    0.000 <frozen importlib._bootstrap>:733(_init_module_attrs)
        1    0.000    0.000    0.021    0.021 numerictypes.py:1(<module>)
11873/11871    0.007    0.000    0.021    0.000 mul.py:1268(_eval_is_complex)
     6176    0.002    0.000    0.021    0.000 conflict.py:19(ambiguous)
     1483    0.003    0.000    0.021    0.000 evalf.py:760(evalf_pow)
    41459    0.014    0.000    0.021    0.000 densebasic.py:252(dup_strip)
        1    0.000    0.000    0.021    0.021 intersection.py:1(<module>)
     3702    0.004    0.000    0.021    0.000 piecewise.py:21(__new__)
   219265    0.020    0.000    0.020    0.000 expr.py:2167(as_numer_denom)
        1    0.000    0.000    0.020    0.020 normal.py:1(<module>)
    16373    0.009    0.000    0.020    0.000 power.py:1051(_eval_expand_power_base)
     6768    0.005    0.000    0.020    0.000 rings.py:2275(canonical_unit)
      323    0.011    0.000    0.020    0.000 inspect.py:875(cleandoc)
   224344    0.020    0.000    0.020    0.000 {built-in method builtins.callable}
  150/148    0.000    0.000    0.020    0.000 power.py:619(_eval_is_zero)
     3415    0.001    0.000    0.020    0.000 _docscrape.py:77(read_to_next_empty_line)
     3631    0.009    0.000    0.020    0.000 _docscrape.py:168(_is_at_section)
     1135    0.003    0.000    0.020    0.000 <frozen importlib._bootstrap>:463(_lock_unlock_module)
      870    0.006    0.000    0.020    0.000 inspect.py:2366(_signature_from_function)
        1    0.000    0.000    0.020    0.020 bsplines.py:1(<module>)
      999    0.001    0.000    0.020    0.000 relational.py:1196(_n2)
     4309    0.003    0.000    0.020    0.000 numbers.py:3497(__add__)
        1    0.000    0.000    0.020    0.020 _type_aliases.py:1(<module>)
     2376    0.006    0.000    0.019    0.000 <frozen importlib._bootstrap_external>:482(cache_from_source)
    14710    0.005    0.000    0.019    0.000 domainmatrix.py:172(getitem_sympy)
      302    0.000    0.000    0.019    0.000 polytools.py:3331(factor_list)
        1    0.000    0.000    0.019    0.019 _optimize.py:1(<module>)
    20436    0.012    0.000    0.019    0.000 numbers.py:2191(__sub__)
     2365    0.001    0.000    0.019    0.000 polyclasses.py:285(to_ring)
      159    0.000    0.000    0.019    0.000 _parser.py:969(parse)
      327    0.000    0.000    0.019    0.000 polyutils.py:311(_dict_from_expr_no_gens)
   329156    0.019    0.000    0.019    0.000 polyoptions.py:37(postprocess)
    33940    0.012    0.000    0.019    0.000 rings.py:1905(iterterms)
39200/39198    0.006    0.000    0.019    0.000 mul.py:1381(<genexpr>)
        1    0.000    0.000    0.019    0.019 mks.py:1(<module>)
    46187    0.008    0.000    0.019    0.000 domain.py:825(__ne__)
       24    0.000    0.000    0.019    0.001 _util.py:277(decorator)
    15705    0.012    0.000    0.019    0.000 iterables.py:1964(uniq)
    13223    0.004    0.000    0.018    0.000 conflict.py:43(edge)
      2/1    0.000    0.000    0.018    0.018 load_grammar.py:891(load_grammar)
  670/159    0.002    0.000    0.018    0.000 _parser.py:452(_parse_sub)
        2    0.000    0.000    0.018    0.009 exponential.py:946(_eval_is_extended_nonnegative)
    22620    0.018    0.000    0.018    0.000 libmpf.py:208(_normalize1)
      302    0.000    0.000    0.018    0.000 polyclasses.py:821(factor_list)
       14    0.017    0.001    0.018    0.001 exceptions.py:1(<module>)
       20    0.000    0.000    0.018    0.001 factor_.py:248(multiplicity)
      302    0.001    0.000    0.018    0.000 polytools.py:828(retract)
   143637    0.018    0.000    0.018    0.000 expr.py:3550(as_coeff_Mul)
    13209    0.010    0.000    0.018    0.000 pythonmpq.py:271(__mul__)
     6176    0.009    0.000    0.018    0.000 conflict.py:12(consistent)
    46588    0.018    0.000    0.018    0.000 sdm.py:80(getitem)
      302    0.000    0.000    0.018    0.000 factortools.py:1390(dmp_factor_list)
  955/228    0.007    0.000    0.017    0.000 _parser.py:512(_parse)
      302    0.001    0.000    0.017    0.000 factortools.py:1313(dup_factor_list)
       23    0.000    0.000    0.017    0.001 _support_alternative_backends.py:46(wrapper)
    61183    0.015    0.000    0.017    0.000 {method 'join' of 'str' objects}
    89/47    0.000    0.000    0.017    0.000 expr.py:3471(as_leading_term)
        1    0.000    0.000    0.017    0.017 py3k.py:1(<module>)
     4177    0.015    0.000    0.017    0.000 tokenize.py:260(compat)
      226    0.001    0.000    0.017    0.000 function.py:122(arity)
 9030/217    0.008    0.000    0.017    0.000 copy.py:118(deepcopy)
    13070    0.003    0.000    0.017    0.000 add.py:641(<genexpr>)
        3    0.000    0.000    0.017    0.006 dimensions.py:449(extend)
     9105    0.002    0.000    0.017    0.000 domain.py:661(from_ExpressionRawDomain)
    17754    0.010    0.000    0.017    0.000 orderings.py:199(monomial_key)
     1892    0.003    0.000    0.017    0.000 symbol.py:298(__xnew__)
     5163    0.006    0.000    0.017    0.000 matrices.py:1799(key2ij)
      210    0.000    0.000    0.016    0.000 inspect.py:856(getdoc)
        1    0.000    0.000    0.016    0.016 power.py:1(<module>)
        1    0.000    0.000    0.016    0.016 multiarray.py:1(<module>)
    12432    0.009    0.000    0.016    0.000 pythonmpq.py:240(__sub__)
     4177    0.013    0.000    0.016    0.000 sympy_parser.py:534(auto_symbol)
        1    0.000    0.000    0.016    0.016 sympify.py:1(<module>)
     1883    0.001    0.000    0.016    0.000 _docscrape.py:573(dedent_lines)
        1    0.000    0.000    0.016    0.016 constructor.py:1(<module>)
       50    0.000    0.000    0.016    0.000 expr.py:1079(as_poly)
    22097    0.006    0.000    0.016    0.000 polyutils.py:364(<genexpr>)
31187/3066    0.012    0.000    0.016    0.000 powsimp.py:469(_terms)
        3    0.000    0.000    0.016    0.005 parser_frontends.py:136(parse)
        3    0.000    0.000    0.016    0.005 parser_frontends.py:66(_parse)
        3    0.000    0.000    0.016    0.005 lalr_parser.py:34(parse)
        3    0.000    0.000    0.016    0.005 lalr_parser.py:126(parse)
        3    0.000    0.000    0.016    0.005 lalr_parser.py:131(parse_from_state)
    15918    0.010    0.000    0.016    0.000 conflict.py:7(supercedes)
    27615    0.008    0.000    0.016    0.000 libintmath.py:91(python_bitcount)
     1546    0.004    0.000    0.015    0.000 initial_value_provider.py:107(_get_ub_for_initial_monomial)
    16990    0.006    0.000    0.015    0.000 utilities.py:24(_dotprodsimp)
       10    0.000    0.000    0.015    0.002 solvers.py:187(solve_lin_sys)
   139482    0.015    0.000    0.015    0.000 {built-in method math.gcd}
        1    0.000    0.000    0.015    0.015 overrides.py:1(<module>)
    51392    0.009    0.000    0.015    0.000 expr.py:1133(<lambda>)
     4714    0.002    0.000    0.015    0.000 <frozen importlib._bootstrap_external>:140(_path_stat)
        5    0.000    0.000    0.015    0.003 polyhedron.py:34(__new__)
      302    0.000    0.000    0.015    0.000 factortools.py:619(dup_zz_factor)
  432/216    0.002    0.000    0.015    0.000 copy.py:217(_deepcopy_dict)
      317    0.003    0.000    0.015    0.000 overrides.py:142(decorator)
     3411    0.005    0.000    0.015    0.000 determinant.py:17(_find_reasonable_pivot)
        1    0.000    0.000    0.015    0.015 load_grammar.py:537(compile)
    16345    0.015    0.000    0.015    0.000 mul.py:1682(_eval_subs)
     8679    0.009    0.000    0.015    0.000 <frozen importlib._bootstrap_external>:126(_path_join)
        1    0.000    0.000    0.015    0.015 slice.py:1(<module>)
     1189    0.014    0.000    0.014    0.000 {method 'read' of '_io.BufferedReader' objects}
        1    0.000    0.000    0.014    0.014 _new_distributions.py:1(<module>)
    39/27    0.000    0.000    0.014    0.001 order.py:374(contains)
        1    0.000    0.000    0.014    0.014 mksa.py:1(<module>)
    96760    0.014    0.000    0.014    0.000 pythonmpq.py:122(__bool__)
     7768    0.008    0.000    0.014    0.000 assumptions.py:389(check_assumptions)
     2538    0.005    0.000    0.014    0.000 <frozen importlib._bootstrap>:162(__enter__)
        3    0.000    0.000    0.014    0.005 _distribution_infrastructure.py:1317(_combine_docs)
     3962    0.005    0.000    0.014    0.000 sdm.py:70(__init__)
     2481    0.001    0.000    0.014    0.000 <frozen importlib._bootstrap>:632(cached)
     7769    0.005    0.000    0.014    0.000 basic.py:2205(_make_find_query)
        1    0.000    0.000    0.014    0.014 matexpr.py:1(<module>)
        1    0.000    0.000    0.014    0.014 load_grammar.py:850(__init__)
    43795    0.007    0.000    0.014    0.000 polyutils.py:360(<genexpr>)
    61024    0.011    0.000    0.014    0.000 simplify.py:734(<lambda>)
    15052    0.011    0.000    0.014    0.000 densebasic.py:1019(dup_to_dict)
    52405    0.010    0.000    0.013    0.000 domain.py:465(of_type)
        1    0.000    0.000    0.013    0.013 _morestats.py:1(<module>)
    48862    0.013    0.000    0.013    0.000 {method 'update' of 'dict' objects}
     4717    0.013    0.000    0.013    0.000 {built-in method posix.stat}
    19/13    0.000    0.000    0.013    0.001 expr.py:3342(nseries)
     4849    0.007    0.000    0.013    0.000 iterables.py:1937(<genexpr>)
   118320    0.012    0.000    0.013    0.000 {built-in method _operator.index}
     2436    0.001    0.000    0.013    0.000 numbers.py:2277(__ge__)
     1293    0.002    0.000    0.013    0.000 <frozen importlib._bootstrap_external>:611(_get_cached)
        2    0.000    0.000    0.013    0.006 _base.py:1(<module>)
     6768    0.004    0.000    0.013    0.000 rings.py:1747(LC)
      128    0.001    0.000    0.013    0.000 monomials.py:408(mul)
    78350    0.013    0.000    0.013    0.000 {method 'startswith' of 'str' objects}
   193624    0.012    0.000    0.012    0.000 basic.py:198(_hashable_content)
       50    0.001    0.000    0.012    0.000 solvers.py:3071(_invert)
      135    0.001    0.000    0.012    0.000 visitors.py:185(transform)
        1    0.000    0.000    0.012    0.012 _sputils.py:1(<module>)
        1    0.000    0.000    0.012    0.012 length_weight_time.py:1(<module>)
      682    0.002    0.000    0.012    0.000 permutations.py:901(__new__)
      439    0.006    0.000    0.012    0.000 doccer.py:225(indentcount_lines)
     1486    0.003    0.000    0.012    0.000 libmpf.py:1368(mpf_sqrt)
        1    0.000    0.000    0.012    0.012 numeric.py:1(<module>)
        1    0.000    0.000    0.012    0.012 products.py:1(<module>)
    10247    0.007    0.000    0.012    0.000 numbers.py:2182(__radd__)
        1    0.000    0.000    0.012    0.012 _util.py:1(<module>)
    28699    0.010    0.000    0.012    0.000 polyclasses.py:151(__init__)
      355    0.000    0.000    0.012    0.000 polytools.py:219(from_dict)
     9815    0.003    0.000    0.012    0.000 mul.py:1528(_eval_is_antihermitian)
       22    0.000    0.000    0.012    0.001 expr.py:3522(leadterm)
        2    0.000    0.000    0.012    0.006 exponential.py:940(_eval_is_extended_positive)
        1    0.000    0.000    0.012    0.012 function.py:1(<module>)
      938    0.001    0.000    0.012    0.000 quantities.py:24(__new__)
        1    0.000    0.000    0.012    0.012 _discrete_distns.py:1(<module>)
    59907    0.011    0.000    0.011    0.000 {built-in method builtins.round}
     8747    0.003    0.000    0.011    0.000 rationalfield.py:105(from_ZZ)
       30    0.001    0.000    0.011    0.000 order.py:130(__new__)
      548    0.001    0.000    0.011    0.000 symbol.py:446(__new__)
        1    0.000    0.000    0.011    0.011 pathlib.py:1(<module>)
    22/10    0.000    0.000    0.011    0.001 exponential.py:273(eval)
     5641    0.006    0.000    0.011    0.000 pythonmpq.py:307(__truediv__)
      216    0.001    0.000    0.011    0.000 _docscrape.py:366(_parse_summary)
     3071    0.001    0.000    0.011    0.000 sdm.py:178(new)
       30    0.000    0.000    0.011    0.000 dataclasses.py:1257(wrap)
       30    0.001    0.000    0.011    0.000 dataclasses.py:921(_process_class)
   104/96    0.000    0.000    0.011    0.000 typing.py:508(__getitem__)
        1    0.000    0.000    0.011    0.011 _array_api.py:1(<module>)
     5391    0.011    0.000    0.011    0.000 {method 'sub' of 're.Pattern' objects}
    39179    0.011    0.000    0.011    0.000 facts.py:579(__init__)
    34025    0.006    0.000    0.011    0.000 solvers.py:968(<lambda>)
       95    0.001    0.000    0.011    0.000 typing.py:687(Union)
    35651    0.006    0.000    0.011    0.000 solvers.py:1359(<lambda>)
        2    0.000    0.000    0.011    0.005 exponential.py:1(<module>)
    30128    0.007    0.000    0.011    0.000 numbers.py:2144(__abs__)
     1189    0.011    0.000    0.011    0.000 {built-in method _io.open_code}
       21    0.000    0.000    0.011    0.001 _distn_infrastructure.py:3319(__init__)
        1    0.000    0.000    0.011    0.011 comparison.py:1(<module>)
     1366    0.006    0.000    0.010    0.000 functools.py:35(update_wrapper)
    12461    0.009    0.000    0.010    0.000 polyoptions.py:749(allowed_flags)
        1    0.000    0.000    0.010    0.010 _decomp.py:1(<module>)
  821/347    0.001    0.000    0.010    0.000 utils.py:310(bfs)
      125    0.000    0.000    0.010    0.000 _compiler.py:573(_code)
        1    0.000    0.000    0.010    0.010 _rotation_groups.py:1(<module>)
        1    0.000    0.000    0.010    0.010 _array_like.py:1(<module>)
     3072    0.010    0.000    0.010    0.000 {method 'findall' of 're.Pattern' objects}
        2    0.000    0.000    0.010    0.005 lalr_analysis.py:146(compute_lr0_states)
        6    0.000    0.000    0.010    0.002 _docscrape.py:626(__init__)
        1    0.000    0.000    0.010    0.010 summations.py:1(<module>)
      386    0.002    0.000    0.010    0.000 expr.py:1715(as_independent)
    12158    0.005    0.000    0.010    0.000 add.py:1207(<genexpr>)
70861/70782    0.009    0.000    0.010    0.000 {built-in method builtins.divmod}
      759    0.001    0.000    0.010    0.000 lexer.py:346(next_token)
      210    0.001    0.000    0.010    0.000 _docscrape.py:599(__str__)
       50    0.000    0.000    0.010    0.000 iterables.py:2612(minlex)
    77969    0.010    0.000    0.010    0.000 precedence.py:73(precedence_Integer)
      128    0.001    0.000    0.010    0.000 monomials.py:462(div)
      978    0.002    0.000    0.010    0.000 lalr_analysis.py:151(step)
      302    0.001    0.000    0.009    0.000 rootoftools.py:442(_get_reals)
     5651    0.003    0.000    0.009    0.000 polytools.py:511(per)
   113466    0.009    0.000    0.009    0.000 numbers.py:3117(__bool__)
    34031    0.005    0.000    0.009    0.000 basic.py:2212(<lambda>)
        2    0.000    0.000    0.009    0.005 lalr_analysis.py:137(__init__)
    29789    0.006    0.000    0.009    0.000 integerring.py:214(gcd)
        2    0.000    0.000    0.009    0.005 grammar_analysis.py:125(__init__)
        1    0.000    0.000    0.009    0.009 _linprog.py:1(<module>)
    48208    0.007    0.000    0.009    0.000 polyutils.py:350(_is_expandable_pow)
    16990    0.008    0.000    0.009    0.000 simplify.py:1959(dotprodsimp)
    55738    0.009    0.000    0.009    0.000 {method 'popitem' of 'dict' objects}
     4177    0.007    0.000    0.009    0.000 sympy_parser.py:667(repeated_decimals)
      917    0.001    0.000    0.009    0.000 basic.py:713(is_comparable)
      546    0.000    0.000    0.009    0.000 power.py:814(_eval_is_prime)
     2538    0.004    0.000    0.009    0.000 <frozen importlib._bootstrap>:124(setdefault)
      213    0.001    0.000    0.009    0.000 _docscrape.py:548(__str__)
11312/5661    0.004    0.000    0.009    0.000 domain.py:679(unify)
        1    0.000    0.000    0.009    0.009 error_functions.py:1(<module>)
    20488    0.009    0.000    0.009    0.000 rings.py:575(new)
     6778    0.003    0.000    0.009    0.000 polyoptions.py:358(preprocess)
        1    0.000    0.000    0.009    0.009 gtk.py:1(<module>)
        3    0.000    0.000    0.009    0.003 mul.py:1946(_eval_nseries)
      139    0.001    0.000    0.009    0.000 sets.py:1926(__new__)
       16    0.000    0.000    0.009    0.001 factortools.py:314(dup_zz_zassenhaus)
     1707    0.001    0.000    0.009    0.000 <frozen importlib._bootstrap_external>:159(_path_isfile)
     3165    0.001    0.000    0.009    0.000 basic.py:1304(has_xfree)
    52930    0.009    0.000    0.009    0.000 {built-in method math.ldexp}
      229    0.000    0.000    0.008    0.000 repmatrix.py:328(__new__)
        1    0.000    0.000    0.008    0.008 trigonometric.py:1(<module>)
        2    0.000    0.000    0.008    0.004 _matfuncs.py:1(<module>)
       30    0.000    0.000    0.008    0.000 dataclasses.py:1240(dataclass)
      302    0.001    0.000    0.008    0.000 polytools.py:2253(clear_denoms)
        1    0.000    0.000    0.008    0.008 complexes.py:1(<module>)
      210    0.000    0.000    0.008    0.000 expectation_map.py:44(<genexpr>)
   106/95    0.001    0.000    0.008    0.000 numbers.py:2306(_eval_power)
      131    0.000    0.000    0.008    0.000 _distn_infrastructure.py:735(_attach_argparser_methods)
        2    0.004    0.002    0.008    0.004 grammar_analysis.py:62(calculate_sets)
  997/125    0.003    0.000    0.008    0.000 _compiler.py:37(_compile)
    40247    0.008    0.000    0.008    0.000 assumptions.py:489(as_property)
        2    0.001    0.000    0.008    0.004 shape_base.py:1(<module>)
     1341    0.000    0.000    0.008    0.000 symbol.py:344(__xnew_cached_)
    42816    0.008    0.000    0.008    0.000 integerring.py:57(from_sympy)
        1    0.000    0.000    0.008    0.008 union.py:1(<module>)
    48512    0.006    0.000    0.008    0.000 grammar.py:20(__hash__)
       51    0.000    0.000    0.008    0.000 expr.py:1647(as_coefficient)
        1    0.000    0.000    0.008    0.008 _distn_infrastructure.py:1(<module>)
      110    0.000    0.000    0.008    0.000 _distn_infrastructure.py:1923(_attach_methods)
     2538    0.005    0.000    0.008    0.000 <frozen importlib._bootstrap>:372(release)
    72049    0.008    0.000    0.008    0.000 boolalg.py:460(<lambda>)
       10    0.000    0.000    0.008    0.001 solvers.py:304(_solve_lin_sys)
        2    0.000    0.000    0.008    0.004 dense.py:1(<module>)
    32268    0.006    0.000    0.008    0.000 densebasic.py:134(dup_degree)
29173/29167    0.005    0.000    0.008    0.000 mul.py:1269(<genexpr>)
     1074    0.001    0.000    0.008    0.000 lexer.py:335(match)
        3    0.000    0.000    0.008    0.003 add.py:509(_eval_nseries)
       55    0.000    0.000    0.008    0.000 visitors.py:168(transform)
     1301    0.000    0.000    0.008    0.000 _docscrape.py:85(read_to_next_unindented_line)
    19948    0.005    0.000    0.008    0.000 function.py:1906(<genexpr>)
        7    0.000    0.000    0.008    0.001 mul.py:842(as_real_imag)
       27    0.000    0.000    0.008    0.000 dimensions.py:241(__mul__)
        3    0.000    0.000    0.008    0.003 crv_types.py:3151(_moment_generating_function)
     2538    0.005    0.000    0.008    0.000 <frozen importlib._bootstrap>:426(_get_module_lock)
        1    0.000    0.000    0.008    0.008 symbol.py:1(<module>)
    27627    0.008    0.000    0.008    0.000 {built-in method _bisect.bisect_right}
     1842    0.001    0.000    0.008    0.000 <frozen importlib._bootstrap_external>:150(_path_is_mode_type)
        1    0.000    0.000    0.008    0.008 __init__.py:16(normalize_program)
      367    0.000    0.000    0.008    0.000 permutations.py:1622(__call__)
      278    0.002    0.000    0.008    0.000 overrides.py:83(verify_matching_signatures)
        8    0.000    0.000    0.008    0.001 add.py:1018(_eval_as_leading_term)
     9567    0.004    0.000    0.007    0.000 exprtools.py:1076(<genexpr>)
    20/16    0.000    0.000    0.007    0.000 limits.py:199(doit)
        1    0.000    0.000    0.007    0.007 matmul.py:1(<module>)
      142    0.000    0.000    0.007    0.000 power.py:740(_eval_is_imaginary)
       77    0.003    0.000    0.007    0.000 __init__.py:355(namedtuple)
        4    0.000    0.000    0.007    0.002 power.py:1620(_eval_nseries)
        1    0.000    0.000    0.007    0.007 ctx_mp.py:1(<module>)
     4043    0.002    0.000    0.007    0.000 mul.py:1265(<lambda>)
     1293    0.002    0.000    0.007    0.000 <frozen importlib._bootstrap_external>:1588(_get_spec)
        1    0.000    0.000    0.007    0.007 _dtype_like.py:1(<module>)
     2648    0.004    0.000    0.007    0.000 initial_value_provider.py:85(_get_lb_of_pow_of_initial)
    81646    0.007    0.000    0.007    0.000 add.py:652(<genexpr>)
    99234    0.007    0.000    0.007    0.000 polyoptions.py:29(default)
    12575    0.004    0.000    0.007    0.000 __init__.py:447(_make)
       58    0.000    0.000    0.007    0.000 lexer.py:285(__init__)
       13    0.000    0.000    0.007    0.001 dimensions.py:256(__truediv__)
     5746    0.003    0.000    0.007    0.000 libmpf.py:626(mpf_lt)
    11838    0.004    0.000    0.007    0.000 assumptions.py:484(generator)
        2    0.003    0.001    0.007    0.003 lalr_analysis.py:209(compute_includes_lookback)
      128    0.000    0.000    0.007    0.000 monomials.py:478(lcm)
     7776    0.003    0.000    0.007    0.000 solvers.py:979(<genexpr>)
        1    0.000    0.000    0.007    0.007 parse.py:1(<module>)
       13    0.000    0.000    0.007    0.001 numbers.py:3213(_eval_power)
       10    0.000    0.000    0.007    0.001 solvers.py:365(_solve_lin_sys_component)
     1661    0.003    0.000    0.007    0.000 inspect.py:2998(__init__)
    27206    0.005    0.000    0.007    0.000 common.py:3177(a2idx)
    37317    0.006    0.000    0.007    0.000 polyutils.py:328(<genexpr>)
     5651    0.002    0.000    0.007    0.000 domain.py:673(unify_with_symbols)
      100    0.000    0.000    0.007    0.000 solvers.py:283(to_sympy)
    45/12    0.000    0.000    0.007    0.001 typing.py:1267(__getitem__)
    27434    0.004    0.000    0.007    0.000 utilities.py:58(_iszero)
        1    0.000    0.000    0.007    0.007 crv_types.py:1(<module>)
     1074    0.000    0.000    0.007    0.000 lexer.py:329(mres)
     2295    0.001    0.000    0.007    0.000 __init__.py:179(sub)
       13    0.000    0.000    0.007    0.001 lexer.py:316(_build)
     6849    0.004    0.000    0.007    0.000 polyclasses.py:172(unify)
     4177    0.005    0.000    0.007    0.000 sympy_parser.py:625(factorial_notation)
     2376    0.003    0.000    0.007    0.000 <frozen importlib._bootstrap_external>:132(_path_split)
        2    0.000    0.000    0.007    0.003 _internal.py:1(<module>)
        1    0.000    0.000    0.007    0.007 parser.py:1(<module>)
       98    0.000    0.000    0.007    0.000 dataclasses.py:449(_create_fn)
     8203    0.006    0.000    0.006    0.000 dispatcher.py:231(__call__)
        1    0.000    0.000    0.006    0.006 lark.py:478(parse)
     6075    0.005    0.000    0.006    0.000 densearith.py:14(dup_add_term)
    58360    0.006    0.000    0.006    0.000 {method 'strip' of 'str' objects}
     6498    0.004    0.000    0.006    0.000 polyclasses.py:202(per)
        3    0.000    0.000    0.006    0.002 exponential.py:524(_taylor)
        1    0.000    0.000    0.006    0.006 _codata.py:1(<module>)
       22    0.000    0.000    0.006    0.000 power.py:1379(_eval_derivative)
    42169    0.006    0.000    0.006    0.000 numbers.py:814(as_coeff_mul)
    29688    0.004    0.000    0.006    0.000 _docscrape.py:64(eof)
        2    0.000    0.000    0.006    0.003 random.py:1(<module>)
       16    0.000    0.000    0.006    0.000 lexer.py:255(build_mres)
       16    0.000    0.000    0.006    0.000 lexer.py:235(_build_mres)
       10    0.000    0.000    0.006    0.001 common.py:2673(__mul__)
     7046    0.004    0.000    0.006    0.000 _docscrape.py:57(seek_next_non_empty_line)
       10    0.000    0.000    0.006    0.001 common.py:2704(multiply)
        4    0.000    0.000    0.006    0.002 basic.py:1(<module>)
      615    0.003    0.000    0.006    0.000 symbol.py:606(symbols)
        1    0.000    0.000    0.006    0.006 evalf.py:1(<module>)
     1515    0.001    0.000    0.006    0.000 libintmath.py:299(isqrt_python)
       10    0.000    0.000    0.006    0.001 solvers.py:132(sympy_eqs_to_ring)
    53001    0.006    0.000    0.006    0.000 numbers.py:1208(_hashable_content)
        1    0.000    0.000    0.006    0.006 _multicomp.py:1(<module>)
     6330    0.002    0.000    0.006    0.000 basic.py:1329(<genexpr>)
       10    0.000    0.000    0.006    0.001 repmatrix.py:248(_eval_matrix_mul)
     2945    0.003    0.000    0.006    0.000 inspect.py:2712(__init__)
        1    0.000    0.000    0.006    0.006 minpoly.py:1(<module>)
    62429    0.006    0.000    0.006    0.000 expr.py:1148(<genexpr>)
      373    0.000    0.000    0.006    0.000 power.py:643(_eval_is_integer)
     3519    0.001    0.000    0.006    0.000 visitors.py:182(_transform_tree)
       10    0.000    0.000    0.006    0.001 domainmatrix.py:809(__mul__)
      128    0.000    0.000    0.006    0.000 monomials.py:434(mulpow)
    30542    0.004    0.000    0.006    0.000 rings.py:189(<genexpr>)
       99    0.000    0.000    0.006    0.000 lexer.py:427(lex)
      100    0.001    0.000    0.006    0.000 iterables.py:1160(least_rotation)
     2129    0.001    0.000    0.006    0.000 polytools.py:324(__hash__)
       25    0.000    0.000    0.006    0.000 polytools.py:4723(degree_list)
     8421    0.004    0.000    0.006    0.000 libmpf.py:574(mpf_cmp)
       23    0.000    0.000    0.006    0.000 square_extraction.py:39(_factor_if_exists)
    77124    0.006    0.000    0.006    0.000 numbers.py:2126(__int__)
        2    0.000    0.000    0.006    0.003 bessel.py:1(<module>)
      325    0.001    0.000    0.006    0.000 function_base.py:497(add_newdoc)
     1403    0.001    0.000    0.006    0.000 <frozen importlib._bootstrap>:420(__exit__)
      128    0.000    0.000    0.006    0.000 monomials.py:492(gcd)
        2    0.000    0.000    0.006    0.003 _add_newdocs.py:1(<module>)
        2    0.000    0.000    0.006    0.003 transforms.py:1(<module>)
      8/4    0.000    0.000    0.006    0.001 powsimp.py:493(powdenest)
        3    0.000    0.000    0.006    0.002 matrices.py:1(<module>)
     3702    0.001    0.000    0.006    0.000 basic.py:24(as_Basic)
     4177    0.004    0.000    0.006    0.000 sympy_parser.py:758(auto_number)
        1    0.000    0.000    0.006    0.006 gmpy.py:1(<module>)
    12883    0.005    0.000    0.006    0.000 {method 'difference' of 'set' objects}
     4177    0.004    0.000    0.006    0.000 sympy_parser.py:652(convert_xor)
    18588    0.003    0.000    0.005    0.000 polyoptions.py:291(<genexpr>)
    17324    0.005    0.000    0.005    0.000 polyoptions.py:566(postprocess)
      759    0.003    0.000    0.005    0.000 lalr_parser.py:76(feed_token)
    53871    0.005    0.000    0.005    0.000 str.py:845(_print_Symbol)
     9094    0.004    0.000    0.005    0.000 mul.py:813(as_coeff_mul)
     4601    0.002    0.000    0.005    0.000 integerring.py:66(get_field)
     1550    0.002    0.000    0.005    0.000 libintmath.py:279(sqrtrem_python)
    42979    0.005    0.000    0.005    0.000 polyutils.py:240(_is_coeff)
        1    0.000    0.000    0.005    0.005 parser_frontends.py:158(init_lexer)
       93    0.000    0.000    0.005    0.000 dimensions.py:340(parse_dict)
      131    0.000    0.000    0.005    0.000 _distn_infrastructure.py:683(__init__)
       66    0.000    0.000    0.005    0.000 typing.py:514(__getitem__)
    22/15    0.000    0.000    0.005    0.000 helpers.py:6(eval)
        1    0.000    0.000    0.005    0.005 lexer.py:395(__init__)
    48/16    0.000    0.000    0.005    0.000 factortools.py:250(dup_zz_hensel_lift)
       10    0.000    0.000    0.005    0.001 domainmatrix.py:1024(matmul)
        1    0.000    0.000    0.005    0.005 algebraicfield.py:1(<module>)
        1    0.000    0.000    0.005    0.005 ode.py:1(<module>)
        1    0.000    0.000    0.005    0.005 fromnumeric.py:1(<module>)
        1    0.000    0.000    0.005    0.005 _resampling.py:1(<module>)
    29668    0.005    0.000    0.005    0.000 {method 'groups' of 're.Match' objects}
     8093    0.003    0.000    0.005    0.000 conflict.py:15(<genexpr>)
        1    0.000    0.000    0.005    0.005 _pickle.py:1(<module>)
       10    0.000    0.000    0.005    0.001 sdm.py:444(matmul)
      530    0.004    0.000    0.005    0.000 tree.py:79(iter_subtrees)
        2    0.001    0.001    0.005    0.003 lalr_analysis.py:238(compute_lookaheads)
      128    0.000    0.000    0.005    0.000 monomials.py:422(pow)
      673    0.001    0.000    0.005    0.000 domainmatrix.py:105(__new__)
        1    0.000    0.000    0.005    0.005 _linprog_ip.py:1(<module>)
        1    0.000    0.000    0.005    0.005 simplify.py:1(<module>)
        1    0.000    0.000    0.005    0.005 _mgc.py:1(<module>)
     1293    0.003    0.000    0.005    0.000 <frozen importlib._bootstrap_external>:802(spec_from_file_location)
        1    0.000    0.000    0.005    0.005 pythonmpq.py:1(<module>)
       10    0.000    0.000    0.005    0.001 sdm.py:934(sdm_matmul)
        1    0.000    0.000    0.005    0.005 _svds.py:1(<module>)
       29    0.000    0.000    0.005    0.000 polytools.py:4453(poly_from_expr)
        2    0.000    0.000    0.005    0.003 utilities.py:1(<module>)
       10    0.000    0.000    0.005    0.001 sdm.py:978(sdm_matmul_exraw)
      160    0.001    0.000    0.005    0.000 <frozen abc>:105(__new__)
        1    0.000    0.000    0.005    0.005 rootoftools.py:1(<module>)
     3439    0.003    0.000    0.005    0.000 numbers.py:2095(__new__)
      302    0.001    0.000    0.005    0.000 rootoftools.py:480(_reals_sorted)
      128    0.000    0.000    0.005    0.000 monomials.py:448(ldiv)
        1    0.000    0.000    0.005    0.005 load_grammar.py:866(import_grammar)
        1    0.000    0.000    0.005    0.005 _qmc.py:1(<module>)
    18708    0.003    0.000    0.005    0.000 _docscrape.py:80(is_empty)
       54    0.001    0.000    0.005    0.000 typing.py:746(Literal)
      482    0.001    0.000    0.005    0.000 iterables.py:579(sift)
     7034    0.005    0.000    0.005    0.000 libmpf.py:884(python_mpf_mul)
        1    0.000    0.000    0.005    0.005 _solvers.py:1(<module>)
        1    0.000    0.000    0.005    0.005 _char_codes.py:1(<module>)
    58201    0.005    0.000    0.005    0.000 {method 'lstrip' of 'str' objects}
       22    0.000    0.000    0.005    0.000 function.py:2487(expand)
    51471    0.005    0.000    0.005    0.000 expr.py:3672(_expand_hint_key)
      836    0.002    0.000    0.005    0.000 initial_value_provider.py:57(_get_ub_of_pow_of_initial)
        1    0.000    0.000    0.005    0.005 _linprog_util.py:1(<module>)
        4    0.000    0.000    0.005    0.001 eigen.py:1(<module>)
     1631    0.001    0.000    0.005    0.000 <frozen importlib._bootstrap_external>:1469(_path_importer_cache)
       29    0.000    0.000    0.005    0.000 polytools.py:4460(_poly_from_expr)
        1    0.000    0.000    0.005    0.005 boolalg.py:1(<module>)
    18138    0.005    0.000    0.005    0.000 polyoptions.py:215(__setattr__)
     3324    0.002    0.000    0.005    0.000 numbers.py:1721(__sub__)
     1006    0.001    0.000    0.005    0.000 multinomial.py:55(multinomial_coefficients)
     9540    0.005    0.000    0.005    0.000 {method 'splitlines' of 'str' objects}
       36    0.000    0.000    0.005    0.000 dimensions.py:237(_eval_power)
      208    0.000    0.000    0.005    0.000 densearith.py:1515(dup_div)
     6768    0.002    0.000    0.005    0.000 rings.py:1683(leading_expv)
    60572    0.005    0.000    0.005    0.000 polyoptions.py:703(default)
    19717    0.005    0.000    0.005    0.000 {method 'get' of 'mappingproxy' objects}
        1    0.000    0.000    0.005    0.005 unit_definitions.py:1(<module>)
      565    0.002    0.000    0.005    0.000 typing.py:175(_type_check)
     7973    0.004    0.000    0.005    0.000 domain.py:368(__hash__)
      208    0.001    0.000    0.005    0.000 densearith.py:1308(dup_rr_div)
       23    0.000    0.000    0.005    0.000 poly_assignment.py:102(get_moment)
    13485    0.004    0.000    0.005    0.000 {built-in method builtins.setattr}
        1    0.000    0.000    0.005    0.005 limits.py:1(<module>)
        1    0.000    0.000    0.005    0.005 _remove_redundancy.py:1(<module>)
       93    0.000    0.000    0.005    0.000 pydoc.py:190(getdoc)
    17324    0.004    0.000    0.004    0.000 polyoptions.py:498(postprocess)
        1    0.000    0.000    0.004    0.004 polyclasses.py:1(<module>)
      605    0.001    0.000    0.004    0.000 _inspect.py:96(getargspec)
      302    0.001    0.000    0.004    0.000 polyroots.py:682(_integer_basis)
     1917    0.003    0.000    0.004    0.000 _docscrape.py:475(_str_param_list)
        1    0.000    0.000    0.004    0.004 pretty.py:1(<module>)
     7499    0.001    0.000    0.004    0.000 symbol.py:365(_eval_subs)
        1    0.000    0.000    0.004    0.004 _kde.py:1(<module>)
     6093    0.002    0.000    0.004    0.000 containers.py:58(__getitem__)
        1    0.000    0.000    0.004    0.004 interpolative.py:1(<module>)
      434    0.001    0.000    0.004    0.000 iterables.py:57(flatten)
        1    0.000    0.000    0.004    0.004 _misc.py:1(<module>)
       57    0.000    0.000    0.004    0.000 miscellaneous.py:67(sqrt)
     9341    0.004    0.000    0.004    0.000 {method 'intersection' of 'set' objects}
     6768    0.003    0.000    0.004    0.000 rings.py:1703(_get_coeff)
    45/12    0.000    0.000    0.004    0.000 typing.py:1299(_determine_new_args)
       51    0.000    0.000    0.004    0.000 factortools.py:193(dup_zz_hensel_step)
    24881    0.004    0.000    0.004    0.000 printer.py:283(order)
    13068    0.004    0.000    0.004    0.000 {method 'replace' of 'str' objects}
     1901    0.002    0.000    0.004    0.000 piecewise.py:155(eval)
       93    0.000    0.000    0.004    0.000 pydoc.py:174(_getdoc)
    45/12    0.000    0.000    0.004    0.000 typing.py:1328(_make_substitution)
        1    0.000    0.000    0.004    0.004 singularity_functions.py:1(<module>)
    15496    0.003    0.000    0.004    0.000 solvers.py:990(<genexpr>)
    51453    0.004    0.000    0.004    0.000 orderings.py:42(__call__)
    37091    0.004    0.000    0.004    0.000 common.py:598(shape)
     4835    0.001    0.000    0.004    0.000 pythonmpq.py:126(__eq__)
        1    0.000    0.000    0.004    0.004 _minimize.py:1(<module>)
    38/28    0.000    0.000    0.004    0.000 mul.py:897(_expandsums)
        1    0.000    0.000    0.004    0.004 _decomp_svd.py:1(<module>)
    15780    0.004    0.000    0.004    0.000 powsimp.py:165(<genexpr>)
        1    0.000    0.000    0.004    0.004 lark.py:1(<module>)
      230    0.000    0.000    0.004    0.000 polytools.py:765(to_ring)
    28576    0.004    0.000    0.004    0.000 {method 'values' of 'dict' objects}
    23436    0.004    0.000    0.004    0.000 {method 'rstrip' of 'str' objects}
      660    0.000    0.000    0.004    0.000 lexer.py:341(lex)
       21    0.000    0.000    0.004    0.000 _distn_infrastructure.py:3380(_construct_docstrings)
      983    0.001    0.000    0.004    0.000 densetools.py:658(dup_primitive)
     4943    0.002    0.000    0.004    0.000 _docscrape.py:86(is_unindented)
     8714    0.003    0.000    0.004    0.000 _docscrape.py:91(peek)
        1    0.000    0.000    0.004    0.004 tempfile.py:1(<module>)
      312    0.002    0.000    0.004    0.000 typing.py:262(_collect_parameters)
     6504    0.004    0.000    0.004    0.000 {method 'split' of 'str' objects}
       87    0.002    0.000    0.004    0.000 utils.py:25(_toposort)
        1    0.000    0.000    0.004    0.004 _ndimage_api.py:1(<module>)
    17848    0.004    0.000    0.004    0.000 expr.py:2013(as_coeff_mul)
        3    0.000    0.000    0.004    0.001 limits.py:13(limit)
    44573    0.004    0.000    0.004    0.000 radsimp.py:608(<genexpr>)
     1550    0.004    0.000    0.004    0.000 libintmath.py:205(isqrt_small_python)
        1    0.000    0.000    0.004    0.004 gamma_functions.py:1(<module>)
     1188    0.002    0.000    0.004    0.000 <frozen importlib._bootstrap_external>:699(_validate_timestamp_pyc)
        3    0.000    0.000    0.004    0.001 _distribution_infrastructure.py:1368(_generate_example)
    14318    0.004    0.000    0.004    0.000 rings.py:308(zero)
     7114    0.003    0.000    0.004    0.000 {method 'isdisjoint' of 'set' objects}
    43417    0.004    0.000    0.004    0.000 boolalg.py:420(__bool__)
      919    0.001    0.000    0.004    0.000 polyclasses.py:169(__hash__)
        1    0.000    0.000    0.004    0.004 hyper.py:1(<module>)
     4177    0.003    0.000    0.004    0.000 sympy_parser.py:585(lambda_notation)
      459    0.001    0.000    0.004    0.000 permutations.py:353(list)
    26445    0.004    0.000    0.004    0.000 _docscrape.py:43(__getitem__)
       60    0.000    0.000    0.004    0.000 solvers.py:1807(<genexpr>)
        1    0.000    0.000    0.004    0.004 hyperbolic.py:1(<module>)
       50    0.000    0.000    0.004    0.000 polytools.py:4082(is_linear)
     1188    0.001    0.000    0.004    0.000 <frozen importlib._bootstrap_external>:1202(path_stats)
       50    0.000    0.000    0.004    0.000 polyclasses.py:899(is_linear)
        1    0.000    0.000    0.004    0.004 ipaddress.py:1(<module>)
      132    0.001    0.000    0.004    0.000 <frozen importlib._bootstrap_external>:1644(_fill_cache)
        1    0.000    0.000    0.004    0.004 _root.py:1(<module>)
      635    0.001    0.000    0.004    0.000 inspect.py:2095(_signature_bound_method)
    16546    0.003    0.000    0.004    0.000 grammar.py:13(__eq__)
    34392    0.004    0.000    0.004    0.000 ring.py:26(quo)
        4    0.002    0.001    0.004    0.001 _codata.py:1993(parse_constants_2002to2014)
        1    0.000    0.000    0.004    0.004 _multivariate.py:1(<module>)
      132    0.001    0.000    0.004    0.000 <frozen importlib._bootstrap_external>:1456(_path_hooks)
        1    0.000    0.000    0.004    0.004 ctx_mp_python.py:1(<module>)
        1    0.000    0.000    0.004    0.004 _docscrape.py:1(<module>)
     7718    0.003    0.000    0.003    0.000 solvers.py:1162(<lambda>)
        1    0.000    0.000    0.003    0.003 load_grammar.py:1(<module>)
     9758    0.003    0.000    0.003    0.000 {method 'expandtabs' of 'str' objects}
        1    0.000    0.000    0.003    0.003 delta_functions.py:1(<module>)
      774    0.001    0.000    0.003    0.000 expr.py:1872(has)
     2366    0.002    0.000    0.003    0.000 typing.py:1134(_is_dunder)
     2665    0.001    0.000    0.003    0.000 libmpf.py:636(mpf_gt)
        1    0.000    0.000    0.003    0.003 polyoptions.py:1(<module>)
     1188    0.002    0.000    0.003    0.000 <frozen importlib._bootstrap_external>:666(_classify_pyc)
     4151    0.002    0.000    0.003    0.000 numbers.py:3427(__hash__)
     1015    0.002    0.000    0.003    0.000 densetools.py:571(dup_content)
3329/3025    0.001    0.000    0.003    0.000 copy.py:191(_deepcopy_list)
        1    0.000    0.000    0.003    0.003 _mstats_basic.py:1(<module>)
        2    0.000    0.000    0.003    0.002 update_info_transformer.py:30(execute)
     3564    0.002    0.000    0.003    0.000 <frozen importlib._bootstrap_external>:84(_unpack_uint32)
     5163    0.003    0.000    0.003    0.000 sdm.py:93(setitem)
      440    0.001    0.000    0.003    0.000 power.py:594(_eval_is_extended_negative)
        4    0.000    0.000    0.003    0.001 utils.py:1(<module>)
      406    0.000    0.000    0.003    0.000 typing.py:723(<genexpr>)
        1    0.000    0.000    0.003    0.003 _csr.py:1(<module>)
        2    0.000    0.000    0.003    0.002 function_base.py:1(<module>)
        1    0.000    0.000    0.003    0.003 assignment.py:1(<module>)
       30    0.000    0.000    0.003    0.000 dataclasses.py:568(_init_fn)
     7382    0.002    0.000    0.003    0.000 polyoptions.py:411(preprocess)
        1    0.000    0.000    0.003    0.003 fractions.py:1(<module>)
        1    0.000    0.000    0.003    0.003 program.py:1(<module>)
      9/3    0.000    0.000    0.003    0.001 symbol.py:386(as_real_imag)
     6768    0.002    0.000    0.003    0.000 domain.py:1002(canonical_unit)
      133    0.001    0.000    0.003    0.000 cache.py:66(func_wrapper)
     1015    0.000    0.000    0.003    0.000 exprtools.py:130(<genexpr>)
     3982    0.002    0.000    0.003    0.000 domainmatrix.py:187(from_rep)
        1    0.000    0.000    0.003    0.003 scimath.py:1(<module>)
       15    0.000    0.000    0.003    0.000 order.py:455(__contains__)
        1    0.000    0.000    0.003    0.003 subprocess.py:1(<module>)
      302    0.000    0.000    0.003    0.000 polytools.py:3018(primitive)
       16    0.000    0.000    0.003    0.000 sqfreetools.py:196(dup_sqf_part)
5132/5080    0.002    0.000    0.003    0.000 rule.py:56(_get_value)
     6330    0.002    0.000    0.003    0.000 traversal.py:36(iterfreeargs)
      322    0.000    0.000    0.003    0.000 rootoftools.py:85(__getitem__)
     2825    0.001    0.000    0.003    0.000 rationalfield.py:48(get_ring)
        1    0.000    0.000    0.003    0.003 _linprog_highs.py:1(<module>)
      132    0.003    0.000    0.003    0.000 {built-in method posix.listdir}
        2    0.001    0.001    0.003    0.002 lalr_analysis.py:174(compute_reads_relations)
      158    0.000    0.000    0.003    0.000 grammar_analysis.py:163(expand_rule)
        7    0.000    0.000    0.003    0.000 ctx_mp_python.py:279(binary_op)
    36801    0.003    0.000    0.003    0.000 numbers.py:2298(__index__)
     3720    0.003    0.000    0.003    0.000 inspect.py:3045(<genexpr>)
        1    0.000    0.000    0.003    0.003 type_inferer.py:19(execute)
      131    0.001    0.000    0.003    0.000 _docscrape.py:290(_parse_see_also)
       47    0.000    0.000    0.003    0.000 power.py:415(_eval_power)
        3    0.000    0.000    0.003    0.001 order.py:461(_eval_subs)
        1    0.000    0.000    0.003    0.003 finite_fixed_point_typer.py:48(infer_types)
       53    0.000    0.000    0.003    0.000 polytools.py:982(termwise)
       42    0.000    0.000    0.003    0.000 expressions.py:108(get_terms_with_vars)
    10661    0.002    0.000    0.003    0.000 function.py:1463(<lambda>)
        1    0.000    0.000    0.003    0.003 relational.py:1(<module>)
        1    0.000    0.000    0.003    0.003 npyio.py:1(<module>)
       38    0.000    0.000    0.003    0.000 rec_builder.py:136(_reduce_powers)
        1    0.000    0.000    0.003    0.003 shutil.py:1(<module>)
       10    0.000    0.000    0.003    0.000 domainmatrix.py:1232(rref)
      230    0.000    0.000    0.003    0.000 polyclasses.py:593(clear_denoms)
     3323    0.001    0.000    0.003    0.000 numbers.py:3593(__hash__)
        2    0.000    0.000    0.003    0.001 domainmatrix.py:1(<module>)
       10    0.000    0.000    0.003    0.000 ddm.py:385(rref)
        1    0.000    0.000    0.003    0.003 update_info_transformer.py:152(_set_effective_defective_variables)
        2    0.000    0.000    0.003    0.001 polynomials.py:1(<module>)
      207    0.000    0.000    0.003    0.000 power.py:565(_eval_is_extended_positive)
     2538    0.002    0.000    0.003    0.000 <frozen importlib._bootstrap>:74(__new__)
       27    0.000    0.000    0.003    0.000 finite_fixed_point_typer.py:77(_progress)
    25284    0.003    0.000    0.003    0.000 numbers.py:3153(__neg__)
        1    0.000    0.000    0.003    0.003 _highs_wrapper.py:1(<module>)
        2    0.000    0.000    0.003    0.001 _aliases.py:1(<module>)
        1    0.000    0.000    0.003    0.003 _hypotests.py:1(<module>)
        1    0.000    0.000    0.003    0.003 integers.py:1(<module>)
      790    0.001    0.000    0.003    0.000 inspect.py:3066(replace)
    58/31    0.001    0.000    0.003    0.000 radsimp.py:22(collect)
       10    0.001    0.000    0.003    0.000 dense.py:101(ddm_irref)
       50    0.000    0.000    0.003    0.000 expressionrawdomain.py:53(sum)
        1    0.000    0.000    0.003    0.003 _differentialevolution.py:1(<module>)
       39    0.000    0.000    0.003    0.000 finite_fixed_point_typer.py:151(_get_values_for_assign)
        1    0.000    0.000    0.003    0.003 single.py:1(<module>)
        1    0.000    0.000    0.003    0.003 pickle.py:1(<module>)
        1    0.000    0.000    0.003    0.003 defchararray.py:1(<module>)
    17324    0.003    0.000    0.003    0.000 polyoptions.py:629(postprocess)
       32    0.000    0.000    0.003    0.000 inspect.py:604(getmembers)
    42237    0.003    0.000    0.003    0.000 basic.py:2085(doit)
      431    0.003    0.000    0.003    0.000 _util.py:548(<genexpr>)
       36    0.000    0.000    0.003    0.000 sets.py:1024(__new__)
       32    0.001    0.000    0.003    0.000 inspect.py:562(_getmembers)
2661/2660    0.002    0.000    0.003    0.000 numbers.py:3357(__mul__)
    25426    0.003    0.000    0.003    0.000 numbers.py:3383(__neg__)
      896    0.001    0.000    0.003    0.000 polytools.py:4391(__eq__)
     1446    0.001    0.000    0.003    0.000 numbers.py:716(__add__)
       36    0.000    0.000    0.003    0.000 finite_fixed_point_typer.py:169(_get_values_for_expr)
        5    0.000    0.000    0.003    0.001 core.py:1(<module>)
     1088    0.002    0.000    0.003    0.000 solvers.py:1719(_remove_duplicate_solutions)
     7942    0.002    0.000    0.003    0.000 iterables.py:1994(check)
      953    0.000    0.000    0.003    0.000 numbers.py:3494(evalf)
        1    0.000    0.000    0.003    0.003 finite.py:1(<module>)
        1    0.000    0.000    0.003    0.003 _shgo.py:1(<module>)
     5651    0.003    0.000    0.003    0.000 polyutils.py:110(_unify_gens)
        1    0.000    0.000    0.003    0.003 _logsumexp.py:1(<module>)
    17324    0.003    0.000    0.003    0.000 polyoptions.py:533(postprocess)
        2    0.002    0.001    0.003    0.001 _codata.py:2019(parse_constants_2018toXXXX)
     1192    0.002    0.000    0.002    0.000 {method '__exit__' of '_io._IOBase' objects}
        1    0.000    0.000    0.002    0.002 factor_.py:1(<module>)
        1    0.000    0.000    0.002    0.002 _decomp_qr.py:1(<module>)
      230    0.000    0.000    0.002    0.000 densetools.py:1223(dmp_clear_denoms)
    27821    0.002    0.000    0.002    0.000 sdm.py:77(<genexpr>)
    21788    0.002    0.000    0.002    0.000 numbers.py:3209(__neg__)
      228    0.000    0.000    0.002    0.000 dense.py:1075(zeros)
        1    0.000    0.000    0.002    0.002 libmpf.py:1(<module>)
       15    0.000    0.000    0.002    0.000 _bunch.py:32(_make_tuple_bunch)
      271    0.000    0.000    0.002    0.000 power.py:559(_eval_is_negative)
     2141    0.001    0.000    0.002    0.000 pythonmpq.py:136(__hash__)
        2    0.000    0.000    0.002    0.001 load_grammar.py:766(resolve_term_references)
        1    0.000    0.000    0.002    0.002 _decomp_qz.py:1(<module>)
       12    0.000    0.000    0.002    0.000 typing.py:2780(__new__)
     7150    0.002    0.000    0.002    0.000 _parser.py:168(__getitem__)
     7239    0.002    0.000    0.002    0.000 core.py:13(dispatch)
    17943    0.002    0.000    0.002    0.000 numbers.py:3727(__eq__)
     4340    0.001    0.000    0.002    0.000 iterables.py:104(reducible)
        1    0.000    0.000    0.002    0.002 blas.py:1(<module>)
        4    0.000    0.000    0.002    0.001 lalr_analysis.py:92(digraph)
        1    0.000    0.000    0.002    0.002 stochastic_process_types.py:1(<module>)
      230    0.001    0.000    0.002    0.000 densetools.py:1169(dup_clear_denoms)
        2    0.000    0.000    0.002    0.001 sets.py:1(<module>)
      953    0.000    0.000    0.002    0.000 numbers.py:3491(_eval_evalf)
     1350    0.001    0.000    0.002    0.000 <frozen importlib._bootstrap>:445(cb)
     3200    0.001    0.000    0.002    0.000 enum.py:726(__call__)
      298    0.002    0.000    0.002    0.000 _compiler.py:243(_optimize_charset)
      298    0.000    0.000    0.002    0.000 basic.py:592(as_dummy)
        1    0.000    0.000    0.002    0.002 pathlib.py:812(PureWindowsPath)
       64    0.000    0.000    0.002    0.000 _array_api.py:733(_make_capabilities_note)
    14621    0.002    0.000    0.002    0.000 {method 'pop' of 'set' objects}
     4952    0.001    0.000    0.002    0.000 permutations.py:319(__missing__)
        1    0.000    0.000    0.002    0.002 _decomp_cholesky.py:1(<module>)
      459    0.001    0.000    0.002    0.000 permutations.py:432(__init__)
    35444    0.002    0.000    0.002    0.000 {built-in method builtins.id}
        1    0.000    0.000    0.002    0.002 _construct.py:1(<module>)
        5    0.000    0.000    0.002    0.000 util.py:1(<module>)
      302    0.001    0.000    0.002    0.000 polytools.py:327(free_symbols)
     5547    0.001    0.000    0.002    0.000 grammar.py:99(__eq__)
      228    0.000    0.000    0.002    0.000 common.py:1126(zeros)
     1385    0.001    0.000    0.002    0.000 polytools.py:522(per)
        1    0.000    0.000    0.002    0.002 _delegation.py:1(<module>)
        1    0.000    0.000    0.002    0.002 integrals.py:1(<module>)
        1    0.000    0.000    0.002    0.002 _entropy.py:1(<module>)
       16    0.000    0.000    0.002    0.000 euclidtools.py:1591(dup_gcd)
        1    0.000    0.000    0.002    0.002 parser_frontends.py:1(<module>)
      154    0.000    0.000    0.002    0.000 power.py:664(_eval_is_extended_real)
      586    0.002    0.000    0.002    0.000 _inspect.py:65(getargs)
        1    0.000    0.000    0.002    0.002 _svdp.py:1(<module>)
       16    0.000    0.000    0.002    0.000 euclidtools.py:1473(dup_inner_gcd)
        3    0.000    0.000    0.002    0.001 structure_transformer.py:50(dist)
     1525    0.001    0.000    0.002    0.000 polytools.py:4367(__hash__)
        3    0.000    0.000    0.002    0.001 __init__.py:27(distribution_factory)
    15855    0.002    0.000    0.002    0.000 function.py:2896(<lambda>)
        1    0.000    0.000    0.002    0.002 _stats_mstats_common.py:1(<module>)
        1    0.000    0.000    0.002    0.002 parser_frontends.py:154(init_lexer)
        3    0.000    0.000    0.002    0.001 distribution.py:9(__init__)
        1    0.000    0.000    0.002    0.002 parser_frontends.py:139(init_traditional_lexer)
       16    0.000    0.000    0.002    0.000 euclidtools.py:1145(dup_zz_heu_gcd)
     6778    0.001    0.000    0.002    0.000 rings.py:187(<genexpr>)
     4176    0.001    0.000    0.002    0.000 copy.py:231(_keep_alive)
  221/146    0.000    0.000    0.002    0.000 basic.py:336(sort_key)
       12    0.000    0.000    0.002    0.000 typing.py:1562(copy_with)
       68    0.000    0.000    0.002    0.000 _internal.py:31(inner)
        2    0.000    0.000    0.002    0.001 factorials.py:1(<module>)
        1    0.000    0.000    0.002    0.002 <frozen importlib._bootstrap>:1171(exec_module)
        2    0.000    0.000    0.002    0.001 polynomial.py:1(<module>)
     2538    0.002    0.000    0.002    0.000 <frozen importlib._bootstrap>:82(remove)
     2204    0.001    0.000    0.002    0.000 numbers.py:2202(__rsub__)
        1    0.000    0.000    0.002    0.002 <frozen ntpath>:1(<module>)
        2    0.000    0.000    0.002    0.001 inverse.py:1(<module>)
     1005    0.002    0.000    0.002    0.000 multinomial.py:4(binomial_coefficients)
     6778    0.002    0.000    0.002    0.000 polyoptions.py:354(default)
        1    0.000    0.000    0.002    0.002 _decomp_schur.py:1(<module>)
    27671    0.002    0.000    0.002    0.000 polyoptions.py:263(default)
        1    0.000    0.000    0.002    0.002 line.py:1(<module>)
      299    0.000    0.000    0.002    0.000 rootoftools.py:492(<lambda>)
        1    0.000    0.000    0.002    0.002 secrets.py:1(<module>)
      302    0.000    0.000    0.002    0.000 polyclasses.py:724(primitive)
      204    0.000    0.000    0.002    0.000 tree.py:98(find_data)
        1    0.000    0.000    0.002    0.002 _pep440.py:1(<module>)
  492/364    0.001    0.000    0.002    0.000 lalr_analysis.py:111(traverse)
    17198    0.002    0.000    0.002    0.000 str.py:272(<genexpr>)
        1    0.000    0.000    0.002    0.002 _filters.py:1(<module>)
      131    0.000    0.000    0.002    0.000 power.py:732(_eval_is_complex)
       95    0.000    0.000    0.002    0.000 typing.py:345(_remove_dups_flatten)
    17324    0.002    0.000    0.002    0.000 polyoptions.py:591(postprocess)
      509    0.001    0.000    0.002    0.000 densearith.py:735(dup_mul)
      204    0.000    0.000    0.002    0.000 tree.py:94(find_pred)
        1    0.000    0.000    0.002    0.002 drv_types.py:1(<module>)
     4752    0.001    0.000    0.002    0.000 <frozen importlib._bootstrap_external>:134(<genexpr>)
        1    0.000    0.000    0.002    0.002 formal.py:1(<module>)
        1    0.000    0.000    0.002    0.002 fancysets.py:1(<module>)
      907    0.001    0.000    0.002    0.000 grammar_analysis.py:170(_expand_rule)
       29    0.000    0.000    0.002    0.000 typing.py:1047(_generic_class_getitem)
      142    0.000    0.000    0.002    0.000 lexer.py:73(min_width)
     1327    0.001    0.000    0.002    0.000 <frozen importlib._bootstrap>:1128(find_spec)
      284    0.000    0.000    0.002    0.000 lexer.py:68(_get_width)
     3071    0.002    0.000    0.002    0.000 repmatrix.py:347(_fromrep)
       84    0.000    0.000    0.002    0.000 basic.py:1738(match)
     9526    0.002    0.000    0.002    0.000 <frozen importlib._bootstrap>:491(_verbose_message)
    27619    0.002    0.000    0.002    0.000 expr.py:2465(could_extract_minus_sign)
      299    0.000    0.000    0.002    0.000 rootisolation.py:1777(a)
       28    0.000    0.000    0.002    0.000 expr.py:3510(as_coeff_exponent)
    13690    0.002    0.000    0.002    0.000 mul.py:1265(<genexpr>)
      900    0.001    0.000    0.002    0.000 inspect.py:175(get_annotations)
        1    0.000    0.000    0.002    0.002 stringpict.py:1(<module>)
      132    0.000    0.000    0.002    0.000 <frozen importlib._bootstrap_external>:1685(path_hook_for_FileFinder)
     7034    0.001    0.000    0.002    0.000 orderings.py:29(__hash__)
        1    0.000    0.000    0.002    0.002 iterables.py:1(<module>)
       34    0.000    0.000    0.002    0.000 utils.py:154(get_regexp_width)
       35    0.000    0.000    0.002    0.000 core.py:76(ismethod)
        1    0.000    0.000    0.002    0.002 polyroots.py:1(<module>)
 1317/361    0.001    0.000    0.002    0.000 _parser.py:178(getwidth)
     8419    0.002    0.000    0.002    0.000 libmpf.py:692(mpf_sign)
        1    0.000    0.000    0.002    0.002 _methods.py:1(<module>)
       12    0.000    0.000    0.002    0.000 typing.py:2761(_make_nmtuple)
     1198    0.001    0.000    0.002    0.000 polyclasses.py:1037(__eq__)
      612    0.000    0.000    0.002    0.000 mul.py:689(<genexpr>)
       51    0.000    0.000    0.002    0.000 quantities.py:54(set_global_relative_scale_factor)
      179    0.000    0.000    0.002    0.000 functools.py:518(decorating_function)
      617    0.000    0.000    0.002    0.000 symbol.py:472(_hashable_content)
      310    0.001    0.000    0.002    0.000 utils.py:18(classify)
      100    0.000    0.000    0.002    0.000 iterables.py:1122(rotate_left)
       16    0.000    0.000    0.002    0.000 galoistools.py:2108(gf_factor_sqf)
        2    0.000    0.000    0.002    0.001 deprecation.py:208(_inner_deprecate_positional_args)
     5139    0.001    0.000    0.002    0.000 _parser.py:261(get)
     4000    0.001    0.000    0.002    0.000 <frozen importlib._bootstrap>:1222(__enter__)
       34    0.000    0.000    0.002    0.000 doccer.py:283(decorate)
     1350    0.001    0.000    0.002    0.000 <frozen importlib._bootstrap>:232(__init__)
        1    0.000    0.000    0.002    0.002 _plotutils.py:1(<module>)
      299    0.000    0.000    0.002    0.000 rootoftools.py:746(_postprocess_root)
     8346    0.002    0.000    0.002    0.000 {built-in method math.prod}
        1    0.000    0.000    0.002    0.002 _interpolate.py:1(<module>)
        1    0.000    0.000    0.002    0.002 _funcs.py:1(<module>)
      125    0.001    0.000    0.002    0.000 _compiler.py:511(_compile_info)
        1    0.000    0.000    0.002    0.002 accumulationbounds.py:1(<module>)
        1    0.000    0.000    0.002    0.002 ellipse.py:1(<module>)
      302    0.000    0.000    0.002    0.000 __init__.py:164(match)
        1    0.000    0.000    0.002    0.002 zeta_functions.py:1(<module>)
        1    0.000    0.000    0.002    0.002 assumptions.py:1(<module>)
     4000    0.001    0.000    0.002    0.000 <frozen importlib._bootstrap>:1226(__exit__)
  593/442    0.000    0.000    0.002    0.000 basic.py:357(inner_key)
        1    0.000    0.000    0.002    0.002 natural.py:1(<module>)
       16    0.000    0.000    0.002    0.000 galoistools.py:2058(gf_zassenhaus)
        1    0.000    0.000    0.002    0.002 lapack.py:1(<module>)
        1    0.000    0.000    0.002    0.002 _fit.py:1(<module>)
    17324    0.002    0.000    0.002    0.000 polyoptions.py:518(postprocess)
    27/25    0.000    0.000    0.002    0.000 numbers.py:1806(_eval_power)
        1    0.000    0.000    0.002    0.002 libhyper.py:1(<module>)
        1    0.000    0.000    0.002    0.002 branch_builder.py:30(get_branches)
        1    0.000    0.000    0.002    0.002 _basinhopping.py:1(<module>)
      885    0.001    0.000    0.002    0.000 inspect.py:747(unwrap)
     1425    0.001    0.000    0.002    0.000 <frozen importlib._bootstrap_external>:185(_path_abspath)
       58    0.000    0.000    0.002    0.000 typing.py:1449(__getitem__)
      172    0.001    0.000    0.002    0.000 typing.py:1609(__hash__)
   118/27    0.000    0.000    0.002    0.000 visitors.py:258(visit)
    14909    0.002    0.000    0.002    0.000 sdm.py:75(<genexpr>)
    63/36    0.000    0.000    0.002    0.000 copy.py:200(_deepcopy_tuple)
        1    0.000    0.000    0.002    0.002 branch_builder.py:54(get_recurrence_branches)
        1    0.000    0.000    0.002    0.002 polyoptions.py:394(Domain)
      228    0.000    0.000    0.002    0.000 repmatrix.py:235(_eval_zeros)
     2538    0.002    0.000    0.002    0.000 <frozen importlib._bootstrap>:79(__init__)
        1    0.000    0.000    0.002    0.002 hmac.py:1(<module>)
       30    0.000    0.000    0.002    0.000 dataclasses.py:661(_cmp_fn)
        1    0.000    0.000    0.002    0.002 sequences.py:1(<module>)
        1    0.000    0.000    0.002    0.002 matpow.py:1(<module>)
     2538    0.001    0.000    0.002    0.000 <frozen importlib._bootstrap>:173(__exit__)
      302    0.000    0.000    0.002    0.000 polytools.py:598(_eval_subs)
        1    0.000    0.000    0.002    0.002 rv_interface.py:1(<module>)
        3    0.000    0.000    0.002    0.001 ctx_base.py:42(__init__)
        1    0.000    0.000    0.002    0.002 diophantine.py:1(<module>)
     2223    0.001    0.000    0.002    0.000 _docscrape.py:403(<genexpr>)
     7923    0.002    0.000    0.002    0.000 add.py:911(_eval_subs)
       29    0.000    0.000    0.002    0.000 dataclasses.py:627(_repr_fn)
        1    0.000    0.000    0.002    0.002 basis.py:1(<module>)
        2    0.000    0.000    0.002    0.001 modules.py:1(<module>)
     1010    0.000    0.000    0.002    0.000 rule.py:24(__repr__)
        2    0.000    0.000    0.002    0.001 _constants.py:1(<module>)
        2    0.001    0.000    0.002    0.001 lalr_analysis.py:247(compute_lalr1_states)
        1    0.000    0.000    0.002    0.002 _cubature.py:1(<module>)
      302    0.000    0.000    0.002    0.000 densetools.py:691(dmp_ground_primitive)
        1    0.000    0.000    0.002    0.002 _nonlin.py:1(<module>)
      293    0.000    0.000    0.002    0.000 power.py:1410(_eval_is_rational)
        6    0.000    0.000    0.002    0.000 _docscrape.py:680(methods)
     7888    0.002    0.000    0.002    0.000 {built-in method _imp.acquire_lock}
      254    0.000    0.000    0.002    0.000 power.py:737(<genexpr>)
       21    0.000    0.000    0.002    0.000 _distn_infrastructure.py:3358(_attach_methods)
     1188    0.001    0.000    0.002    0.000 <frozen importlib._bootstrap_external>:643(_check_name_wrapper)
        1    0.000    0.000    0.002    0.002 _at.py:1(<module>)
     9345    0.001    0.000    0.002    0.000 determinant.py:40(<genexpr>)
       37    0.000    0.000    0.002    0.000 basic.py:1594(<lambda>)
        2    0.000    0.000    0.002    0.001 laplace.py:1(<module>)
        1    0.000    0.000    0.002    0.002 _pep440.py:285(Version)
       20    0.000    0.000    0.002    0.000 iterables.py:1044(connected_components)
     1046    0.001    0.000    0.002    0.000 _docscrape.py:188(_strip)
        1    0.000    0.000    0.002    0.002 frv_types.py:1(<module>)
       33    0.000    0.000    0.002    0.000 typing.py:1390(copy_with)
     1347    0.001    0.000    0.001    0.000 <frozen importlib._bootstrap>:982(find_spec)
        3    0.000    0.000    0.001    0.000 functions.py:18(__init__)
       94    0.000    0.000    0.001    0.000 add.py:454(_eval_power)
       16    0.000    0.000    0.001    0.000 factortools.py:79(dup_trial_division)
  366/160    0.000    0.000    0.001    0.000 visitors.py:238(_call_userfunc)
     5666    0.001    0.000    0.001    0.000 function.py:263(_valid_nargs)
        1    0.000    0.000    0.001    0.001 ddm.py:1(<module>)
        2    0.000    0.000    0.001    0.001 branch_builder.py:127(_replace_assign_branches)
        1    0.000    0.000    0.001    0.001 miscellaneous.py:1(<module>)
        1    0.000    0.000    0.001    0.001 permutations.py:1(<module>)
        2    0.000    0.000    0.001    0.001 linsolve.py:1(<module>)
        1    0.000    0.000    0.001    0.001 mod.py:1(<module>)
    15788    0.001    0.000    0.001    0.000 boolalg.py:345(__bool__)
        1    0.000    0.000    0.001    0.001 ask.py:1(<module>)
        1    0.000    0.000    0.001    0.001 dense_ndim_array.py:1(<module>)
        1    0.000    0.000    0.001    0.001 kind.py:1(<module>)
        1    0.000    0.000    0.001    0.001 atom_cond.py:1(<module>)
      149    0.000    0.000    0.001    0.000 typing.py:317(_deduplicate)
      306    0.000    0.000    0.001    0.000 rootoftools.py:92(__setitem__)
        1    0.000    0.000    0.001    0.001 twodim_base.py:1(<module>)
   295/30    0.000    0.000    0.001    0.000 tree.py:133(__deepcopy__)
    12773    0.001    0.000    0.001    0.000 boolalg.py:426(__eq__)
       20    0.000    0.000    0.001    0.000 iterables.py:890(strongly_connected_components)
       16    0.000    0.000    0.001    0.000 galoistools.py:1798(gf_ddf_zassenhaus)
        1    0.000    0.000    0.001    0.001 _expm_frechet.py:1(<module>)
        1    0.000    0.000    0.001    0.001 ipaddress.py:2314(_IPv6Constants)
       25    0.000    0.000    0.001    0.000 polytools.py:1891(degree_list)
     9479    0.001    0.000    0.001    0.000 evalf.py:1412(<lambda>)
        1    0.000    0.000    0.001    0.001 pretty_symbology.py:1(<module>)
        1    0.000    0.000    0.001    0.001 _minpack_py.py:1(<module>)
       25    0.000    0.000    0.001    0.000 polyclasses.py:523(degree_list)
     4310    0.001    0.000    0.001    0.000 {method 'endswith' of 'str' objects}
        1    0.000    0.000    0.001    0.001 finitefield.py:1(<module>)
       25    0.000    0.000    0.001    0.000 densebasic.py:231(dmp_degree_list)
        1    0.000    0.000    0.001    0.001 domain.py:1(<module>)
     4177    0.001    0.000    0.001    0.000 tokenize.py:488(generate_tokens)
        6    0.000    0.000    0.001    0.000 _docscrape.py:694(properties)
      302    0.001    0.000    0.001    0.000 polytools.py:630(replace)
       34    0.000    0.000    0.001    0.000 ipaddress.py:2238(__init__)
    52/25    0.000    0.000    0.001    0.000 densebasic.py:220(_rec_degree_list)
      315    0.000    0.000    0.001    0.000 polytools.py:285(_from_poly)
     1160    0.001    0.000    0.001    0.000 grammar_analysis.py:26(advance)
        1    0.000    0.000    0.001    0.001 _testutils.py:1(<module>)
      253    0.000    0.000    0.001    0.000 visitors.py:387(_vargs_inline)
        2    0.000    0.000    0.001    0.001 decorator.py:1(<module>)
     7477    0.001    0.000    0.001    0.000 {method '__contains__' of 'frozenset' objects}
      168    0.000    0.000    0.001    0.000 basic.py:1790(<lambda>)
        1    0.000    0.000    0.001    0.001 expectation_map.py:1(<module>)
        1    0.000    0.000    0.001    0.001 _mannwhitneyu.py:1(<module>)
        1    0.000    0.000    0.001    0.001 _decomp_lu.py:1(<module>)
4307/4305    0.001    0.000    0.001    0.000 {built-in method builtins.repr}
      250    0.001    0.000    0.001    0.000 enum.py:1562(__and__)
        1    0.000    0.000    0.001    0.001 solvability_checker.py:80(get_variables)
      164    0.000    0.000    0.001    0.000 rules.py:56(__getitem__)
        1    0.000    0.000    0.001    0.001 drv.py:1(<module>)
        1    0.000    0.000    0.001    0.001 solvability_checker.py:34(_get_dependency_graph)
       11    0.000    0.000    0.001    0.000 enum.py:528(__new__)
        1    0.000    0.000    0.001    0.001 rv.py:1(<module>)
      253    0.000    0.000    0.001    0.000 visitors.py:371(f)
        1    0.000    0.000    0.001    0.001 _sketches.py:1(<module>)
      343    0.001    0.000    0.001    0.000 typing.py:1178(__getattr__)
        1    0.000    0.000    0.001    0.001 _dual_annealing.py:1(<module>)
        1    0.000    0.000    0.001    0.001 signal.py:1(<module>)
        1    0.000    0.000    0.001    0.001 string.py:1(<module>)
        1    0.000    0.000    0.001    0.001 iterative.py:1(<module>)
        1    0.000    0.000    0.001    0.001 joint_rv_types.py:1(<module>)
     7888    0.001    0.000    0.001    0.000 {built-in method _imp.release_lock}
     5079    0.001    0.000    0.001    0.000 {method '__exit__' of '_thread.RLock' objects}
      367    0.001    0.000    0.001    0.000 permutations.py:1316(__mul__)
        3    0.000    0.000    0.001    0.000 _distribution_infrastructure.py:2043(_draw)
     2697    0.001    0.000    0.001    0.000 complexes.py:190(eval)
    12746    0.001    0.000    0.001    0.000 polyoptions.py:332(default)
        1    0.000    0.000    0.001    0.001 homomorphisms.py:1(<module>)
        1    0.000    0.000    0.001    0.001 _ufunc_config.py:1(<module>)
       65    0.000    0.000    0.001    0.000 dimensions.py:40(set_quantity_dimension)
     3702    0.001    0.000    0.001    0.000 piecewise.py:45(cond)
       37    0.000    0.000    0.001    0.000 numbers.py:761(__truediv__)
        1    0.000    0.000    0.001    0.001 _docscrape.py:112(NumpyDocString)
        1    0.000    0.000    0.001    0.001 decimal.py:1(<module>)
    29/27    0.000    0.000    0.001    0.000 power.py:1807(_eval_as_leading_term)
        1    0.000    0.000    0.001    0.001 type_inferer.py:1(<module>)
       20    0.000    0.000    0.001    0.000 iterables.py:979(_strongly_connected_components)
        1    0.000    0.000    0.001    0.001 galoisgroups.py:1(<module>)
   106/50    0.000    0.000    0.001    0.000 unitsystem.py:130(get_dimensional_expr)
        1    0.000    0.000    0.001    0.001 type_check.py:1(<module>)
      325    0.000    0.000    0.001    0.000 function_base.py:483(_add_docstring)
        1    0.000    0.000    0.001    0.001 nanfunctions.py:1(<module>)
        1    0.000    0.000    0.001    0.001 contingency.py:1(<module>)
        3    0.000    0.000    0.001    0.000 enum.py:919(_convert_)
     1010    0.001    0.000    0.001    0.000 rule.py:21(__str__)
      228    0.000    0.000    0.001    0.000 domainmatrix.py:1614(zeros)
      132    0.000    0.000    0.001    0.000 <frozen importlib._bootstrap_external>:1567(__init__)
       28    0.000    0.000    0.001    0.000 _basic.py:16(_dispatch)
       51    0.000    0.000    0.001    0.000 add.py:41(_unevaluated_Add)
        1    0.000    0.000    0.001    0.001 pydoc.py:1(<module>)
        1    0.000    0.000    0.001    0.001 _scalars.py:1(<module>)
     3619    0.000    0.000    0.001    0.000 grammar.py:17(__ne__)
        1    0.001    0.001    0.001    0.001 rootoftools.py:165(ComplexRootOf)
   347/73    0.000    0.000    0.001    0.000 <frozen abc>:121(__subclasscheck__)
        1    0.000    0.000    0.001    0.001 random_matrix_models.py:1(<module>)
     1144    0.001    0.000    0.001    0.000 permutations.py:1027(_af_new)
        2    0.000    0.000    0.001    0.001 _helpers.py:1(<module>)
       28    0.000    0.000    0.001    0.000 _backend.py:174(generate_multimethod)
     9276    0.001    0.000    0.001    0.000 numbers.py:3090(__neg__)
      472    0.000    0.000    0.001    0.000 domain.py:379(__call__)
      202    0.000    0.000    0.001    0.000 _parser.py:98(closegroup)
        1    0.000    0.000    0.001    0.001 elliptic_integrals.py:1(<module>)
      132    0.001    0.000    0.001    0.000 <frozen zipimport>:64(__init__)
        1    0.000    0.000    0.001    0.001 _distribution_infrastructure.py:1(<module>)
       10    0.000    0.000    0.001    0.000 expectation_map.py:57(solution_to_assignments)
        1    0.000    0.000    0.001    0.001 ivp.py:1(<module>)
     3590    0.001    0.000    0.001    0.000 {built-in method from_bytes}
   347/73    0.001    0.000    0.001    0.000 {built-in method _abc._abc_subclasscheck}
        1    0.000    0.000    0.001    0.001 _add_newdocs_scalars.py:1(<module>)
        4    0.000    0.000    0.001    0.000 common.py:1(<module>)
        2    0.000    0.000    0.001    0.001 _common.py:1(<module>)
     7844    0.001    0.000    0.001    0.000 _parser.py:240(__next)
      200    0.000    0.000    0.001    0.000 containers.py:73(__add__)
        1    0.000    0.000    0.001    0.001 mathieu_functions.py:1(<module>)
        1    0.000    0.000    0.001    0.001 special.py:1(<module>)
       35    0.000    0.000    0.001    0.000 galoistools.py:872(gf_frobenius_monomial_base)
        1    0.000    0.000    0.001    0.001 minimize_trustregion_constr.py:1(<module>)
        1    0.000    0.000    0.001    0.001 beta_functions.py:1(<module>)
     5403    0.001    0.000    0.001    0.000 relational.py:1545(<genexpr>)
       32    0.000    0.000    0.001    0.000 decorators.py:190(wrapper)
        1    0.000    0.000    0.001    0.001 string.py:69(__init_subclass__)
        1    0.000    0.000    0.001    0.001 lambdify.py:1(<module>)
    13061    0.001    0.000    0.001    0.000 polyoptions.py:276(default)
   259/81    0.000    0.000    0.001    0.000 load_grammar.py:247(expansion)
     1425    0.001    0.000    0.001    0.000 <frozen importlib._bootstrap_external>:180(_path_isabs)
     3453    0.001    0.000    0.001    0.000 visitors.py:137(__default__)
        1    0.000    0.000    0.001    0.001 boolalg.py:64(Boolean)
        1    0.000    0.000    0.001    0.001 _decomp_ldl.py:1(<module>)
      662    0.001    0.000    0.001    0.000 typing.py:166(_type_convert)
    12388    0.001    0.000    0.001    0.000 densebasic.py:11(poly_LC)
       32    0.001    0.000    0.001    0.000 decorators.py:198(__init__)
     3837    0.001    0.000    0.001    0.000 rings.py:586(__hash__)
        1    0.000    0.000    0.001    0.001 crv.py:1(<module>)
        1    0.000    0.000    0.001    0.001 arpack.py:1(<module>)
      283    0.000    0.000    0.001    0.000 densearith.py:255(dup_mul_ground)
        1    0.000    0.000    0.001    0.001 ipaddress.py:1569(_IPv4Constants)
     9554    0.001    0.000    0.001    0.000 numbers.py:2049(as_coeff_Add)
       35    0.000    0.000    0.001    0.000 expressions.py:77(get_terms_with_var)
        1    0.000    0.000    0.001    0.001 hyperexpand.py:1(<module>)
       28    0.000    0.000    0.001    0.000 _backend.py:312(get_defaults)
       36    0.000    0.000    0.001    0.000 galoistools.py:958(gf_pow_mod)
       22    0.000    0.000    0.001    0.000 _distribution_infrastructure.py:1083(filtered)
     8832    0.001    0.000    0.001    0.000 mul.py:2164(<genexpr>)
      362    0.000    0.000    0.001    0.000 power.py:798(_eval_is_finite)
       95    0.000    0.000    0.001    0.000 expectation_map.py:61(<genexpr>)
        3    0.000    0.000    0.001    0.000 _distribution_infrastructure.py:868(draw)
     1046    0.001    0.000    0.001    0.000 numbers.py:712(sort_key)
        4    0.000    0.000    0.001    0.000 solvers.py:1(<module>)
      272    0.001    0.000    0.001    0.000 galoistools.py:658(gf_div)
       14    0.000    0.000    0.001    0.000 polytools.py:2054(coeff_monomial)
       21    0.000    0.000    0.001    0.000 ipaddress.py:1502(__init__)
        1    0.000    0.000    0.001    0.001 _sensitivity_analysis.py:1(<module>)
        6    0.000    0.000    0.001    0.000 _distribution_infrastructure.py:605(draw)
        1    0.000    0.000    0.001    0.001 or_cond.py:1(<module>)
        1    0.000    0.000    0.001    0.001 mutable_ndim_array.py:1(<module>)
       24    0.000    0.000    0.001    0.000 dtypes.py:66(_add_dtype_helper)
        3    0.000    0.000    0.001    0.000 crv_types.py:3160(Normal)
      132    0.000    0.000    0.001    0.000 numbers.py:2419(_eval_is_composite)
        1    0.000    0.000    0.001    0.001 _fitpack_py.py:1(<module>)
        1    0.000    0.000    0.001    0.001 gammazeta.py:1(<module>)
        3    0.000    0.000    0.001    0.000 crv_types.py:153(rv)
     1792    0.001    0.000    0.001    0.000 monomials.py:405(_vars)
      293    0.000    0.000    0.001    0.000 utils.py:297(classify_bool)
     5110    0.001    0.000    0.001    0.000 grammar_analysis.py:30(is_satisfied)
      160    0.000    0.000    0.001    0.000 simplify.py:733(<lambda>)
        1    0.000    0.000    0.001    0.001 sympy_parser.py:1(<module>)
        1    0.000    0.000    0.001    0.001 pycode.py:1(<module>)
      227    0.000    0.000    0.001    0.000 galoistools.py:712(gf_rem)
     1301    0.001    0.000    0.001    0.000 _docscrape.py:49(read)
      184    0.000    0.000    0.001    0.000 solvers.py:432(<genexpr>)
    32/20    0.000    0.000    0.001    0.000 saturation_based_bound_computation.py:16(_get_monoms)
        1    0.000    0.000    0.001    0.001 plot_implicit.py:1(<module>)
     1192    0.001    0.000    0.001    0.000 <frozen importlib._bootstrap>:48(_new_module)
        1    0.000    0.000    0.001    0.001 plot.py:1(<module>)
      742    0.001    0.000    0.001    0.000 parse_tree_builder.py:120(__call__)
        1    0.000    0.000    0.001    0.001 bz2.py:1(<module>)
      472    0.000    0.000    0.001    0.000 domain.py:371(new)
     5097    0.001    0.000    0.001    0.000 {built-in method _thread.get_ident}
     2697    0.001    0.000    0.001    0.000 {method 'remove' of 'list' objects}
       19    0.000    0.000    0.001    0.000 load_grammar.py:526(nr_deepcopy_tree)
        1    0.000    0.000    0.001    0.001 arrayprint.py:1(<module>)
     2228    0.001    0.000    0.001    0.000 grammar_analysis.py:11(__init__)
        1    0.000    0.000    0.001    0.001 blockmatrix.py:1(<module>)
      545    0.000    0.000    0.001    0.000 power.py:821(_eval_is_composite)
        1    0.000    0.000    0.001    0.001 lambdarepr.py:1(<module>)
     1104    0.000    0.000    0.001    0.000 visitors.py:99(_call_userfunc_token)
    12329    0.001    0.000    0.001    0.000 expr.py:3990(_eval_is_polynomial)
     2228    0.000    0.000    0.001    0.000 grammar_analysis.py:36(__hash__)
       11    0.000    0.000    0.001    0.000 square_rules.py:6(generate_square_rules)
      852    0.000    0.000    0.001    0.000 _docscrape.py:491(_str_section)
       19    0.000    0.000    0.001    0.000 visitors.py:200(transform)
     2146    0.001    0.000    0.001    0.000 {built-in method builtins.pow}
       14    0.000    0.000    0.001    0.000 monomials.py:512(__init__)
        1    0.000    0.000    0.001    0.001 unsolv_inv_synthesizer.py:1(<module>)
     6968    0.001    0.000    0.001    0.000 _docscrape.py:153(__getitem__)
      105    0.000    0.000    0.001    0.000 numbers.py:1300(__mul__)
        3    0.000    0.000    0.001    0.000 enum.py:1708(convert_class)
        4    0.000    0.000    0.001    0.000 expr.py:191(__abs__)
        1    0.000    0.000    0.001    0.001 platform.py:1(<module>)
     2387    0.000    0.000    0.001    0.000 permutations.py:975(<genexpr>)
       14    0.000    0.000    0.001    0.000 core.py:115(doc_note)
     1301    0.001    0.000    0.001    0.000 _docscrape.py:16(strip_blank_lines)
        1    0.000    0.000    0.001    0.001 ctx_mp.py:63(__init__)
        4    0.000    0.000    0.001    0.000 _typing.py:1(<module>)
        1    0.000    0.000    0.001    0.001 crv_types.py:4434(VonMisesDistribution)
        1    0.000    0.000    0.001    0.001 expr_with_intlimits.py:1(<module>)
      134    0.000    0.000    0.001    0.000 rings.py:1090(__mul__)
     4134    0.001    0.000    0.001    0.000 add.py:397(class_key)
     2051    0.001    0.000    0.001    0.000 densebasic.py:720(dmp_zero)
      213    0.001    0.000    0.001    0.000 _docscrape.py:499(_str_see_also)
       46    0.000    0.000    0.001    0.000 power.py:1087(pred)
       16    0.000    0.000    0.001    0.000 typing.py:1822(__new__)
        1    0.000    0.000    0.001    0.001 mixins.py:1(<module>)
     2026    0.001    0.000    0.001    0.000 typing.py:1599(<genexpr>)
     4289    0.001    0.000    0.001    0.000 {built-in method builtins.vars}
       20    0.000    0.000    0.001    0.000 limits.py:145(__new__)
      526    0.000    0.000    0.001    0.000 power.py:789(_eval_is_odd)
     3303    0.001    0.000    0.001    0.000 repmatrix.py:104(<genexpr>)
      136    0.000    0.000    0.001    0.000 numbers.py:2414(_eval_is_prime)
       73    0.000    0.000    0.001    0.000 load_grammar.py:439(literal)
     3615    0.001    0.000    0.001    0.000 _parser.py:256(match)
      527    0.001    0.000    0.001    0.000 function_base.py:2285(__init__)
        6    0.000    0.000    0.001    0.000 polytools.py:7309(poly)
     5176    0.001    0.000    0.001    0.000 numbers.py:1697(_eval_is_positive)
       63    0.001    0.000    0.001    0.000 _axis_nan_policy.py:340(_axis_nan_policy_factory)
        1    0.000    0.000    0.001    0.001 ctx_iv.py:306(__init__)
        2    0.000    0.000    0.001    0.000 _procrustes.py:1(<module>)
      160    0.001    0.000    0.001    0.000 {built-in method _abc._abc_init}
        7    0.000    0.000    0.001    0.000 rootoftools.py:419(_get_reals_sqf)
        1    0.000    0.000    0.001    0.001 extras.py:1(<module>)
        1    0.000    0.000    0.001    0.001 assume.py:1(<module>)
        1    0.000    0.000    0.001    0.001 _ode.py:1(<module>)
        1    0.000    0.000    0.001    0.001 rational.py:1(<module>)
     7728    0.001    0.000    0.001    0.000 solvers.py:2166(<genexpr>)
       14    0.000    0.000    0.001    0.000 polyutils.py:339(dict_from_expr)
        6    0.000    0.000    0.001    0.000 visitors.py:447(_visitor_args_dec)
        6    0.000    0.000    0.001    0.000 visitors.py:341(_apply_decorator)
      8/4    0.000    0.000    0.001    0.000 complexes.py:522(eval)
        1    0.000    0.000    0.001    0.001 partitions_.py:1(<module>)
     6844    0.001    0.000    0.001    0.000 domain.py:990(is_negative)
        5    0.000    0.000    0.001    0.000 perm_groups.py:124(__new__)
       45    0.000    0.000    0.001    0.000 radsimp.py:312(parse_expression)
       10    0.000    0.000    0.001    0.000 domainmatrix.py:571(unify)
        1    0.000    0.000    0.001    0.001 _interface.py:1(<module>)
        1    0.000    0.000    0.001    0.001 generate.py:1(<module>)
        1    0.000    0.000    0.001    0.001 _globals.py:1(<module>)
        1    0.000    0.000    0.001    0.001 mixins.py:59(NDArrayOperatorsMixin)
     3061    0.001    0.000    0.001    0.000 _parser.py:164(__len__)
      128    0.000    0.000    0.001    0.000 rings.py:264(_gens)
        1    0.000    0.000    0.001    0.001 libmpc.py:1(<module>)
        7    0.000    0.000    0.001    0.000 _nonlin.py:1584(_nonlin_wrapper)
        1    0.000    0.000    0.001    0.001 _rgi.py:1(<module>)
       73    0.000    0.000    0.001    0.000 load_grammar.py:408(_literal_to_pattern)
        1    0.000    0.000    0.001    0.001 tensor_functions.py:1(<module>)
        1    0.000    0.000    0.001    0.001 galois_resolvents.py:1(<module>)
     9770    0.001    0.000    0.001    0.000 symbol.py:240(_diff_wrt)
       50    0.000    0.000    0.001    0.000 ipaddress.py:1920(__init__)
        1    0.000    0.000    0.001    0.001 polygon.py:1(<module>)
      228    0.000    0.000    0.001    0.000 sdm.py:340(zeros)
        4    0.000    0.000    0.001    0.000 visitors.py:24(_apply_decorator)
        1    0.000    0.000    0.001    0.001 invariant_ideal.py:1(<module>)
      2/1    0.000    0.000    0.001    0.001 sysconfig.py:776(get_config_var)
      4/2    0.000    0.000    0.001    0.000 sysconfig.py:746(get_config_vars)
        1    0.000    0.000    0.001    0.001 sysconfig.py:675(_init_config_vars)
     1347    0.001    0.000    0.001    0.000 {built-in method _imp.is_builtin}
        1    0.000    0.000    0.001    0.001 _helper.py:1(<module>)
        2    0.000    0.000    0.001    0.000 fourier.py:1(<module>)
        7    0.000    0.000    0.001    0.000 rootisolation.py:558(dup_isolate_real_roots_sqf)
    28/22    0.000    0.000    0.001    0.000 _distribution_infrastructure.py:1136(wrapped)
        1    0.000    0.000    0.001    0.001 euclidtools.py:1(<module>)
     1847    0.001    0.000    0.001    0.000 _parser.py:293(tell)
        1    0.000    0.000    0.001    0.001 structure_transformer.py:78(atom)
        1    0.000    0.000    0.001    0.001 _decomp_polar.py:1(<module>)
      306    0.000    0.000    0.001    0.000 multinomial.py:129(multinomial_coefficients_iterator)
        1    0.000    0.000    0.001    0.001 _correlation.py:1(<module>)
        1    0.000    0.000    0.001    0.001 atom_cond.py:19(__init__)
        1    0.000    0.000    0.001    0.001 trigsimp.py:1(<module>)
        4    0.000    0.000    0.001    0.000 unitsystem.py:30(__init__)
     2528    0.001    0.000    0.001    0.000 {method 'rfind' of 'str' objects}
        1    0.000    0.000    0.001    0.001 combsimp.py:1(<module>)
      180    0.000    0.000    0.001    0.000 dimensions.py:166(__new__)
        1    0.000    0.000    0.001    0.001 conditions_to_arithm.py:1(<module>)
        1    0.000    0.000    0.001    0.001 ctx_fp.py:18(__init__)
       48    0.000    0.000    0.001    0.000 function.py:500(class_key)
        1    0.000    0.000    0.001    0.001 finite_fixed_point_typer.py:1(<module>)
       10    0.000    0.000    0.001    0.000 domainmatrix.py:544(_unify_domain)
       23    0.000    0.000    0.001    0.000 overrides.py:177(decorator)
        1    0.000    0.000    0.001    0.001 _lil.py:1(<module>)
        1    0.000    0.000    0.001    0.001 frv.py:1(<module>)
        1    0.000    0.000    0.001    0.001 libintmath.py:1(<module>)
      686    0.001    0.000    0.001    0.000 {method 'format' of 'str' objects}
     3283    0.000    0.000    0.001    0.000 repmatrix.py:119(<genexpr>)
        1    0.000    0.000    0.001    0.001 piecewise.py:1(<module>)
      106    0.000    0.000    0.001    0.000 polyroots.py:809(func)
        2    0.000    0.000    0.001    0.000 unitsystem.py:62(extend)
        1    0.000    0.000    0.001    0.001 _survival.py:1(<module>)
       13    0.000    0.000    0.001    0.000 lexer.py:212(_create_unless)
  127/122    0.000    0.000    0.001    0.000 typing.py:1573(__hash__)
     1102    0.001    0.000    0.001    0.000 functools.py:65(wraps)
        5    0.000    0.000    0.001    0.000 rec_builder.py:154(get_initial_value)
       54    0.000    0.000    0.001    0.000 typing.py:361(_flatten_literal_params)
      183    0.000    0.000    0.001    0.000 function.py:2965(expand_power_base)
        1    0.000    0.000    0.001    0.001 facts.py:1(<module>)
       64    0.000    0.000    0.001    0.000 decorators.py:35(deco)
     3199    0.001    0.000    0.001    0.000 enum.py:1129(__new__)
       87    0.000    0.000    0.001    0.000 utils.py:83(groupby)
       16    0.000    0.000    0.001    0.000 densearith.py:1560(dup_quo)
        8    0.000    0.000    0.001    0.000 expr.py:368(__gt__)
        1    0.000    0.000    0.001    0.001 _nested_sequence.py:1(<module>)
        1    0.000    0.000    0.001    0.001 getlimits.py:162(_register_known_types)
        1    0.001    0.001    0.001    0.001 _interface.py:55(LinearOperator)
        1    0.000    0.000    0.001    0.001 visitors.py:1(<module>)
     1327    0.001    0.000    0.001    0.000 {built-in method _imp.find_frozen}
      325    0.000    0.000    0.001    0.000 function_base.py:465(_needs_add_docstring)
     1036    0.000    0.000    0.001    0.000 enum.py:202(__get__)
  443/339    0.000    0.000    0.001    0.000 typing.py:1258(__hash__)
       12    0.000    0.000    0.001    0.000 typing.py:2854(__new__)
     1422    0.001    0.000    0.001    0.000 typing.py:1246(<genexpr>)
        4    0.000    0.000    0.001    0.000 polytools.py:4611(degree)
        1    0.000    0.000    0.001    0.001 uarray.py:1(<module>)
       34    0.000    0.000    0.001    0.000 factor_.py:400(perfect_power)
       64    0.000    0.000    0.001    0.000 decorators.py:41(__sympifyit)
     1072    0.000    0.000    0.001    0.000 <frozen _collections_abc>:804(get)
        1    0.000    0.000    0.001    0.001 python.py:1(<module>)
       53    0.000    0.000    0.001    0.000 function.py:224(nargs)
     2029    0.000    0.000    0.001    0.000 _parser.py:176(append)
      120    0.001    0.000    0.001    0.000 {built-in method builtins.compile}
        1    0.000    0.000    0.001    0.001 ordinals.py:1(<module>)
        5    0.000    0.000    0.001    0.000 decorator.py:177(create)
     7423    0.001    0.000    0.001    0.000 basic.py:2096(_eval_simplify)
        1    0.000    0.000    0.001    0.001 __init__.py:469(StrFormatStyle)
      842    0.000    0.000    0.001    0.000 grammar_analysis.py:34(__eq__)
     1599    0.001    0.000    0.001    0.000 _docscrape.py:457(_str_indent)
        1    0.000    0.000    0.001    0.001 fft.py:1(<module>)
       10    0.000    0.000    0.001    0.000 relational.py:1249(is_gt)
     4833    0.001    0.000    0.001    0.000 numbers.py:3205(__abs__)
       51    0.000    0.000    0.001    0.000 decorators.py:98(priority_decorator)
       79    0.000    0.000    0.001    0.000 numbers.py:2150(__divmod__)
        1    0.000    0.000    0.001    0.001 diagonal.py:1(<module>)
       10    0.000    0.000    0.001    0.000 relational.py:1257(is_le)
        6    0.000    0.000    0.001    0.000 polytools.py:7326(_poly)
        1    0.000    0.000    0.001    0.001 selectors.py:1(<module>)
     4177    0.001    0.000    0.001    0.000 tokenize.py:169(__init__)
        2    0.000    0.000    0.001    0.000 _backend.py:1(<module>)
     2538    0.001    0.000    0.001    0.000 {built-in method _weakref._remove_dead_weakref}
      337    0.000    0.000    0.001    0.000 polyutils.py:155(_sort_factors)
     3750    0.001    0.000    0.001    0.000 {built-in method posix.fspath}
       30    0.000    0.000    0.001    0.000 domainmatrix.py:551(<genexpr>)
     7204    0.001    0.000    0.001    0.000 relational.py:1213(_eval_is_eq)
        1    0.000    0.000    0.001    0.001 earley.py:1(<module>)
     1998    0.000    0.000    0.001    0.000 inspect.py:371(isfunction)
        1    0.000    0.000    0.001    0.001 matrix_distributions.py:1(<module>)
        1    0.000    0.000    0.001    0.001 sysconfig.py:568(_init_posix)
     3440    0.001    0.000    0.001    0.000 {method 'isidentifier' of 'str' objects}
       21    0.000    0.000    0.001    0.000 arrayprint.py:506(wrapper)
       31    0.000    0.000    0.001    0.000 ipaddress.py:1286(__init__)
       20    0.000    0.000    0.001    0.000 <frozen importlib._bootstrap>:997(exec_module)
       24    0.000    0.000    0.001    0.000 _add_newdocs_scalars.py:71(add_newdoc_for_scalar_type)
     1801    0.000    0.000    0.001    0.000 relational.py:1498(<genexpr>)
        1    0.000    0.000    0.001    0.001 _variation.py:1(<module>)
        1    0.000    0.000    0.001    0.001 contextvars.py:1(<module>)
    371/1    0.000    0.000    0.001    0.001 __config__.py:19(_cleanup)
      793    0.000    0.000    0.001    0.000 typing.py:1252(__eq__)
      574    0.000    0.000    0.001    0.000 densetools.py:432(dup_trunc)
       20    0.000    0.000    0.001    0.000 <frozen importlib._bootstrap>:989(create_module)
        3    0.000    0.000    0.001    0.000 dataclasses.py:638(_frozen_get_del_attr)
       62    0.000    0.000    0.001    0.000 _array_api.py:757(xp_capabilities)
        1    0.000    0.000    0.001    0.001 spherical_harmonics.py:1(<module>)
      605    0.000    0.000    0.001    0.000 _inspect.py:13(ismethod)
      501    0.000    0.000    0.001    0.000 power.py:555(_eval_is_even)
        8    0.000    0.000    0.001    0.000 relational.py:1147(_eval_fuzzy_relation)
     2170    0.000    0.000    0.001    0.000 common.py:364(<genexpr>)
     3706    0.000    0.000    0.001    0.000 tree.py:35(meta)
        1    0.000    0.000    0.001    0.001 realfield.py:1(<module>)
      919    0.000    0.000    0.001    0.000 polyclasses.py:268(to_tuple)
        6    0.000    0.000    0.001    0.000 getlimits.py:34(__init__)
        2    0.000    0.000    0.001    0.000 traverse.py:1(<module>)
        2    0.000    0.000    0.001    0.000 parse_tree_builder.py:314(__init__)
       16    0.000    0.000    0.001    0.000 galoistools.py:1515(gf_sqf_p)
     1350    0.001    0.000    0.001    0.000 <frozen importlib._bootstrap>:599(__init__)
      300    0.000    0.000    0.001    0.000 _docscrape.py:303(parse_item_name)
       20    0.001    0.000    0.001    0.000 {built-in method _imp.exec_builtin}
        3    0.000    0.000    0.001    0.000 crv_types.py:3136(check)
     4445    0.001    0.000    0.001    0.000 numbers.py:3149(__abs__)
        1    0.000    0.000    0.001    0.001 _distribution_infrastructure.py:2297(entropy)
        1    0.000    0.000    0.001    0.001 exprtools.py:1(<module>)
        1    0.000    0.000    0.001    0.001 recurrence_solver.py:1(<module>)
        1    0.000    0.000    0.001    0.001 _special_matrices.py:1(<module>)
     2538    0.001    0.000    0.001    0.000 <frozen importlib._bootstrap>:158(__init__)
        1    0.000    0.000    0.001    0.001 _distribution_infrastructure.py:2317(_entropy_quadrature)
       46    0.001    0.000    0.001    0.000 {built-in method builtins.dir}
      151    0.000    0.000    0.001    0.000 parse_tree_builder.py:322(_init_builders)
      369    0.000    0.000    0.001    0.000 _compiler.py:398(_simple)
        1    0.000    0.000    0.001    0.001 _distribution_infrastructure.py:2076(_quadrature)
        1    0.000    0.000    0.001    0.001 update_info_transformer.py:1(<module>)
       87    0.000    0.000    0.001    0.000 utils.py:61(reverse_dict)
        3    0.000    0.000    0.001    0.000 decorators.py:111(sympify_method_args)
     8969    0.001    0.000    0.001    0.000 inspect.py:2777(kind)
        1    0.000    0.000    0.001    0.001 _interpolation.py:1(<module>)
     3411    0.001    0.000    0.001    0.000 reductions.py:44(get_col)
       33    0.000    0.000    0.001    0.000 {method '__typing_subst__' of 'typing.TypeVar' objects}
        1    0.000    0.000    0.001    0.001 _nnls.py:1(<module>)
      460    0.000    0.000    0.001    0.000 integerring.py:218(lcm)
       36    0.000    0.000    0.001    0.000 galoistools.py:1007(gf_gcd)
        1    0.000    0.000    0.001    0.001 least_squares.py:1(<module>)
       20    0.001    0.000    0.001    0.000 {built-in method _imp.create_builtin}
        1    0.000    0.000    0.001    0.001 lzma.py:1(<module>)
       15    0.000    0.000    0.001    0.000 inspect.py:3262(__str__)
       16    0.000    0.000    0.001    0.000 galoistools.py:1073(gf_gcdex)
     5407    0.001    0.000    0.001    0.000 wrapper.py:109(__new__)
        2    0.000    0.000    0.001    0.000 functions.py:1(<module>)
       34    0.000    0.000    0.001    0.000 containers.py:320(_sorted_args)
        3    0.000    0.000    0.001    0.000 assume.py:175(__new__)
        1    0.000    0.000    0.001    0.001 operations.py:1(<module>)
     9282    0.001    0.000    0.001    0.000 grammar.py:96(__hash__)
       44    0.000    0.000    0.000    0.000 typing.py:977(_typevar_subst)
        1    0.000    0.000    0.000    0.000 dispatcher.py:1(<module>)
       19    0.000    0.000    0.000    0.000 load_grammar.py:829(_find_used_symbols)
      762    0.000    0.000    0.000    0.000 enum.py:1544(_get_value)
       81    0.000    0.000    0.000    0.000 containers.py:324(__eq__)
      667    0.000    0.000    0.000    0.000 _docscrape.py:28(__init__)
       79    0.000    0.000    0.000    0.000 utils.py:228(eval_escaping)
     1769    0.000    0.000    0.000    0.000 integerring.py:172(from_QQ)
        1    0.000    0.000    0.000    0.000 symbolic_probability.py:1(<module>)
       34    0.000    0.000    0.000    0.000 ipaddress.py:1651(_ip_int_from_string)
     2170    0.000    0.000    0.000    0.000 common.py:366(<genexpr>)
        1    0.000    0.000    0.000    0.000 _pocketfft.py:1(<module>)
       72    0.000    0.000    0.000    0.000 expr.py:200(__radd__)
        1    0.000    0.000    0.000    0.000 _compressed.py:1(<module>)
        1    0.000    0.000    0.000    0.000 add.py:1(<module>)
     3533    0.000    0.000    0.000    0.000 {method 'values' of 'mappingproxy' objects}
        1    0.000    0.000    0.000    0.000 arraysetops.py:1(<module>)
        1    0.000    0.000    0.000    0.000 importtools.py:1(<module>)
       25    0.000    0.000    0.000    0.000 enum.py:254(__set_name__)
        1    0.000    0.000    0.000    0.000 _measurements.py:1(<module>)
      114    0.000    0.000    0.000    0.000 dataclasses.py:760(_get_field)
        1    0.000    0.000    0.000    0.000 pc_groups.py:1(<module>)
      310    0.000    0.000    0.000    0.000 pretty_symbology.py:10(U)
       61    0.000    0.000    0.000    0.000 decorator.py:224(memoize_property)
        1    0.000    0.000    0.000    0.000 _differentiable_functions.py:1(<module>)
        6    0.000    0.000    0.000    0.000 printer.py:388(decorator)
        1    0.000    0.000    0.000    0.000 ask.py:21(AssumptionKeys)
       28    0.000    0.000    0.000    0.000 generate.py:659(primerange)
       22    0.000    0.000    0.000    0.000 ipaddress.py:1187(_ip_int_from_string)
        1    0.000    0.000    0.000    0.000 containers.py:1(<module>)
        1    0.000    0.000    0.000    0.000 _tanhsinh.py:958(nsum)
       10    0.000    0.000    0.000    0.000 extras.py:233(__init__)
     1074    0.000    0.000    0.000    0.000 lexer.py:173(feed)
      134    0.000    0.000    0.000    0.000 typing.py:1454(<genexpr>)
     2698    0.000    0.000    0.000    0.000 grammar_analysis.py:54(update_set)
       26    0.000    0.000    0.000    0.000 numbers.py:1984(factors)
        1    0.000    0.000    0.000    0.000 decompositions.py:1(<module>)
        6    0.000    0.000    0.000    0.000 printer.py:356(__init__)
        1    0.000    0.000    0.000    0.000 permutation.py:1(<module>)
        1    0.000    0.000    0.000    0.000 ndim_array.py:1(<module>)
        1    0.000    0.000    0.000    0.000 zeta.py:1(<module>)
      184    0.000    0.000    0.000    0.000 primetest.py:499(isprime)
      135    0.000    0.000    0.000    0.000 <frozen importlib._bootstrap_external>:164(_path_isdir)
       55    0.000    0.000    0.000    0.000 enum.py:390(__setitem__)
       87    0.000    0.000    0.000    0.000 {built-in method fromkeys}
     1357    0.000    0.000    0.000    0.000 {built-in method _thread.allocate_lock}
        8    0.000    0.000    0.000    0.000 typing.py:740(Optional)
     5555    0.000    0.000    0.000    0.000 tree.py:30(__init__)
     5651    0.000    0.000    0.000    0.000 polyoptions.py:625(default)
        1    0.000    0.000    0.000    0.000 gammasimp.py:1(<module>)
     1403    0.000    0.000    0.000    0.000 <frozen importlib._bootstrap>:412(__init__)
       10    0.000    0.000    0.000    0.000 solvers.py:74(eqs_to_matrix)
        1    0.000    0.000    0.000    0.000 matadd.py:1(<module>)
        1    0.000    0.000    0.000    0.000 timeutils.py:1(<module>)
      958    0.000    0.000    0.000    0.000 utils.py:56(<genexpr>)
        8    0.000    0.000    0.000    0.000 mul.py:2034(_eval_as_leading_term)
      303    0.000    0.000    0.000    0.000 _parser.py:372(_escape)
        1    0.000    0.000    0.000    0.000 polyerrors.py:1(<module>)
       10    0.000    0.000    0.000    0.000 extras.py:237(getdoc)
     5643    0.000    0.000    0.000    0.000 inspect.py:2765(name)
        1    0.000    0.000    0.000    0.000 perm_groups.py:1(<module>)
      182    0.000    0.000    0.000    0.000 functools.py:479(lru_cache)
        1    0.000    0.000    0.000    0.000 __init__.py:436(PercentStyle)
      605    0.000    0.000    0.000    0.000 _inspect.py:26(isfunction)
        3    0.000    0.000    0.000    0.000 <decorator-gen-1>:1(_held_figure)
      298    0.000    0.000    0.000    0.000 _compiler.py:216(_compile_charset)
        1    0.000    0.000    0.000    0.000 crv.py:157(SingleContinuousDistribution)
        3    0.000    0.000    0.000    0.000 decorator.py:200(decorate)
     2099    0.000    0.000    0.000    0.000 repmatrix.py:120(<genexpr>)
     1323    0.000    0.000    0.000    0.000 lalr_analysis.py:152(<lambda>)
        4    0.000    0.000    0.000    0.000 warnings.py:131(filterwarnings)
      149    0.000    0.000    0.000    0.000 parse_tree_builder.py:137(maybe_create_child_filter)
       12    0.000    0.000    0.000    0.000 expressions.py:143(get_monoms)
     2591    0.000    0.000    0.000    0.000 {method 'group' of 're.Match' objects}
       16    0.000    0.000    0.000    0.000 typing.py:1841(__init__)
        1    0.000    0.000    0.000    0.000 exceptions.py:99(sympy_deprecation_warning)
        1    0.000    0.000    0.000    0.000 expr.py:42(Expr)
        1    0.000    0.000    0.000    0.000 _page_trend_test.py:1(<module>)
      422    0.000    0.000    0.000    0.000 lexer.py:50(to_regexp)
        1    0.000    0.000    0.000    0.000 lark.py:355(_prepare_callbacks)
      342    0.000    0.000    0.000    0.000 ring.py:38(invert)
      586    0.000    0.000    0.000    0.000 _inspect.py:41(iscode)
       62    0.000    0.000    0.000    0.000 _array_api.py:682(_make_sphinx_capabilities)
       52    0.000    0.000    0.000    0.000 functools.py:818(dispatch)
        7    0.000    0.000    0.000    0.000 rootisolation.py:516(dup_inner_isolate_negative_roots)
        1    0.000    0.000    0.000    0.000 _odepack_py.py:1(<module>)
       38    0.000    0.000    0.000    0.000 getlimits.py:111(_float_to_str)
       24    0.000    0.000    0.000    0.000 dimensions.py:234(__pow__)
       26    0.000    0.000    0.000    0.000 factor_.py:1459(factorrat)
     1075    0.000    0.000    0.000    0.000 _docscrape.py:454(_str_header)
        2    0.000    0.000    0.000    0.000 misc.py:1(<module>)
        1    0.000    0.000    0.000    0.000 _linesearch.py:1(<module>)
     2262    0.000    0.000    0.000    0.000 rules.py:49(__init__)
        1    0.000    0.000    0.000    0.000 binrel.py:1(<module>)
     1615    0.000    0.000    0.000    0.000 _docscrape.py:156(__setitem__)
        1    0.000    0.000    0.000    0.000 hadamard.py:1(<module>)
      213    0.000    0.000    0.000    0.000 ctx_fp.py:51(_wrap_specfun)
        3    0.000    0.000    0.000    0.000 {built-in method _warnings.warn}
      107    0.000    0.000    0.000    0.000 load_grammar.py:278(expansions)
       15    0.000    0.000    0.000    0.000 _distribution_infrastructure.py:3136(moment)
     1983    0.000    0.000    0.000    0.000 basic.py:2088(class_key)
        2    0.000    0.000    0.000    0.000 transformer.py:36(execute)
        1    0.000    0.000    0.000    0.000 densebasic.py:1(<module>)
        1    0.000    0.000    0.000    0.000 _root_scalar.py:1(<module>)
       81    0.000    0.000    0.000    0.000 typing.py:961(_is_unpacked_typevartuple)
        1    0.000    0.000    0.000    0.000 _linalg.py:1(<module>)
       15    0.000    0.000    0.000    0.000 poly_assignment.py:59(subs)
       96    0.000    0.000    0.000    0.000 numbers.py:3345(__sub__)
        1    0.000    0.000    0.000    0.000 _exceptions.py:1(<module>)
        1    0.000    0.000    0.000    0.000 rec_builder.py:1(<module>)
       42    0.000    0.000    0.000    0.000 {numpy.random._generator.default_rng}
     3432    0.000    0.000    0.000    0.000 add.py:214(<genexpr>)
        1    0.000    0.000    0.000    0.000 dimension_definitions.py:1(<module>)
     1466    0.000    0.000    0.000    0.000 printer.py:324(<genexpr>)
       79    0.000    0.000    0.000    0.000 ast.py:56(literal_eval)
     34/2    0.000    0.000    0.000    0.000 transformer.py:40(_execute)
      310    0.000    0.000    0.000    0.000 {built-in method unicodedata.lookup}
        1    0.000    0.000    0.000    0.000 _add_docstring.py:1(<module>)
      417    0.000    0.000    0.000    0.000 load_grammar.py:238(_flatten)
     3706    0.000    0.000    0.000    0.000 boolalg.py:351(__eq__)
      202    0.000    0.000    0.000    0.000 _parser.py:86(opengroup)
      816    0.000    0.000    0.000    0.000 lexer.py:117(__new__)
       26    0.000    0.000    0.000    0.000 <frozen abc>:110(register)
        1    0.000    0.000    0.000    0.000 datetime.py:1(<module>)
        1    0.000    0.000    0.000    0.000 parameters.py:1(<module>)
        1    0.000    0.000    0.000    0.000 radsimp.py:1(<module>)
        1    0.000    0.000    0.000    0.000 lie_group.py:1(<module>)
     3901    0.000    0.000    0.000    0.000 permutations.py:1607(__iter__)
      385    0.000    0.000    0.000    0.000 str.py:711(_print_Rational)
     5919    0.000    0.000    0.000    0.000 grammar_analysis.py:22(next)
      151    0.000    0.000    0.000    0.000 galoistools.py:524(gf_mul)
       55    0.000    0.000    0.000    0.000 ipaddress.py:533(_split_addr_prefix)
     4824    0.000    0.000    0.000    0.000 copy.py:172(_deepcopy_atomic)
        1    0.000    0.000    0.000    0.000 _trustregion_krylov.py:1(<module>)
      320    0.000    0.000    0.000    0.000 _array_api.py:676(__str__)
     3833    0.000    0.000    0.000    0.000 domain.py:982(is_one)
       37    0.000    0.000    0.000    0.000 decorators.py:202(make_wrapped)
        1    0.000    0.000    0.000    0.000 _relative_risk.py:1(<module>)
        1    0.000    0.000    0.000    0.000 _add_docstring.py:27(_parse_docstrings)
       13    0.000    0.000    0.000    0.000 typing.py:1721(_get_protocol_attrs)
       14    0.000    0.000    0.000    0.000 assignment.py:18(__init__)
        1    0.000    0.000    0.000    0.000 warnings.py:97(_showwarnmsg)
        2    0.000    0.000    0.000    0.000 determinant.py:1(<module>)
       20    0.000    0.000    0.000    0.000 contextlib.py:272(contextmanager)
        1    0.000    0.000    0.000    0.000 warnings.py:20(_showwarnmsg_impl)
       56    0.000    0.000    0.000    0.000 inspect.py:2799(__str__)
       26    0.000    0.000    0.000    0.000 {built-in method _abc._abc_register}
       74    0.000    0.000    0.000    0.000 typing.py:1557(<genexpr>)
        6    0.000    0.000    0.000    0.000 _distribution_infrastructure.py:1597(__init__)
       14    0.000    0.000    0.000    0.000 rootisolation.py:358(dup_inner_isolate_real_roots)
        1    0.000    0.000    0.000    0.000 _lbfgsb_py.py:1(<module>)
        1    0.000    0.000    0.000    0.000 lsq_linear.py:1(<module>)
      263    0.000    0.000    0.000    0.000 densearith.py:513(dup_add)
     34/6    0.000    0.000    0.000    0.000 singledispatchmethod.py:67(_method)
        1    0.000    0.000    0.000    0.000 backend.py:1(<module>)
        1    0.000    0.000    0.000    0.000 plane.py:1(<module>)
        3    0.000    0.000    0.000    0.000 arrayprint.py:1487(_array_repr_implementation)
      305    0.000    0.000    0.000    0.000 dimensions.py:325(parse_dim_name)
        1    0.000    0.000    0.000    0.000 equality_constrained_sqp.py:1(<module>)
       51    0.000    0.000    0.000    0.000 densearith.py:701(dup_sub_mul)
       26    0.000    0.000    0.000    0.000 functools.py:852(register)
        1    0.000    0.000    0.000    0.000 if_transformer.py:1(<module>)
        1    0.000    0.000    0.000    0.000 lalr_parser.py:1(<module>)
        1    0.000    0.000    0.000    0.000 expr_with_limits.py:1(<module>)
        1    0.000    0.000    0.000    0.000 meijerint.py:1(<module>)
       28    0.000    0.000    0.000    0.000 _distribution_infrastructure.py:305(get_numerical_endpoints)
        1    0.000    0.000    0.000    0.000 warnings.py:118(_formatwarnmsg)
        1    0.000    0.000    0.000    0.000 constants_transformer.py:20(execute)
      615    0.000    0.000    0.000    0.000 reductions.py:47(row_swap)
        1    0.000    0.000    0.000    0.000 array_comprehension.py:1(<module>)
        1    0.000    0.000    0.000    0.000 _fitpack_impl.py:1(<module>)
        1    0.000    0.000    0.000    0.000 smtlib.py:1(<module>)
        8    0.000    0.000    0.000    0.000 functools.py:774(_find_impl)
        1    0.000    0.000    0.000    0.000 _iotools.py:1(<module>)
        1    0.000    0.000    0.000    0.000 warnings.py:35(_formatwarnmsg_impl)
        1    0.000    0.000    0.000    0.000 symbolic_multivariate_probability.py:1(<module>)
       89    0.000    0.000    0.000    0.000 numbers.py:674(_as_mpf_op)
       36    0.000    0.000    0.000    0.000 typing.py:885(__init__)
        1    0.000    0.000    0.000    0.000 numpy.py:1(<module>)
        3    0.000    0.000    0.000    0.000 arrayprint.py:561(array2string)
        1    0.000    0.000    0.000    0.000 difflib.py:1(<module>)
        2    0.000    0.000    0.000    0.000 polyutils.py:1(<module>)
       10    0.000    0.000    0.000    0.000 typing.py:1519(__getitem__)
      213    0.000    0.000    0.000    0.000 _docscrape.py:531(_str_index)
        1    0.000    0.000    0.000    0.000 condition.py:1(<module>)
        1    0.000    0.000    0.000    0.000 laguerre.py:1(<module>)
        1    0.000    0.000    0.000    0.000 residue_ntheory.py:1(<module>)
        1    0.000    0.000    0.000    0.000 _realtransforms.py:1(<module>)
      146    0.000    0.000    0.000    0.000 lexer.py:305(<genexpr>)
    18/15    0.000    0.000    0.000    0.000 functools.py:904(wrapper)
        1    0.000    0.000    0.000    0.000 linecache.py:26(getline)
        2    0.000    0.000    0.000    0.000 constants_transformer.py:60(_subs_in_assigns)
        1    0.000    0.000    0.000    0.000 joint_rv.py:1(<module>)
      106    0.000    0.000    0.000    0.000 numbers.py:2428(__floordiv__)
        1    0.000    0.000    0.000    0.000 _kdtree.py:1(<module>)
        1    0.000    0.000    0.000    0.000 linecache.py:36(getlines)
        1    0.000    0.000    0.000    0.000 abc.py:1(<module>)
       12    0.000    0.000    0.000    0.000 typing.py:1261(__or__)
       16    0.000    0.000    0.000    0.000 typing.py:1966(__init_subclass__)
       16    0.000    0.000    0.000    0.000 arraypad.py:533(pad)
       13    0.000    0.000    0.000    0.000 mixins.py:44(_numeric_methods)
        1    0.000    0.000    0.000    0.000 _slsqp_py.py:1(<module>)
        1    0.000    0.000    0.000    0.000 linecache.py:80(updatecache)
       72    0.000    0.000    0.000    0.000 pydoc.py:108(_finddoc)
      374    0.000    0.000    0.000    0.000 integerring.py:206(gcdex)
      258    0.000    0.000    0.000    0.000 function.py:150(<lambda>)
       16    0.000    0.000    0.000    0.000 numbers.py:1338(_eval_power)
       26    0.000    0.000    0.000    0.000 core.py:6855(__init__)
      316    0.000    0.000    0.000    0.000 _parser.py:449(_uniq)
      826    0.000    0.000    0.000    0.000 containers.py:64(__len__)
        1    0.000    0.000    0.000    0.000 _multiufuncs.py:1(<module>)
        1    0.000    0.000    0.000    0.000 contains.py:1(<module>)
        1    0.000    0.000    0.000    0.000 _ccallback.py:1(<module>)
        2    0.000    0.000    0.000    0.000 uniform.py:20(get_moment)
        8    0.000    0.000    0.000    0.000 functools.py:732(_compose_mro)
        1    0.000    0.000    0.000    0.000 diff_rec_builder.py:1(<module>)
        1    0.000    0.000    0.000    0.000 nonhomogeneous.py:1(<module>)
       64    0.000    0.000    0.000    0.000 copy.py:61(copy)
        6    0.000    0.000    0.000    0.000 _distribution_infrastructure.py:1616(_update_parameters)
        1    0.000    0.000    0.000    0.000 domainmatrix.py:53(DomainMatrix)
       88    0.000    0.000    0.000    0.000 ipaddress.py:1213(_parse_octet)
        1    0.000    0.000    0.000    0.000 conventions.py:1(<module>)
      150    0.000    0.000    0.000    0.000 iterables.py:1012(finish)
       44    0.000    0.000    0.000    0.000 generate.py:31(_as_int_ceiling)
        1    0.000    0.000    0.000    0.000 stride_tricks.py:1(<module>)
       27    0.000    0.000    0.000    0.000 singleton.py:165(__init__)
      174    0.000    0.000    0.000    0.000 decorator.py:175(public)
       73    0.000    0.000    0.000    0.000 rec_builder.py:85(_assign_replace_is_necessary)
       63    0.000    0.000    0.000    0.000 _axis_nan_policy.py:291(_get_axis_params)
      210    0.000    0.000    0.000    0.000 _docscrape.py:591(get_func)
       12    0.000    0.000    0.000    0.000 generate.py:153(primerange)
      575    0.000    0.000    0.000    0.000 _parser.py:172(__setitem__)
      128    0.000    0.000    0.000    0.000 dimensions.py:80(<lambda>)
        1    0.000    0.000    0.000    0.000 distribution.py:1(<module>)
        4    0.000    0.000    0.000    0.000 transformer.py:25(_)
       52    0.000    0.000    0.000    0.000 factor_.py:1011(factorint)
        5    0.000    0.000    0.000    0.000 decorator.py:144(make)
        1    0.000    0.000    0.000    0.000 condition.py:6(Condition)
        1    0.000    0.000    0.000    0.000 _spherical_voronoi.py:1(<module>)
        1    0.000    0.000    0.000    0.000 solveset.py:1(<module>)
       29    0.000    0.000    0.000    0.000 _array_api.py:553(xp_promote)
        1    0.000    0.000    0.000    0.000 gaussiandomains.py:1(<module>)
        9    0.000    0.000    0.000    0.000 crv_types.py:159(<genexpr>)
       94    0.000    0.000    0.000    0.000 rings.py:935(__add__)
        1    0.000    0.000    0.000    0.000 visualization.py:1(<module>)
        3    0.000    0.000    0.000    0.000 arrayprint.py:523(_array2string)
        2    0.000    0.000    0.000    0.000 operations.py:604(register_handlerclass)
       18    0.000    0.000    0.000    0.000 arrayprint.py:1595(_array_str_implementation)
        6    0.000    0.000    0.000    0.000 _version.py:55(__init__)
        1    0.000    0.000    0.000    0.000 records.py:1(<module>)
       12    0.000    0.000    0.000    0.000 _distribution_infrastructure.py:943(filtered)
        1    0.000    0.000    0.000    0.000 atom_cond.py:125(__str__)
        8    0.000    0.000    0.000    0.000 enum.py:513(__prepare__)
      135    0.000    0.000    0.000    0.000 _parser.py:274(getuntil)
        1    0.000    0.000    0.000    0.000 dimensions.py:1(<module>)
       79    0.000    0.000    0.000    0.000 containers.py:175(<lambda>)
        1    0.000    0.000    0.000    0.000 bdf.py:1(<module>)
      296    0.000    0.000    0.000    0.000 typing.py:1565(__eq__)
        1    0.000    0.000    0.000    0.000 _endian.py:1(<module>)
      341    0.000    0.000    0.000    0.000 pythonmpq.py:194(__neg__)
        1    0.000    0.000    0.000    0.000 exponent_lattice.py:1(<module>)
        1    0.000    0.000    0.000    0.000 compatibility.py:1(<module>)
        1    0.000    0.000    0.000    0.000 galoistools.py:1(<module>)
     1970    0.000    0.000    0.000    0.000 numbers.py:1700(_eval_is_zero)
  383/345    0.000    0.000    0.000    0.000 tree.py:76(__hash__)
        1    0.000    0.000    0.000    0.000 helpers.py:1(<module>)
        6    0.000    0.000    0.000    0.000 mul.py:1951(coeff_exp)
        1    0.000    0.000    0.000    0.000 subsets.py:1(<module>)
        1    0.000    0.000    0.000    0.000 ctx_iv.py:1(<module>)
        6    0.000    0.000    0.000    0.000 numeric.py:2507(extend_all)
        4    0.000    0.000    0.000    0.000 typing.py:1264(__ror__)
       50    0.000    0.000    0.000    0.000 rings.py:1009(__sub__)
        1    0.000    0.000    0.000    0.000 ctx_mp.py:96(init_builtins)
     1188    0.000    0.000    0.000    0.000 {built-in method _imp._fix_co_filename}
     1179    0.000    0.000    0.000    0.000 {method 'capitalize' of 'str' objects}
        4    0.000    0.000    0.000    0.000 inspect.py:1351(getfullargspec)
        2    0.000    0.000    0.000    0.000 kind.py:287(_)
        8    0.000    0.000    0.000    0.000 typing.py:1533(__getitem_inner__)
       71    0.000    0.000    0.000    0.000 inspect.py:1456(formatannotation)
        1    0.000    0.000    0.000    0.000 polyoptions.py:297(Wrt)
        1    0.000    0.000    0.000    0.000 _complex.py:1(<module>)
        1    0.000    0.000    0.000    0.000 pythonfinitefield.py:1(<module>)
       15    0.000    0.000    0.000    0.000 decorator.py:308(deprecated_decorator)
       68    0.000    0.000    0.000    0.000 _internal.py:14(get_xp)
       24    0.000    0.000    0.000    0.000 _distribution_infrastructure.py:386(draw)
      274    0.000    0.000    0.000    0.000 mul.py:1557(<genexpr>)
        1    0.000    0.000    0.000    0.000 _type_aliases.py:94(_add_aliases)
       65    0.000    0.000    0.000    0.000 polytools.py:1864(degree)
      152    0.000    0.000    0.000    0.000 <frozen _collections_abc>:469(__new__)
        1    0.000    0.000    0.000    0.000 _direct_py.py:1(<module>)
      372    0.000    0.000    0.000    0.000 typing.py:1603(__eq__)
        1    0.000    0.000    0.000    0.000 gruntz.py:1(<module>)
        1    0.000    0.000    0.000    0.000 _expm_multiply.py:1(<module>)
       49    0.000    0.000    0.000    0.000 core.py:131(get_object_signature)
        9    0.000    0.000    0.000    0.000 solvability_checker.py:26(_get_infinite_var_power)
        1    0.000    0.000    0.000    0.000 field.py:1(<module>)
     1021    0.000    0.000    0.000    0.000 {method 'popitem' of 'collections.OrderedDict' objects}
        1    0.000    0.000    0.000    0.000 polynomialring.py:1(<module>)
        1    0.000    0.000    0.000    0.000 crv_types.py:403(BetaDistribution)
        1    0.000    0.000    0.000    0.000 optimization.py:1(<module>)
      138    0.000    0.000    0.000    0.000 value_node.py:166(propagate_descendents)
        1    0.000    0.000    0.000    0.000 ctypeslib.py:1(<module>)
     1180    0.000    0.000    0.000    0.000 {method 'index' of 'tuple' objects}
        1    0.000    0.000    0.000    0.000 assumptions_generated.py:1(<module>)
        1    0.000    0.000    0.000    0.000 matexpr.py:36(MatrixExpr)
        1    0.000    0.000    0.000    0.000 gmpyfinitefield.py:1(<module>)
        1    0.000    0.000    0.000    0.000 str.py:1(<module>)
      249    0.000    0.000    0.000    0.000 {built-in method numpy.array}
       87    0.000    0.000    0.000    0.000 _docscrape.py:658(splitlines_x)
       17    0.000    0.000    0.000    0.000 getlimits.py:484(__new__)
        1    0.000    0.000    0.000    0.000 {method 'readlines' of '_io._IOBase' objects}
      211    0.000    0.000    0.000    0.000 load_grammar.py:479(expansions)
       68    0.000    0.000    0.000    0.000 galoistools.py:555(gf_sqr)
      129    0.000    0.000    0.000    0.000 galoistools.py:1139(gf_monic)
        1    0.000    0.000    0.000    0.000 enum.py:863(_create_)
        1    0.000    0.000    0.000    0.000 getlimits.py:1(<module>)
        1    0.000    0.000    0.000    0.000 histograms.py:1(<module>)
        1    0.000    0.000    0.000    0.000 transpose.py:1(<module>)
        1    0.000    0.000    0.000    0.000 multi_assign_transformer.py:14(execute)
     53/8    0.000    0.000    0.000    0.000 functools.py:687(_c3_mro)
        1    0.000    0.000    0.000    0.000 quaternion.py:1(<module>)
        5    0.000    0.000    0.000    0.000 decorator.py:75(__init__)
        8    0.000    0.000    0.000    0.000 _multiufuncs.py:25(__init__)
        1    0.000    0.000    0.000    0.000 algebraic_numbers.py:1(<module>)
        1    0.000    0.000    0.000    0.000 logic.py:1(<module>)
       18    0.000    0.000    0.000    0.000 arrayprint.py:1588(_guarded_repr_or_str)
      962    0.000    0.000    0.000    0.000 {method 'find' of 'bytearray' objects}
     3892    0.000    0.000    0.000    0.000 inspect.py:3058(parameters)
        1    0.000    0.000    0.000    0.000 normalforms.py:1(<module>)
      424    0.000    0.000    0.000    0.000 __init__.py:255(escape)
      217    0.000    0.000    0.000    0.000 sets.py:90(_infimum_key)
      268    0.000    0.000    0.000    0.000 libmpf.py:322(<genexpr>)
        1    0.000    0.000    0.000    0.000 integerring.py:1(<module>)
        5    0.000    0.000    0.000    0.000 rootisolation.py:269(dup_inner_refine_real_root)
       13    0.000    0.000    0.000    0.000 mixins.py:36(_inplace_binary_method)
      174    0.000    0.000    0.000    0.000 order.py:325(variables)
        1    0.000    0.000    0.000    0.000 _distribution_infrastructure.py:1506(UnivariateDistribution)
        1    0.000    0.000    0.000    0.000 order.py:1(<module>)
       18    0.000    0.000    0.000    0.000 _distribution_infrastructure.py:3211(_moment_central_dispatch)
        9    0.000    0.000    0.000    0.000 _multivariate.py:5755(_docfill)
        1    0.000    0.000    0.000    0.000 _numdiff.py:1(<module>)
       26    0.000    0.000    0.000    0.000 core.py:6860(getdoc)
        1    0.000    0.000    0.000    0.000 kronecker.py:1(<module>)
      153    0.000    0.000    0.000    0.000 grammar.py:79(__init__)
     1160    0.000    0.000    0.000    0.000 lalr_analysis.py:154(<lambda>)
        1    0.000    0.000    0.000    0.000 polytools.py:101(Poly)
        1    0.000    0.000    0.000    0.000 identification.py:1(<module>)
        1    0.000    0.000    0.000    0.000 partitions.py:1(<module>)
  120/108    0.000    0.000    0.000    0.000 unitsystem.py:84(get_quantity_scale_factor)
      213    0.000    0.000    0.000    0.000 ctx_mp_python.py:1014(_wrap_specfun)
        2    0.000    0.000    0.000    0.000 lalr_analysis.py:67(from_ParseTable)
       50    0.000    0.000    0.000    0.000 complexes.py:253(_eval_is_finite)
        1    0.000    0.000    0.000    0.000 ctx_iv.py:324(_init_builtins)
      238    0.000    0.000    0.000    0.000 pythonmpq.py:198(__add__)
        1    0.000    0.000    0.000    0.000 setexpr.py:1(<module>)
       38    0.000    0.000    0.000    0.000 _compiler.py:386(_mk_bitmap)
     1188    0.000    0.000    0.000    0.000 <frozen importlib._bootstrap_external>:1153(__init__)
        1    0.000    0.000    0.000    0.000 rk.py:1(<module>)
        4    0.000    0.000    0.000    0.000 evalf.py:634(evalf_mul)
        1    0.000    0.000    0.000    0.000 funcmatrix.py:1(<module>)
        2    0.000    0.000    0.000    0.000 _distn_infrastructure.py:4172(get_distribution_names)
    35/29    0.000    0.000    0.000    0.000 galoistools.py:1855(gf_edf_zassenhaus)
        1    0.000    0.000    0.000    0.000 _tnc.py:1(<module>)
      150    0.000    0.000    0.000    0.000 iterables.py:1006(start)
     1402    0.000    0.000    0.000    0.000 {method 'lower' of 'str' objects}
     1578    0.000    0.000    0.000    0.000 _parser.py:113(__init__)
  781/191    0.000    0.000    0.000    0.000 tree.py:110(scan_values)
        2    0.000    0.000    0.000    0.000 decorator.py:215(decorator)
        2    0.000    0.000    0.000    0.000 sysconfig.py:667(get_path)
        1    0.000    0.000    0.000    0.000 groundtypes.py:1(<module>)
       10    0.000    0.000    0.000    0.000 contextlib.py:78(inner)
        2    0.000    0.000    0.000    0.000 sysconfig.py:655(get_paths)
        7    0.000    0.000    0.000    0.000 exponential.py:386(taylor_term)
        6    0.000    0.000    0.000    0.000 _distribution_infrastructure.py:3276(_moment_standardized)
        5    0.000    0.000    0.000    0.000 rootisolation.py:223(dup_step_refine_real_root)
        1    0.000    0.000    0.000    0.000 _bsplines.py:1(<module>)
     2349    0.000    0.000    0.000    0.000 polytools.py:556(get_domain)
        2    0.000    0.000    0.000    0.000 _distributor_init.py:1(<module>)
     1214    0.000    0.000    0.000    0.000 galoistools.py:130(gf_degree)
        2    0.000    0.000    0.000    0.000 sysconfig.py:290(_expand_vars)
        1    0.000    0.000    0.000    0.000 _compat_pickle.py:1(<module>)
        1    0.000    0.000    0.000    0.000 and_cond.py:1(<module>)
        1    0.000    0.000    0.000    0.000 ipaddress.py:671(_BaseNetwork)
       54    0.000    0.000    0.000    0.000 inspect.py:2001(_signature_get_user_defined_method)
        2    0.000    0.000    0.000    0.000 parse_tree_builder.py:338(create_callback)
       19    0.000    0.000    0.000    0.000 square_extraction.py:7(_sqroot_and_sign_if_possible)
        1    0.000    0.000    0.000    0.000 sparse_ndim_array.py:1(<module>)
        1    0.000    0.000    0.000    0.000 mstats.py:1(<module>)
        6    0.000    0.000    0.000    0.000 _distribution_infrastructure.py:3282(_moment_standardized_dispatch)
        1    0.000    0.000    0.000    0.000 mathml.py:1(<module>)
        1    0.000    0.000    0.000    0.000 _validation.py:1(<module>)
      317    0.000    0.000    0.000    0.000 overrides.py:105(array_function_dispatch)
     1552    0.000    0.000    0.000    0.000 <frozen importlib._bootstrap_external>:71(_relax_case)
        1    0.000    0.000    0.000    0.000 _linprog_rs.py:1(<module>)
        2    0.000    0.000    0.000    0.000 _shape.py:1(<module>)
       17    0.000    0.000    0.000    0.000 ctx_iv.py:407(_mpq)
      125    0.000    0.000    0.000    0.000 dataclasses.py:864(_set_new_attribute)
      374    0.000    0.000    0.000    0.000 numbers.py:445(igcdex)
      111    0.000    0.000    0.000    0.000 rings.py:319(ground_new)
       10    0.000    0.000    0.000    0.000 deprecation.py:83(wrap)
        1    0.000    0.000    0.000    0.000 interval_arithmetic.py:1(<module>)
        2    0.000    0.000    0.000    0.000 update_info_transformer.py:40(_set_variables_and_symbols)
        1    0.000    0.000    0.000    0.000 companion.py:1(<module>)
      604    0.000    0.000    0.000    0.000 polytools.py:4182(is_univariate)
        1    0.000    0.000    0.000    0.000 _trustregion_dogleg.py:1(<module>)
      299    0.000    0.000    0.000    0.000 rootoftools.py:594(_reals_index)
        1    0.000    0.000    0.000    0.000 conflict.py:1(<module>)
      350    0.000    0.000    0.000    0.000 {built-in method numpy.core._multiarray_umath.add_docstring}
  126/119    0.000    0.000    0.000    0.000 _compiler.py:436(_get_literal_prefix)
       52    0.000    0.000    0.000    0.000 singleton.py:106(__getattr__)
        1    0.000    0.000    0.000    0.000 conditionset.py:1(<module>)
      639    0.000    0.000    0.000    0.000 polyoptions.py:51(preprocess)
      654    0.000    0.000    0.000    0.000 _parser.py:83(groups)
     1236    0.000    0.000    0.000    0.000 permutations.py:1058(array_form)
        6    0.000    0.000    0.000    0.000 _distribution_infrastructure.py:1779(_validate)
       51    0.000    0.000    0.000    0.000 power.py:46(integer_nthroot)
        1    0.000    0.000    0.000    0.000 adjoint.py:1(<module>)
        1    0.000    0.000    0.000    0.000 series_class.py:1(<module>)
      302    0.000    0.000    0.000    0.000 rootoftools.py:635(_count_roots)
        2    0.000    0.000    0.000    0.000 arrayprint.py:503(decorating_function)
        6    0.000    0.000    0.000    0.000 _distribution_infrastructure.py:3308(_moment_standardized_normalize)
       34    0.000    0.000    0.000    0.000 ipaddress.py:1631(_make_netmask)
      487    0.000    0.000    0.000    0.000 rings.py:302(monomial_basis)
        2    0.000    0.000    0.000    0.000 getlimits.py:540(_init)
       16    0.000    0.000    0.000    0.000 _type_aliases.py:58(bitname)
       29    0.000    0.000    0.000    0.000 dataclasses.py:250(_recursive_repr)
     2387    0.000    0.000    0.000    0.000 common.py:2199(<genexpr>)
       16    0.000    0.000    0.000    0.000 {method '__init_subclass__' of 'object' objects}
      919    0.000    0.000    0.000    0.000 densebasic.py:452(dmp_to_tuple)
        1    0.000    0.000    0.000    0.000 _adapters.py:1(<module>)
        6    0.000    0.000    0.000    0.000 _distribution_infrastructure.py:833(validation)
      160    0.000    0.000    0.000    0.000 _parser.py:231(__init__)
        1    0.000    0.000    0.000    0.000 rl.py:1(<module>)
       45    0.000    0.000    0.000    0.000 typing.py:307(_unpack_args)
       73    0.000    0.000    0.000    0.000 _internal.py:872(_ufunc_doc_signature_formatter)
        6    0.000    0.000    0.000    0.000 polytools.py:669(reorder)
      114    0.000    0.000    0.000    0.000 order.py:332(point)
      291    0.000    0.000    0.000    0.000 grammar_analysis.py:44(__init__)
        1    0.000    0.000    0.000    0.000 lgmres.py:1(<module>)
        1    0.000    0.000    0.000    0.000 stochastic_process_types.py:823(DiscreteMarkovChain)
        1    0.000    0.000    0.000    0.000 _decomp_cossin.py:1(<module>)
       90    0.000    0.000    0.000    0.000 {built-in method posix.getcwd}
        1    0.000    0.000    0.000    0.000 _multiarray_umath.py:1(<module>)
        1    0.000    0.000    0.000    0.000 ctypeslib.py:360(_get_scalar_type_map)
     1188    0.000    0.000    0.000    0.000 <frozen importlib._bootstrap_external>:1178(get_filename)
        8    0.000    0.000    0.000    0.000 typing.py:1515(copy_with)
      790    0.000    0.000    0.000    0.000 containers.py:61(<genexpr>)
       18    0.000    0.000    0.000    0.000 typing.py:1096(_generic_init_subclass)
     1056    0.000    0.000    0.000    0.000 <frozen importlib._bootstrap_external>:1573(<genexpr>)
        1    0.000    0.000    0.000    0.000 latex.py:141(LatexPrinter)
        1    0.000    0.000    0.000    0.000 _fftlog.py:1(<module>)
    60/30    0.000    0.000    0.000    0.000 expr.py:2339(extract_additively)
     2974    0.000    0.000    0.000    0.000 inspect.py:2769(default)
       24    0.000    0.000    0.000    0.000 polytools.py:2091(nth)
      310    0.000    0.000    0.000    0.000 lexer.py:308(<lambda>)
        1    0.000    0.000    0.000    0.000 sequences.py:26(SeqBase)
      174    0.000    0.000    0.000    0.000 dimensions.py:304(parse_dim)
        3    0.000    0.000    0.000    0.000 arrayprint.py:452(_get_format_function)
        8    0.000    0.000    0.000    0.000 rootisolation.py:114(dup_root_lower_bound)
     1317    0.000    0.000    0.000    0.000 <frozen importlib._bootstrap>:653(has_location)
       37    0.000    0.000    0.000    0.000 power.py:1586(matches)
       21    0.000    0.000    0.000    0.000 <frozen importlib._bootstrap>:662(spec_from_loader)
        1    0.000    0.000    0.000    0.000 importtools.py:48(import_module)
       15    0.000    0.000    0.000    0.000 complexes.py:257(_eval_is_complex)
        4    0.000    0.000    0.000    0.000 simplify.py:219(posify)
       84    0.000    0.000    0.000    0.000 galoistools.py:437(gf_quo_ground)
      151    0.000    0.000    0.000    0.000 libintmath.py:353(ifac)
        1    0.000    0.000    0.000    0.000 trace.py:1(<module>)
      615    0.000    0.000    0.000    0.000 lexer.py:64(to_regexp)
        5    0.000    0.000    0.000    0.000 rootisolation.py:1738(__init__)
        1    0.000    0.000    0.000    0.000 _isotonic.py:1(<module>)
        1    0.000    0.000    0.000    0.000 powerset.py:1(<module>)
        1    0.000    0.000    0.000    0.000 symbol.py:408(Dummy)
        1    0.000    0.000    0.000    0.000 sysconfig.py:1(<module>)
    31/30    0.000    0.000    0.000    0.000 numbers.py:3518(__mul__)
        1    0.000    0.000    0.000    0.000 _fitpack2.py:1(<module>)
       10    0.000    0.000    0.000    0.000 saturation_based_bound_computation.py:45(<lambda>)
        1    0.000    0.000    0.000    0.000 arraypad.py:1(<module>)
      111    0.000    0.000    0.000    0.000 rings.py:322(term_new)
      309    0.000    0.000    0.000    0.000 densebasic.py:1631(dup_terms_gcd)
        1    0.000    0.000    0.000    0.000 pkgutil.py:1(<module>)
      555    0.000    0.000    0.000    0.000 inspect.py:295(isclass)
     1488    0.000    0.000    0.000    0.000 {built-in method builtins.ord}
      786    0.000    0.000    0.000    0.000 utils.py:45(<genexpr>)
        1    0.000    0.000    0.000    0.000 _qmvnt.py:1(<module>)
      718    0.000    0.000    0.000    0.000 parse_tree_builder.py:17(__call__)
        2    0.000    0.000    0.000    0.000 base.py:1(<module>)
        1    0.000    0.000    0.000    0.000 add.py:89(Add)
       45    0.000    0.000    0.000    0.000 add.py:457(<genexpr>)
       52    0.000    0.000    0.000    0.000 core.py:894(__init__)
      534    0.000    0.000    0.000    0.000 typing.py:774(<genexpr>)
       37    0.000    0.000    0.000    0.000 fromnumeric.py:71(_wrapreduction)
        1    0.000    0.000    0.000    0.000 acyclic_solver.py:1(<module>)
        1    0.000    0.000    0.000    0.000 trf.py:1(<module>)
        5    0.000    0.000    0.000    0.000 rootoftools.py:712(_roots_trivial)
        1    0.000    0.000    0.000    0.000 fancysets.py:1384(CartesianComplexRegion)
      460    0.000    0.000    0.000    0.000 {method 'translate' of 'str' objects}
        3    0.000    0.000    0.000    0.000 _distribution_infrastructure.py:3017(sample)
        2    0.000    0.000    0.000    0.000 update_info_transformer.py:117(_set_dependencies)
     1188    0.000    0.000    0.000    0.000 <frozen importlib._bootstrap_external>:986(create_module)
       12    0.000    0.000    0.000    0.000 _distribution_infrastructure.py:724(validate)
       23    0.000    0.000    0.000    0.000 libmpf.py:410(from_float)
        2    0.000    0.000    0.000    0.000 mpelements.py:47(__init__)
        1    0.000    0.000    0.000    0.000 dotproduct.py:1(<module>)
       48    0.000    0.000    0.000    0.000 pretty_symbology.py:101(<lambda>)
       55    0.000    0.000    0.000    0.000 ipaddress.py:156(_split_optional_netmask)
        3    0.000    0.000    0.000    0.000 arrayprint.py:411(<lambda>)
        1    0.000    0.000    0.000    0.000 _gauss_kronrod.py:1(<module>)
        3    0.000    0.000    0.000    0.000 dataclasses.py:882(_hash_add)
        1    0.000    0.000    0.000    0.000 grammar_analysis.py:1(<module>)
        2    0.000    0.000    0.000    0.000 calculus.py:1(<module>)
        1    0.000    0.000    0.000    0.000 smtlib.py:20(SMTLibPrinter)
      623    0.000    0.000    0.000    0.000 dimensions.py:74(<lambda>)
        1    0.000    0.000    0.000    0.000 _interpolate.py:282(__init__)
        1    0.000    0.000    0.000    0.000 mul.py:92(Mul)
        7    0.000    0.000    0.000    0.000 __init__.py:73(CFUNCTYPE)
     1010    0.000    0.000    0.000    0.000 enum.py:1287(name)
        1    0.000    0.000    0.000    0.000 numbers.py:331(tribonacci)
       14    0.000    0.000    0.000    0.000 __init__.py:199(split)
        6    0.000    0.000    0.000    0.000 dist_assignment.py:34(subs)
        1    0.000    0.000    0.000    0.000 _binned_statistic.py:1(<module>)
        4    0.000    0.000    0.000    0.000 singledispatchmethod.py:63(register)
       30    0.000    0.000    0.000    0.000 _array_api.py:503(xp_result_type)
        1    0.000    0.000    0.000    0.000 curve.py:1(<module>)
       34    0.000    0.000    0.000    0.000 poly_assignment.py:65(get_free_symbols)
      213    0.000    0.000    0.000    0.000 _docscrape.py:465(_str_summary)
       79    0.000    0.000    0.000    0.000 ast.py:34(parse)
        1    0.000    0.000    0.000    0.000 _crosstab.py:1(<module>)
        1    0.000    0.000    0.000    0.000 complexfield.py:1(<module>)
        1    0.000    0.000    0.000    0.000 exponential.py:1111(LambertW)
        3    0.000    0.000    0.000    0.000 dataclasses.py:675(_hash_fn)
        3    0.000    0.000    0.000    0.000 arrayprint.py:907(__init__)
       31    0.000    0.000    0.000    0.000 load_grammar.py:317(pattern)
        1    0.000    0.000    0.000    0.000 repmatrix.py:1(<module>)
        1    0.000    0.000    0.000    0.000 _ni_docstrings.py:1(<module>)
        4    0.000    0.000    0.000    0.000 update_info_transformer.py:146(_get_all_symbols)
        2    0.000    0.000    0.000    0.000 transformer.py:24(__init__)
        7    0.000    0.000    0.000    0.000 random.py:126(__init__)
        1    0.000    0.000    0.000    0.000 parabola.py:1(<module>)
      623    0.000    0.000    0.000    0.000 dimensions.py:79(<lambda>)
       18    0.000    0.000    0.000    0.000 solvability_checker.py:18(_is_simple)
      213    0.000    0.000    0.000    0.000 _docscrape.py:470(_str_extended_summary)
        2    0.000    0.000    0.000    0.000 bound_store.py:179(_get_lower_bounds_for_expression)
        6    0.000    0.000    0.000    0.000 ctx_iv.py:413(convert)
        1    0.000    0.000    0.000    0.000 fractionfield.py:1(<module>)
        1    0.000    0.000    0.000    0.000 ufunclike.py:1(<module>)
        1    0.000    0.000    0.000    0.000 realfield.py:45(__init__)
        1    0.000    0.000    0.000    0.000 _zeros_py.py:1(<module>)
      211    0.000    0.000    0.000    0.000 numbers.py:3880(__hash__)
        1    0.000    0.000    0.000    0.000 _adapters.py:40(CompatibilityFiles)
        3    0.000    0.000    0.000    0.000 _distribution_infrastructure.py:2391(skewness)
        1    0.000    0.000    0.000    0.000 operations.py:377(_eval_evalf)
       38    0.000    0.000    0.000    0.000 singledispatchmethod.py:66(__get__)
      481    0.000    0.000    0.000    0.000 mul.py:747(class_key)
        4    0.000    0.000    0.000    0.000 expr.py:3758(trigsimp)
        1    0.000    0.000    0.000    0.000 _quadpack_py.py:1(<module>)
       82    0.000    0.000    0.000    0.000 enum.py:850(__setattr__)
       21    0.000    0.000    0.000    0.000 ipaddress.py:1161(_make_netmask)
     1151    0.000    0.000    0.000    0.000 function.py:369(func)
        1    0.000    0.000    0.000    0.000 _rbfinterp.py:1(<module>)
      885    0.000    0.000    0.000    0.000 {built-in method sys.getrecursionlimit}
      732    0.000    0.000    0.000    0.000 {method 'remove' of 'set' objects}
      226    0.000    0.000    0.000    0.000 typing.py:1598(_value_and_type_iter)
      109    0.000    0.000    0.000    0.000 function.py:476(_should_evalf)
        1    0.000    0.000    0.000    0.000 einsumfunc.py:1(<module>)
        1    0.000    0.000    0.000    0.000 doccer.py:263(filldoc)
        1    0.000    0.000    0.000    0.000 assignment.py:11(Assignment)
      295    0.000    0.000    0.000    0.000 _distn_infrastructure.py:839(<genexpr>)
        1    0.000    0.000    0.000    0.000 expressiondomain.py:1(<module>)
       30    0.000    0.000    0.000    0.000 _inspect.py:140(formatargspec)
       25    0.000    0.000    0.000    0.000 polyoptions.py:62(__init__)
      156    0.000    0.000    0.000    0.000 inspect.py:323(isdatadescriptor)
    93/85    0.000    0.000    0.000    0.000 dimensions.py:102(get_quantity_scale_factor)
        3    0.000    0.000    0.000    0.000 arrayprint.py:934(fillFormat)
       58    0.000    0.000    0.000    0.000 galoistools.py:613(gf_sub_mul)
        1    0.000    0.000    0.000    0.000 trf_linear.py:1(<module>)
        1    0.000    0.000    0.000    0.000 struct.py:1(<module>)
     2811    0.000    0.000    0.000    0.000 tree.py:100(<lambda>)
      220    0.000    0.000    0.000    0.000 expressionrawdomain.py:45(convert_from)
     1104    0.000    0.000    0.000    0.000 visitors.py:144(__default_token__)
       46    0.000    0.000    0.000    0.000 ipaddress.py:1755(_parse_hextet)
      102    0.000    0.000    0.000    0.000 typing.py:1293(<genexpr>)
        1    0.000    0.000    0.000    0.000 hyperbolic.py:153(sinh)
      213    0.000    0.000    0.000    0.000 _docscrape.py:460(_str_signature)
        1    0.000    0.000    0.000    0.000 matrices.py:743(MatrixBase)
        4    0.000    0.000    0.000    0.000 trigsimp.py:463(trigsimp)
        1    0.000    0.000    0.000    0.000 doccer.py:292(unindent_dict)
    429/1    0.000    0.000    0.000    0.000 __config__.py:14(_cleanup)
     1186    0.000    0.000    0.000    0.000 logic.py:151(fuzzy_not)
        2    0.000    0.000    0.000    0.000 _distribution_infrastructure.py:3247(_moment_central_transform)
        3    0.000    0.000    0.000    0.000 _version.py:114(_compare)
        1    0.000    0.000    0.000    0.000 numbers.py:1489(Rational)
      211    0.000    0.000    0.000    0.000 load_grammar.py:471(expansion)
        1    0.000    0.000    0.000    0.000 traceback.py:1(<module>)
        1    0.000    0.000    0.000    0.000 octave.py:1(<module>)
        1    0.000    0.000    0.000    0.000 numbers.py:421(bernoulli)
      261    0.000    0.000    0.000    0.000 dispatcher.py:204(<genexpr>)
        8    0.000    0.000    0.000    0.000 rootisolation.py:70(dup_root_upper_bound)
       12    0.000    0.000    0.000    0.000 _distribution_infrastructure.py:352(contains)
        6    0.000    0.000    0.000    0.000 random.py:135(seed)
        1    0.000    0.000    0.000    0.000 function.py:875(__new__)
       27    0.000    0.000    0.000    0.000 singleton.py:100(register)
        8    0.000    0.000    0.000    0.000 kind.py:43(__new__)
        2    0.000    0.000    0.000    0.000 _new_distributions.py:49(__init__)
       10    0.000    0.000    0.000    0.000 timeutils.py:54(decorator)
        2    0.000    0.000    0.000    0.000 _multivariate.py:2009(__init__)
        2    0.000    0.000    0.000    0.000 _version.py:151(__ge__)
        1    0.000    0.000    0.000    0.000 stochastic_process_types.py:1960(CountingProcess)
     1232    0.000    0.000    0.000    0.000 symbol.py:751(<genexpr>)
      125    0.000    0.000    0.000    0.000 {built-in method _sre.compile}
        1    0.000    0.000    0.000    0.000 _multivariate.py:2694(__init__)
        1    0.000    0.000    0.000    0.000 sparse.py:1(<module>)
        1    0.000    0.000    0.000    0.000 tensor_can.py:1(<module>)
        1    0.000    0.000    0.000    0.000 _compat.py:1(<module>)
      121    0.000    0.000    0.000    0.000 matrices.py:1000(<genexpr>)
       51    0.000    0.000    0.000    0.000 utils.py:172(dedup_list)
        1    0.000    0.000    0.000    0.000 _qmc.py:802(QMCEngine)
        1    0.000    0.000    0.000    0.000 pycode.py:665(MpmathPrinter)
        1    0.000    0.000    0.000    0.000 cyclic_solver.py:1(<module>)
        1    0.000    0.000    0.000    0.000 galois_resolvents.py:48(Resolvent)
        1    0.000    0.000    0.000    0.000 numbers.py:2054(Integer)
        3    0.000    0.000    0.000    0.000 tree.py:1(<module>)
       36    0.000    0.000    0.000    0.000 inspect.py:1816(getattr_static)
        1    0.000    0.000    0.000    0.000 _dtype_like.py:65(_DTypeDictBase)
       15    0.000    0.000    0.000    0.000 doccer.py:311(unindent_string)
        1    0.000    0.000    0.000    0.000 numerictypes.py:589(_register_types)
        1    0.000    0.000    0.000    0.000 _bsr.py:1(<module>)
       36    0.000    0.000    0.000    0.000 _ufunc_config.py:33(seterr)
       20    0.000    0.000    0.000    0.000 ddm.py:97(__init__)
     1623    0.000    0.000    0.000    0.000 permutations.py:455(<genexpr>)
      604    0.000    0.000    0.000    0.000 polytools.py:216(_hashable_content)
        2    0.000    0.000    0.000    0.000 sets.py:1132(open)
        1    0.000    0.000    0.000    0.000 maple.py:1(<module>)
        1    0.000    0.000    0.000    0.000 _datasource.py:1(<module>)
        1    0.000    0.000    0.000    0.000 hashlib.py:1(<module>)
       95    0.000    0.000    0.000    0.000 permutations.py:2045(is_identity)
        1    0.000    0.000    0.000    0.000 stochastic_process.py:1(<module>)
        1    0.000    0.000    0.000    0.000 _info.py:1(<module>)
    40/39    0.000    0.000    0.000    0.000 function.py:610(_eval_is_commutative)
        6    0.000    0.000    0.000    0.000 expr.py:988(conjugate)
        1    0.000    0.000    0.000    0.000 summations.py:40(Sum)
      404    0.000    0.000    0.000    0.000 {method 'items' of 'mappingproxy' objects}
        1    0.000    0.000    0.000    0.000 basic.py:60(Basic)
       19    0.000    0.000    0.000    0.000 load_grammar.py:191(expr)
        1    0.000    0.000    0.000    0.000 polyquinticconst.py:1(<module>)
       40    0.000    0.000    0.000    0.000 __init__.py:174(search)
        1    0.000    0.000    0.000    0.000 polyoptions.py:182(_init_dependencies_order)
       53    0.000    0.000    0.000    0.000 functools.py:660(_c3_merge)
       39    0.000    0.000    0.000    0.000 evalf.py:150(pure_complex)
        1    0.000    0.000    0.000    0.000 tempfile.py:824(SpooledTemporaryFile)
        5    0.000    0.000    0.000    0.000 polyroots.py:36(roots_linear)
        2    0.000    0.000    0.000    0.000 _new_distributions.py:391(__init__)
        1    0.000    0.000    0.000    0.000 umath.py:1(<module>)
        1    0.000    0.000    0.000    0.000 accumulationbounds.py:14(AccumulationBounds)
        1    0.000    0.000    0.000    0.000 orderings.py:1(<module>)
       73    0.000    0.000    0.000    0.000 load_grammar.py:404(_rfind)
       38    0.000    0.000    0.000    0.000 <frozen os>:680(__getitem__)
        1    0.000    0.000    0.000    0.000 memmap.py:1(<module>)
      449    0.000    0.000    0.000    0.000 {built-in method builtins.globals}
        1    0.000    0.000    0.000    0.000 ask_generated.py:1(<module>)
       68    0.000    0.000    0.000    0.000 _util.py:1172(_apply_over_batch)
        2    0.000    0.000    0.000    0.000 sysconfig.py:214(_safe_realpath)
        1    0.000    0.000    0.000    0.000 _polyint.py:1(<module>)
        6    0.000    0.000    0.000    0.000 misc.py:181(debug_decorator)
        4    0.000    0.000    0.000    0.000 ctx_iv.py:43(__new__)
      213    0.000    0.000    0.000    0.000 ctx_iv.py:369(_wrap_specfun)
        8    0.000    0.000    0.000    0.000 exponential.py:806(_eval_expand_log)
        1    0.000    0.000    0.000    0.000 _tanhsinh.py:1(<module>)
        2    0.000    0.000    0.000    0.000 <frozen posixpath>:428(realpath)
        1    0.000    0.000    0.000    0.000 pydoc.py:489(Doc)
        1    0.000    0.000    0.000    0.000 repr.py:1(<module>)
        1    0.000    0.000    0.000    0.000 _hessian_update_strategy.py:1(<module>)
        1    0.000    0.000    0.000    0.000 structure_transformer.py:1(<module>)
        1    0.000    0.000    0.000    0.000 random_matrix.py:1(<module>)
       92    0.000    0.000    0.000    0.000 radsimp.py:262(parse_term)
        1    0.000    0.000    0.000    0.000 timeit.py:1(<module>)
        1    0.000    0.000    0.000    0.000 stochastic_process_types.py:163(StochasticProcess)
        1    0.000    0.000    0.000    0.000 setexpr.py:7(SetExpr)
        1    0.000    0.000    0.000    0.000 sysconfig.py:484(get_makefile_filename)
        3    0.000    0.000    0.000    0.000 complexes.py:640(_eval_is_even)
       30    0.000    0.000    0.000    0.000 containers.py:81(__radd__)
       68    0.000    0.000    0.000    0.000 symbol.py:377(sort_key)
        1    0.000    0.000    0.000    0.000 mpelements.py:1(<module>)
        7    0.000    0.000    0.000    0.000 functools.py:800(singledispatch)
       16    0.000    0.000    0.000    0.000 densetools.py:727(dup_extract)
       52    0.000    0.000    0.000    0.000 _add_newdocs.py:6754(refer_to_array_attribute)
      302    0.000    0.000    0.000    0.000 polytools.py:358(free_symbols_in_domain)
       13    0.000    0.000    0.000    0.000 dispatcher.py:261(dispatch)
       79    0.000    0.000    0.000    0.000 ast.py:86(_convert)
        1    0.000    0.000    0.000    0.000 sdm.py:1(<module>)
        1    0.000    0.000    0.000    0.000 common.py:2531(MatrixArithmetic)
        2    0.000    0.000    0.000    0.000 sysconfig.py:282(_extend_dict)
       18    0.000    0.000    0.000    0.000 _ufunc_config.py:430(__enter__)
       13    0.000    0.000    0.000    0.000 core.py:8389(__init__)
       72    0.000    0.000    0.000    0.000 pydoc.py:98(_findclass)
     1037    0.000    0.000    0.000    0.000 lexer.py:33(_get_flags)
        3    0.000    0.000    0.000    0.000 _distribution_infrastructure.py:2394(kurtosis)
     3298    0.000    0.000    0.000    0.000 inspect.py:601(<lambda>)
       43    0.000    0.000    0.000    0.000 ctx_mp_python.py:979(_wrap_libmp_function)
        1    0.000    0.000    0.000    0.000 _trigonometric_special.py:1(<module>)
     1088    0.000    0.000    0.000    0.000 solvers.py:1383(<genexpr>)
        2    0.000    0.000    0.000    0.000 _new_distributions.py:296(__init__)
        1    0.000    0.000    0.000    0.000 _elementwise_iterative_method.py:29(_initialize)
       17    0.000    0.000    0.000    0.000 enum.py:967(_get_mixins_)
        1    0.000    0.000    0.000    0.000 _orthogonal.py:1(<module>)
        4    0.000    0.000    0.000    0.000 trigsimp.py:557(<lambda>)
       48    0.000    0.000    0.000    0.000 densearith.py:1705(dup_max_norm)
        1    0.000    0.000    0.000    0.000 function_base.py:24(linspace)
      227    0.000    0.000    0.000    0.000 utilities.py:30(_get_intermediate_simp)
        3    0.000    0.000    0.000    0.000 complexes.py:623(_eval_is_integer)
       10    0.000    0.000    0.000    0.000 {function SeedSequence.generate_state at 0x706b1b1887c0}
        3    0.000    0.000    0.000    0.000 complexes.py:644(_eval_is_odd)
       65    0.000    0.000    0.000    0.000 polyclasses.py:516(degree)
       24    0.000    0.000    0.000    0.000 polyclasses.py:574(nth)
       64    0.000    0.000    0.000    0.000 copy.py:247(_reconstruct)
        3    0.000    0.000    0.000    0.000 complexes.py:619(_eval_is_real)
      344    0.000    0.000    0.000    0.000 polyutils.py:157(order_if_multiple_key)
       32    0.000    0.000    0.000    0.000 arraypad.py:458(_as_pairs)
        6    0.000    0.000    0.000    0.000 _codata.py:2045(replace_exact)
     1047    0.000    0.000    0.000    0.000 numbers.py:708(class_key)
       86    0.000    0.000    0.000    0.000 {built-in method builtins.delattr}
      250    0.000    0.000    0.000    0.000 _compiler.py:570(isstring)
     1088    0.000    0.000    0.000    0.000 solvers.py:1710(<genexpr>)
      5/2    0.000    0.000    0.000    0.000 <frozen posixpath>:437(_joinrealpath)
        1    0.000    0.000    0.000    0.000 plane.py:30(Plane)
      336    0.000    0.000    0.000    0.000 order.py:328(<genexpr>)
       38    0.000    0.000    0.000    0.000 {method 'reduce' of 'numpy.ufunc' objects}
        1    0.000    0.000    0.000    0.000 libelefun.py:1(<module>)
       14    0.000    0.000    0.000    0.000 hashlib.py:126(__get_openssl_constructor)
       65    0.000    0.000    0.000    0.000 load_grammar.py:816(symbols_from_strcase)
        4    0.000    0.000    0.000    0.000 trigsimp.py:1127(futrig)
       19    0.000    0.000    0.000    0.000 _continuous_distns.py:59(_call_super_mom)
        1    0.000    0.000    0.000    0.000 _quadrature.py:1(<module>)
      159    0.000    0.000    0.000    0.000 load_grammar.py:483(<genexpr>)
        1    0.000    0.000    0.000    0.000 lexer.py:1(<module>)
      113    0.000    0.000    0.000    0.000 numbers.py:2231(__mod__)
       95    0.000    0.000    0.000    0.000 permutations.py:2049(is_Identity)
        1    0.000    0.000    0.000    0.000 rootisolation.py:1(<module>)
       19    0.000    0.000    0.000    0.000 load_grammar.py:179(_add_recurse_rule)
       10    0.000    0.000    0.000    0.000 sdm.py:207(copy)
        6    0.000    0.000    0.000    0.000 _distribution_infrastructure.py:2385(variance)
        9    0.000    0.000    0.000    0.000 function.py:826(__new__)
      883    0.000    0.000    0.000    0.000 _docscrape.py:46(reset)
       12    0.000    0.000    0.000    0.000 polytools.py:67(_polifyit)
       16    0.000    0.000    0.000    0.000 _type_aliases.py:44(_bits_of)
        1    0.000    0.000    0.000    0.000 miscellaneous.py:35(IdentityFunction)
        1    0.000    0.000    0.000    0.000 codeprinter.py:1(<module>)
        1    0.000    0.000    0.000    0.000 _compression.py:1(<module>)
      114    0.000    0.000    0.000    0.000 dataclasses.py:404(field)
        9    0.000    0.000    0.000    0.000 functools.py:861(<lambda>)
        5    0.000    0.000    0.000    0.000 dimensions.py:259(__rtruediv__)
       38    0.000    0.000    0.000    0.000 numbers.py:3333(evalf)
        1    0.000    0.000    0.000    0.000 projections.py:1(<module>)
       13    0.000    0.000    0.000    0.000 core.py:8394(getdoc)
     1025    0.000    0.000    0.000    0.000 numbers.py:3590(_as_mpf_val)
        2    0.000    0.000    0.000    0.000 _distribution_infrastructure.py:3336(_moment_transform_center)
        2    0.000    0.000    0.000    0.000 bound_store.py:43(_get_upper_bounds_for_expression)
        1    0.000    0.000    0.000    0.000 complexfield.py:44(__init__)
        6    0.000    0.000    0.000    0.000 rv.py:618(pspace)
       39    0.000    0.000    0.000    0.000 {method 'find' of 'str' objects}
        1    0.000    0.000    0.000    0.000 square_extraction.py:1(<module>)
      298    0.000    0.000    0.000    0.000 __init__.py:429(<genexpr>)
      106    0.000    0.000    0.000    0.000 numbers.py:2436(__rfloordiv__)
      302    0.000    0.000    0.000    0.000 polytools.py:405(domain)
       74    0.000    0.000    0.000    0.000 densearith.py:435(dup_abs)
        1    0.000    0.000    0.000    0.000 fields.py:1(<module>)
      134    0.000    0.000    0.000    0.000 rings.py:666(strip_zero)
        1    0.000    0.000    0.000    0.000 prufer.py:1(<module>)
       77    0.000    0.000    0.000    0.000 signal.py:9(<lambda>)
       40    0.000    0.000    0.000    0.000 getlimits.py:91(_float_to_float)
      191    0.000    0.000    0.000    0.000 numbers.py:2303(_eval_is_odd)
       26    0.000    0.000    0.000    0.000 pretty_symbology.py:118(<lambda>)
        1    0.000    0.000    0.000    0.000 earley_forest.py:1(<module>)
       12    0.000    0.000    0.000    0.000 doccer.py:161(_doc)
        1    0.000    0.000    0.000    0.000 polygon.py:1412(RegularPolygon)
       73    0.000    0.000    0.000    0.000 _compiler.py:467(_get_charset_prefix)
        1    0.000    0.000    0.000    0.000 functional_assignment.py:25(FunctionalAssignment)
      114    0.000    0.000    0.000    0.000 matrices.py:987(make_explicit_row)
        4    0.000    0.000    0.000    0.000 enum.py:1551(__or__)
        5    0.000    0.000    0.000    0.000 densetools.py:893(dup_transform)
        1    0.000    0.000    0.000    0.000 _vertex.py:1(<module>)
       37    0.000    0.000    0.000    0.000 true_cond.py:35(to_arithm)
       27    0.000    0.000    0.000    0.000 pretty_symbology.py:122(<genexpr>)
        1    0.000    0.000    0.000    0.000 cse_main.py:1(<module>)
       26    0.000    0.000    0.000    0.000 core.py:921(__init__)
        1    0.000    0.000    0.000    0.000 systems.py:1(<module>)
        1    0.000    0.000    0.000    0.000 _polybase.py:1(<module>)
        1    0.000    0.000    0.000    0.000 fancysets.py:1438(PolarComplexRegion)
      120    0.000    0.000    0.000    0.000 dataclasses.py:489(_field_init)
        1    0.000    0.000    0.000    0.000 core.py:6550(__new__)
        7    0.000    0.000    0.000    0.000 numbers.py:1261(_eval_is_extended_negative)
        1    0.000    0.000    0.000    0.000 singleton.py:1(<module>)
       17    0.000    0.000    0.000    0.000 <frozen os>:779(getenv)
        1    0.000    0.000    0.000    0.000 cnf.py:1(<module>)
      629    0.000    0.000    0.000    0.000 evalf.py:1413(<lambda>)
      640    0.000    0.000    0.000    0.000 _array_api.py:665(_render)
        1    0.000    0.000    0.000    0.000 _at.py:27(_AtOp)
       52    0.000    0.000    0.000    0.000 load_grammar.py:798(options_from_rule)
       96    0.000    0.000    0.000    0.000 enum.py:79(_is_private)
        1    0.000    0.000    0.000    0.000 structure_transformer.py:24(program)
        1    0.000    0.000    0.000    0.000 rec_builder_context.py:1(<module>)
        1    0.000    0.000    0.000    0.000 _cubic.py:1(<module>)
        1    0.000    0.000    0.000    0.000 trigonometry.py:1(<module>)
        1    0.000    0.000    0.000    0.000 expressiondomain.py:14(ExpressionDomain)
        1    0.000    0.000    0.000    0.000 _multivariate.py:394(__init__)
        1    0.000    0.000    0.000    0.000 free_groups.py:1(<module>)
        3    0.000    0.000    0.000    0.000 arrayprint.py:780(_formatArray)
      770    0.000    0.000    0.000    0.000 function.py:640(as_base_exp)
        6    0.000    0.000    0.000    0.000 {function Random.seed at 0x706b270f7ce0}
       13    0.000    0.000    0.000    0.000 dispatcher.py:291(dispatch_iter)
        2    0.000    0.000    0.000    0.000 <frozen os>:694(__delitem__)
        1    0.000    0.000    0.000    0.000 rings.py:572(PolyElement)
       84    0.000    0.000    0.000    0.000 numbers.py:3851(__eq__)
       36    0.000    0.000    0.000    0.000 inspect.py:1795(_check_class)
        1    0.000    0.000    0.000    0.000 _type_aliases.py:211(_set_array_types)
        1    0.000    0.000    0.000    0.000 _wilcoxon.py:1(<module>)
       12    0.000    0.000    0.000    0.000 matexpr.py:22(deco)
        1    0.000    0.000    0.000    0.000 inverselaplace.py:1(<module>)
        1    0.000    0.000    0.000    0.000 _tanhsinh.py:1254(_direct)
       48    0.000    0.000    0.000    0.000 pretty_symbology.py:102(<lambda>)
        1    0.000    0.000    0.000    0.000 __init__.py:265(_reset_cache)
        9    0.000    0.000    0.000    0.000 fromnumeric.py:2177(sum)
        1    0.000    0.000    0.000    0.000 crv_types.py:485(BetaNoncentralDistribution)
        7    0.000    0.000    0.000    0.000 rootisolation.py:492(dup_inner_isolate_positive_roots)
       51    0.000    0.000    0.000    0.000 power.py:89(_integer_nthroot_python)
       38    0.000    0.000    0.000    0.000 numbers.py:3330(_eval_evalf)
        1    0.000    0.000    0.000    0.000 linalg.py:97(_determine_error_states)
       15    0.000    0.000    0.000    0.000 _bunch.py:5(_validate_names)
        4    0.000    0.000    0.000    0.000 update_info_transformer.py:62(_set_dists_for_func_assignments)
        1    0.000    0.000    0.000    0.000 conditions_normalizer.py:1(<module>)
       32    0.000    0.000    0.000    0.000 integerring.py:222(sqrt)
      604    0.000    0.000    0.000    0.000 function.py:1888(_get_zero_with_shape_like)
        1    0.000    0.000    0.000    0.000 numbers.py:556(Number)
      184    0.000    0.000    0.000    0.000 rings.py:597(copy)
        1    0.000    0.000    0.000    0.000 iterables.py:775(topological_sort)
        1    0.000    0.000    0.000    0.000 unsolv_inv_synthesizer.py:10(UnsolvInvSynthesizer)
       36    0.000    0.000    0.000    0.000 _string_helpers.py:16(english_lower)
       26    0.000    0.000    0.000    0.000 pretty_symbology.py:119(<lambda>)
      159    0.000    0.000    0.000    0.000 _parser.py:953(fix_flags)
      604    0.000    0.000    0.000    0.000 polytools.py:388(gen)
       10    0.000    0.000    0.000    0.000 rings.py:459(to_domain)
        1    0.000    0.000    0.000    0.000 crv_types.py:2630(LogitNormalDistribution)
      336    0.000    0.000    0.000    0.000 {built-in method numpy.asarray}
       12    0.000    0.000    0.000    0.000 numbers.py:1949(__gt__)
      237    0.000    0.000    0.000    0.000 pydoc.py:159(_getowndoc)
      800    0.000    0.000    0.000    0.000 quantities.py:71(name)
       14    0.000    0.000    0.000    0.000 __init__.py:145(_check_size)
        1    0.000    0.000    0.000    0.000 qs.py:1(<module>)
       25    0.000    0.000    0.000    0.000 ipaddress.py:474(_prefix_from_prefix_string)
     15/3    0.000    0.000    0.000    0.000 arrayprint.py:789(recurser)
      188    0.000    0.000    0.000    0.000 {built-in method math.log}
        1    0.000    0.000    0.000    0.000 __config__.py:14(DisplayModes)
        5    0.000    0.000    0.000    0.000 densearith.py:160(dmp_mul_term)
    17/13    0.000    0.000    0.000    0.000 libmpf.py:1042(mpf_pow_int)
       46    0.000    0.000    0.000    0.000 _distribution_infrastructure.py:276(__init__)
        1    0.000    0.000    0.000    0.000 _tanhsinh.py:899(_nsum_iv)
      966    0.000    0.000    0.000    0.000 tree.py:14(__init__)
      800    0.000    0.000    0.000    0.000 quantities.py:81(abbrev)
      216    0.000    0.000    0.000    0.000 order.py:335(<genexpr>)
        1    0.000    0.000    0.000    0.000 _special_sparse_arrays.py:1(<module>)
        1    0.000    0.000    0.000    0.000 assumptions.py:220(_load_pre_generated_assumption_rules)
        1    0.000    0.000    0.000    0.000 _dok.py:1(<module>)
        6    0.000    0.000    0.000    0.000 power.py:830(_eval_is_polar)
       30    0.000    0.000    0.000    0.000 dataclasses.py:428(_fields_in_init_order)
        1    0.000    0.000    0.000    0.000 mathematica.py:1(<module>)
       43    0.000    0.000    0.000    0.000 load_grammar.py:486(expr)
      617    0.000    0.000    0.000    0.000 symbol.py:736(literal)
        1    0.000    0.000    0.000    0.000 chebyshev.py:1(<module>)
        1    0.000    0.000    0.000    0.000 radau.py:1(<module>)
        3    0.000    0.000    0.000    0.000 _distribution_infrastructure.py:1339(_generate_domain_support)
      101    0.000    0.000    0.000    0.000 lexer.py:242(<genexpr>)
       16    0.000    0.000    0.000    0.000 densetools.py:138(dup_diff)
       25    0.000    0.000    0.000    0.000 pretty_symbology.py:110(<genexpr>)
        1    0.000    0.000    0.000    0.000 base64.py:1(<module>)
        1    0.000    0.000    0.000    0.000 beta.py:1(<module>)
        1    0.000    0.000    0.000    0.000 graycode.py:1(<module>)
        1    0.000    0.000    0.000    0.000 rec_builder_context.py:8(RecBuilderContext)
        1    0.000    0.000    0.000    0.000 _covariance.py:1(<module>)
        6    0.000    0.000    0.000    0.000 typing.py:2186(get_type_hints)
        1    0.000    0.000    0.000    0.000 fu.py:1(<module>)
        1    0.000    0.000    0.000    0.000 monomials.py:1(<module>)
        1    0.000    0.000    0.000    0.000 facts.py:474(_from_python)
      999    0.000    0.000    0.000    0.000 relational.py:1208(_eval_is_ge)
        1    0.000    0.000    0.000    0.000 wrapper.py:1(<module>)
        1    0.000    0.000    0.000    0.000 numbers.py:856(Float)
        1    0.000    0.000    0.000    0.000 unitsystem.py:18(UnitSystem)
       17    0.000    0.000    0.000    0.000 stride_tricks.py:480(broadcast_arrays)
        1    0.000    0.000    0.000    0.000 tensor.py:3193(TensMul)
        1    0.000    0.000    0.000    0.000 _bvp.py:1(<module>)
      313    0.000    0.000    0.000    0.000 {built-in method sys.intern}
        1    0.000    0.000    0.000    0.000 _qmc.py:1960(PoissonDisk)
        1    0.000    0.000    0.000    0.000 _multivariate.py:4994(__init__)
        1    0.000    0.000    0.000    0.000 heapq.py:1(<module>)
      270    0.000    0.000    0.000    0.000 polyclasses.py:902(<genexpr>)
       58    0.000    0.000    0.000    0.000 typing.py:1061(<genexpr>)
      729    0.000    0.000    0.000    0.000 conflict.py:63(<lambda>)
       13    0.000    0.000    0.000    0.000 ctx_mp_python.py:47(__new__)
        1    0.000    0.000    0.000    0.000 printer.py:1(<module>)
        1    0.000    0.000    0.000    0.000 point.py:1073(Point3D)
        1    0.000    0.000    0.000    0.000 polyconfig.py:1(<module>)
       23    0.000    0.000    0.000    0.000 _distribution_infrastructure.py:593(__init__)
       19    0.000    0.000    0.000    0.000 galoistools.py:729(gf_quo)
        1    0.000    0.000    0.000    0.000 _qmc.py:1609(Sobol)
        1    0.000    0.000    0.000    0.000 dense_ndim_array.py:13(DenseNDimArray)
        3    0.000    0.000    0.000    0.000 __init__.py:509(PYFUNCTYPE)
       13    0.000    0.000    0.000    0.000 sympy_parser.py:1226(<genexpr>)
        1    0.000    0.000    0.000    0.000 integrals.py:34(Integral)
        1    0.000    0.000    0.000    0.000 numbers.py:3268(Infinity)
        1    0.000    0.000    0.000    0.000 bisect.py:1(<module>)
        1    0.000    0.000    0.000    0.000 extensions.py:1(<module>)
       58    0.000    0.000    0.000    0.000 pythonmpq.py:298(__pow__)
       16    0.000    0.000    0.000    0.000 _internal.py:32(wrapped_f)
       81    0.000    0.000    0.000    0.000 basic.py:2076(matches)
        1    0.000    0.000    0.000    0.000 finite_fixed_point_typer.py:108(_initialize_state)
      822    0.000    0.000    0.000    0.000 prefixes.py:57(scale_factor)
       21    0.000    0.000    0.000    0.000 rule_generation.py:15(generate_hard_bound_rules)
        1    0.000    0.000    0.000    0.000 _index.py:1(<module>)
      110    0.000    0.000    0.000    0.000 load_grammar.py:511(value)
      135    0.000    0.000    0.000    0.000 _parser.py:304(checkgroupname)
        1    0.000    0.000    0.000    0.000 atom_cond.py:18(Atom)
        1    0.000    0.000    0.000    0.000 ecm.py:1(<module>)
        1    0.000    0.000    0.000    0.000 quadrature.py:1(<module>)
        3    0.000    0.000    0.000    0.000 _new_distributions.py:108(_moment_central_formula)
       32    0.000    0.000    0.000    0.000 gmpy.py:104(<lambda>)
        2    0.000    0.000    0.000    0.000 typing.py:1475(__or__)
        1    0.000    0.000    0.000    0.000 abc.py:62(Traversable)
      800    0.000    0.000    0.000    0.000 prefixes.py:49(name)
       28    0.000    0.000    0.000    0.000 rational.py:31(__new__)
        2    0.000    0.000    0.000    0.000 _distribution_infrastructure.py:1249(wrapped)
      302    0.000    0.000    0.000    0.000 str.py:148(_print_Dummy)
       16    0.000    0.000    0.000    0.000 arraypad.py:86(_pad_simple)
        7    0.000    0.000    0.000    0.000 numeric.py:1393(moveaxis)
        1    0.000    0.000    0.000    0.000 finite_power_reduction.py:1(<module>)
       66    0.000    0.000    0.000    0.000 enum.py:38(_is_descriptor)
        1    0.000    0.000    0.000    0.000 facts.py:380(FactRules)
        2    0.000    0.000    0.000    0.000 {built-in method _ctypes.POINTER}
       16    0.000    0.000    0.000    0.000 galoistools.py:904(gf_frobenius_map)
      372    0.000    0.000    0.000    0.000 <string>:2(__init__)
        1    0.000    0.000    0.000    0.000 ipaddress.py:1280(IPv4Address)
        2    0.000    0.000    0.000    0.000 helper.py:1(<module>)
        5    0.000    0.000    0.000    0.000 typing.py:2112(runtime_checkable)
        1    0.000    0.000    0.000    0.000 rationalfield.py:1(<module>)
       17    0.000    0.000    0.000    0.000 enum.py:1008(_find_data_type_)
      289    0.000    0.000    0.000    0.000 parse_tree_builder.py:133(_should_expand)
        1    0.000    0.000    0.000    0.000 power.py:186(Pow)
       24    0.000    0.000    0.000    0.000 numerictypes.py:514(_scalar_type_key)
        1    0.000    0.000    0.000    0.000 doccer.py:1(<module>)
       23    0.000    0.000    0.000    0.000 functools.py:841(_is_union_type)
        1    0.000    0.000    0.000    0.000 hermite.py:1(<module>)
        1    0.000    0.000    0.000    0.000 _polyint.py:533(BarycentricInterpolator)
       42    0.000    0.000    0.000    0.000 _parser.py:312(_class_escape)
        1    0.000    0.000    0.000    0.000 extrapolation.py:1(<module>)
        3    0.000    0.000    0.000    0.000 _distribution_infrastructure.py:2382(mean)
        1    0.000    0.000    0.000    0.000 _distribution_infrastructure.py:4440(TruncatedDistribution)
        6    0.000    0.000    0.000    0.000 _distribution_infrastructure.py:2894(icdf)
       18    0.000    0.000    0.000    0.000 core.py:997(__init__)
       34    0.000    0.000    0.000    0.000 fromnumeric.py:53(_wrapfunc)
        1    0.000    0.000    0.000    0.000 trigonometric.py:2546(atan)
      122    0.000    0.000    0.000    0.000 dataclasses.py:857(_set_qualname)
        1    0.000    0.000    0.000    0.000 _base.py:85(_spbase)
      492    0.000    0.000    0.000    0.000 evalf.py:1417(<lambda>)
        1    0.000    0.000    0.000    0.000 _legacy.py:1(<module>)
        1    0.000    0.000    0.000    0.000 crv_types.py:3720(RayleighDistribution)
       16    0.000    0.000    0.000    0.000 galoistools.py:1164(gf_diff)
        2    0.000    0.000    0.000    0.000 cache.py:168(lazy_function)
       21    0.000    0.000    0.000    0.000 _distribution_infrastructure.py:1118(_dispatch)
        1    0.000    0.000    0.000    0.000 pretty.py:30(PrettyPrinter)
      800    0.000    0.000    0.000    0.000 prefixes.py:53(abbrev)
      331    0.000    0.000    0.000    0.000 polyutils.py:243(_is_coeff)
        1    0.000    0.000    0.000    0.000 _coo.py:1(<module>)
       94    0.000    0.000    0.000    0.000 enum.py:48(_is_dunder)
        1    0.000    0.000    0.000    0.000 __init__.py:343(__init__)
        8    0.000    0.000    0.000    0.000 densearith.py:792(dmp_mul)
        1    0.000    0.000    0.000    0.000 containers.py:217(Dict)
        2    0.000    0.000    0.000    0.000 _distribution_infrastructure.py:2318(integrand)
        1    0.000    0.000    0.000    0.000 sets.py:44(Set)
        1    0.000    0.000    0.000    0.000 tensor.py:954(TensorIndexType)
        1    0.000    0.000    0.000    0.000 _data.py:1(<module>)
       64    0.000    0.000    0.000    0.000 polyconfig.py:47(query)
       65    0.000    0.000    0.000    0.000 enum.py:785(__delattr__)
       92    0.000    0.000    0.000    0.000 permutations.py:462(size)
        1    0.000    0.000    0.000    0.000 __init__.py:41(__sympy_debug)
       16    0.000    0.000    0.000    0.000 numbers.py:4449(equal_valued)
      152    0.000    0.000    0.000    0.000 function_base.py:348(iterable)
       82    0.000    0.000    0.000    0.000 typing.py:295(_check_generic)
        1    0.000    0.000    0.000    0.000 categorical.py:1(<module>)
       44    0.000    0.000    0.000    0.000 <frozen os>:762(encode)
        1    0.000    0.000    0.000    0.000 olll.py:1(<module>)
      186    0.000    0.000    0.000    0.000 lexer.py:154(__eq__)
        1    0.000    0.000    0.000    0.000 legendre.py:1(<module>)
        1    0.000    0.000    0.000    0.000 evalf.py:585(evalf_add)
        6    0.000    0.000    0.000    0.000 numbers.py:1448(__ge__)
        2    0.000    0.000    0.000    0.000 bound_store.py:37(_is_initial)
        6    0.000    0.000    0.000    0.000 factor_.py:910(_factorint_small)
      336    0.000    0.000    0.000    0.000 lexer.py:53(min_width)
      145    0.000    0.000    0.000    0.000 densearith.py:297(dup_quo_ground)
        1    0.000    0.000    0.000    0.000 numbers.py:3458(NegativeInfinity)
        2    0.000    0.000    0.000    0.000 typing.py:2941(TypedDict)
        6    0.000    0.000    0.000    0.000 memoization.py:12(decorator)
        1    0.000    0.000    0.000    0.000 trigonometric.py:2007(InverseTrigonometricFunction)
       14    0.000    0.000    0.000    0.000 quantities.py:51(set_global_dimension)
       96    0.000    0.000    0.000    0.000 galoistools.py:322(gf_to_int_poly)
        1    0.000    0.000    0.000    0.000 _util.py:678(_workers_wrapper)
       10    0.000    0.000    0.000    0.000 rings.py:1845(monoms)
        2    0.000    0.000    0.000    0.000 functools.py:188(total_ordering)
       15    0.000    0.000    0.000    0.000 _distribution_infrastructure.py:2007(_validate_order_kind)
        1    0.000    0.000    0.000    0.000 _dtype_like.py:71(_DTypeDict)
        6    0.000    0.000    0.000    0.000 bessel.py:835(assume_integer_order)
       15    0.000    0.000    0.000    0.000 dist_assignment.py:26(get_free_symbols)
       34    0.000    0.000    0.000    0.000 ipaddress.py:1885(_split_scope_id)
       96    0.000    0.000    0.000    0.000 enum.py:59(_is_sunder)
        2    0.000    0.000    0.000    0.000 traversal.py:1(<module>)
       49    0.000    0.000    0.000    0.000 typing.py:2310(get_origin)
        1    0.000    0.000    0.000    0.000 ideals.py:1(<module>)
        2    0.000    0.000    0.000    0.000 hypergeometric.py:1(<module>)
        1    0.000    0.000    0.000    0.000 gaussiandomains.py:480(GaussianRationalField)
        8    0.000    0.000    0.000    0.000 enum.py:1035(_find_new_)
       10    0.000    0.000    0.000    0.000 ddm.py:197(copy)
      660    0.000    0.000    0.000    0.000 {method 'popleft' of 'collections.deque' objects}
        1    0.000    0.000    0.000    0.000 parse_tree_builder.py:1(<module>)
        1    0.000    0.000    0.000    0.000 _adapters.py:81(ChildPath)
        1    0.000    0.000    0.000    0.000 _machar.py:1(<module>)
        1    0.000    0.000    0.000    0.000 powsimp.py:1(<module>)
       63    0.000    0.000    0.000    0.000 dataclasses.py:437(_tuple_str)
      567    0.000    0.000    0.000    0.000 permutations.py:1177(size)
        1    0.000    0.000    0.000    0.000 _hessian_update_strategy.py:107(FullHessianUpdateStrategy)
        9    0.000    0.000    0.000    0.000 visitors.py:368(_visitor_args_func_dec)
      289    0.000    0.000    0.000    0.000 typing.py:935(__eq__)
        1    0.000    0.000    0.000    0.000 _globals.py:65(_CopyMode)
        1    0.000    0.000    0.000    0.000 cache.py:1(<module>)
      174    0.000    0.000    0.000    0.000 str.py:908(_print_Zero)
        1    0.000    0.000    0.000    0.000 _sysconfigdata__x86_64-linux-gnu.py:1(<module>)
        1    0.000    0.000    0.000    0.000 partitions.py:308(IntegerPartition)
        2    0.000    0.000    0.000    0.000 _basic.py:3190(factorial2)
        1    0.000    0.000    0.000    0.000 _multivariate.py:1128(__init__)
      113    0.000    0.000    0.000    0.000 tree.py:104(expand_kids_by_index)
        6    0.000    0.000    0.000    0.000 _distribution_infrastructure.py:3206(_moment_central)
       65    0.000    0.000    0.000    0.000 polytools.py:1844(_gen_to_level)
      341    0.000    0.000    0.000    0.000 densebasic.py:33(poly_TC)
        6    0.000    0.000    0.000    0.000 libelefun.py:114(f)
    18/13    0.000    0.000    0.000    0.000 <frozen importlib._bootstrap_external>:1367(__iter__)
        1    0.000    0.000    0.000    0.000 _asarray.py:1(<module>)
        5    0.000    0.000    0.000    0.000 rootisolation.py:212(_mobius_to_interval)
        2    0.000    0.000    0.000    0.000 rv.py:605(random_symbols)
       32    0.000    0.000    0.000    0.000 functools.py:845(_is_valid_dispatch_type)
        1    0.000    0.000    0.000    0.000 stochastic_process_types.py:371(MarkovProcess)
      111    0.000    0.000    0.000    0.000 matrices.py:972(<lambda>)
        1    0.000    0.000    0.000    0.000 loop_guard_transformer.py:1(<module>)
        4    0.000    0.000    0.000    0.000 _pep440.py:292(__init__)
       15    0.000    0.000    0.000    0.000 fromnumeric.py:2979(prod)
        1    0.000    0.000    0.000    0.000 _dtype_ctypes.py:1(<module>)
        1    0.000    0.000    0.000    0.000 transforms.py:821(InverseMellinTransform)
        1    0.000    0.000    0.000    0.000 recurr.py:1(<module>)
        1    0.000    0.000    0.000    0.000 hermite_e.py:1(<module>)
        1    0.000    0.000    0.000    0.000 experimental_lambdify.py:1(<module>)
        1    0.000    0.000    0.000    0.000 _version.py:1(<module>)
       18    0.000    0.000    0.000    0.000 _ufunc_config.py:435(__exit__)
       20    0.000    0.000    0.000    0.000 <frozen importlib._bootstrap>:501(_requires_builtin_wrapper)
        1    0.000    0.000    0.000    0.000 libmpi.py:1(<module>)
        1    0.000    0.000    0.000    0.000 load_grammar.py:690(__call__)
     15/5    0.000    0.000    0.000    0.000 densearith.py:625(dmp_sub)
        4    0.000    0.000    0.000    0.000 normal.py:32(subs)
       24    0.000    0.000    0.000    0.000 densebasic.py:663(dmp_ground_nth)
        1    0.000    0.000    0.000    0.000 _dtype.py:1(<module>)
       63    0.000    0.000    0.000    0.000 containers.py:268(__getitem__)
        1    0.000    0.000    0.000    0.000 facts.py:411(__init__)
        1    0.000    0.000    0.000    0.000 order.py:11(Order)
       12    0.000    0.000    0.000    0.000 misc.py:305(func_name)
        5    0.000    0.000    0.000    0.000 evalf.py:1414(<lambda>)
      368    0.000    0.000    0.000    0.000 lexer.py:287(<genexpr>)
        1    0.000    0.000    0.000    0.000 format.py:1(<module>)
       25    0.000    0.000    0.000    0.000 pretty_symbology.py:134(<genexpr>)
       64    0.000    0.000    0.000    0.000 galoistools.py:306(gf_from_int_poly)
        1    0.000    0.000    0.000    0.000 _add_newdocs_scalars.py:18(numeric_type_aliases)
        1    0.000    0.000    0.000    0.000 expressions.py:1(<module>)
        3    0.000    0.000    0.000    0.000 blas.py:395(getter)
        1    0.000    0.000    0.000    0.000 _multivariate.py:3267(__init__)
        1    0.000    0.000    0.000    0.000 crv_types.py:577(BetaPrimeDistribution)
        1    0.000    0.000    0.000    0.000 numerictypes.py:441(_construct_lookups)
        1    0.000    0.000    0.000    0.000 _multivariate.py:6108(__init__)
    18/12    0.000    0.000    0.000    0.000 expr.py:2721(is_meromorphic)
        9    0.000    0.000    0.000    0.000 symbolic_probability.py:26(_)
        1    0.000    0.000    0.000    0.000 symbol.py:206(Symbol)
        2    0.000    0.000    0.000    0.000 graph.py:1(<module>)
        1    0.000    0.000    0.000    0.000 _dia.py:1(<module>)
        1    0.000    0.000    0.000    0.000 ctx_mp_python.py:585(__init__)
       65    0.000    0.000    0.000    0.000 densebasic.py:194(dmp_degree_in)
       10    0.000    0.000    0.000    0.000 <frozen _collections_abc>:811(__contains__)
       81    0.000    0.000    0.000    0.000 __init__.py:25(decorator)
        1    0.000    0.000    0.000    0.000 lll.py:1(<module>)
        1    0.000    0.000    0.000    0.000 gaussiandomains.py:326(GaussianIntegerRing)
       41    0.000    0.000    0.000    0.000 numbers.py:3863(__ne__)
        1    0.000    0.000    0.000    0.000 importtools.py:14(__sympy_debug)
        2    0.000    0.000    0.000    0.000 expressiondomain.py:25(__init__)
        1    0.000    0.000    0.000    0.000 laplace.py:1598(InverseLaplaceTransform)
        1    0.000    0.000    0.000    0.000 _multivariate.py:1655(__init__)
      493    0.000    0.000    0.000    0.000 galoistools.py:188(gf_strip)
        2    0.000    0.000    0.000    0.000 mul.py:1439(<genexpr>)
        5    0.000    0.000    0.000    0.000 transforms.py:242(make_wrapper)
      219    0.000    0.000    0.000    0.000 load_grammar.py:405(<genexpr>)
        4    0.000    0.000    0.000    0.000 _distribution_infrastructure.py:2249(_support)
        1    0.000    0.000    0.000    0.000 _csc.py:1(<module>)
       24    0.000    0.000    0.000    0.000 numbers.py:1408(__ne__)
      434    0.000    0.000    0.000    0.000 ring.py:19(exquo)
        1    0.000    0.000    0.000    0.000 sensitivity_analyzer.py:1(<module>)
       30    0.000    0.000    0.000    0.000 _type_aliases.py:203(_add_array_type)
        1    0.000    0.000    0.000    0.000 exceptions.py:10(GrammarError)
       16    0.000    0.000    0.000    0.000 sysconfig.py:273(_subst_vars)
    40/12    0.000    0.000    0.000    0.000 limits.py:266(set_signs)
        1    0.000    0.000    0.000    0.000 polyconfig.py:52(configure)
        1    0.000    0.000    0.000    0.000 _tukeylambda_stats.py:1(<module>)
        9    0.000    0.000    0.000    0.000 utils.py:127(smart_decorator)
        1    0.000    0.000    0.000    0.000 exponential.py:217(exp)
       59    0.000    0.000    0.000    0.000 order.py:179(<genexpr>)
      356    0.000    0.000    0.000    0.000 dataclasses.py:461(<genexpr>)
       20    0.000    0.000    0.000    0.000 mixins.py:16(_binary_method)
        1    0.000    0.000    0.000    0.000 kind.py:190(KindDispatcher)
        2    0.000    0.000    0.000    0.000 _basic.py:3035(_factorialx_wrapper)
        1    0.000    0.000    0.000    0.000 math2.py:1(<module>)
      378    0.000    0.000    0.000    0.000 load_grammar.py:614(<genexpr>)
        1    0.000    0.000    0.000    0.000 _string_helpers.py:1(<module>)
        1    0.000    0.000    0.000    0.000 truncated_normal.py:1(<module>)
       16    0.000    0.000    0.000    0.000 function.py:913(__hash__)
       41    0.000    0.000    0.000    0.000 saturation_based_bound_computation.py:79(<genexpr>)
        2    0.000    0.000    0.000    0.000 getlimits.py:307(_get_machar)
       57    0.000    0.000    0.000    0.000 lexer.py:151(__deepcopy__)
        1    0.000    0.000    0.000    0.000 pythonrationalfield.py:1(<module>)
      212    0.000    0.000    0.000    0.000 _compiler.py:31(_combine_flags)
      174    0.000    0.000    0.000    0.000 containers.py:280(items)
        3    0.000    0.000    0.000    0.000 blas.py:422(get_blas_funcs)
        1    0.000    0.000    0.000    0.000 dist_transformer.py:10(DistTransformer)
        1    0.000    0.000    0.000    0.000 program.py:7(Program)
        1    0.000    0.000    0.000    0.000 coreerrors.py:1(<module>)
        1    0.000    0.000    0.000    0.000 ctx_fp.py:12(FPContext)
        8    0.000    0.000    0.000    0.000 inspect.py:794(_finddoc)
        3    0.000    0.000    0.000    0.000 libelefun.py:318(mpf_pow)
        1    0.000    0.000    0.000    0.000 _axis_nan_policy.py:1(<module>)
        1    0.000    0.000    0.000    0.000 invariant_ideal.py:13(InvariantIdeal)
        1    0.000    0.000    0.000    0.000 _multivariate.py:4391(__init__)
        1    0.000    0.000    0.000    0.000 pickle.py:1129(_Unpickler)
        1    0.000    0.000    0.000    0.000 recurrences.py:1(<module>)
    24/14    0.000    0.000    0.000    0.000 <frozen importlib._bootstrap_external>:1353(_recalculate)
        2    0.000    0.000    0.000    0.000 hashlib.py:82(__get_builtin_constructor)
        1    0.000    0.000    0.000    0.000 _bvp.py:515(BVPResult)
      272    0.000    0.000    0.000    0.000 {method 'count' of 'str' objects}
        4    0.000    0.000    0.000    0.000 _distribution_infrastructure.py:1159(_cdf2_input_validation)
       12    0.000    0.000    0.000    0.000 _distribution_infrastructure.py:913(_set_invalid_nan)
        1    0.000    0.000    0.000    0.000 core.py:2697(MaskedArray)
        9    0.000    0.000    0.000    0.000 getlimits.py:685(__init__)
        1    0.000    0.000    0.000    0.000 enum.py:1414(_missing_)
      236    0.000    0.000    0.000    0.000 inspect.py:299(ismethod)
        1    0.000    0.000    0.000    0.000 core.py:2808(__new__)
        1    0.000    0.000    0.000    0.000 _qmc.py:1117(Halton)
       10    0.000    0.000    0.000    0.000 rings.py:1871(terms)
        1    0.000    0.000    0.000    0.000 julia.py:1(<module>)
        1    0.000    0.000    0.000    0.000 ipaddress.py:1914(IPv6Address)
      240    0.000    0.000    0.000    0.000 solvers.py:3165(<genexpr>)
        1    0.000    0.000    0.000    0.000 factorials.py:276(subfactorial)
      232    0.000    0.000    0.000    0.000 domain.py:1008(abs)
        1    0.000    0.000    0.000    0.000 differentiation.py:1(<module>)
        1    0.000    0.000    0.000    0.000 _qmc.py:1286(LatinHypercube)
       10    0.000    0.000    0.000    0.000 polynomialring.py:19(__init__)
        1    0.000    0.000    0.000    0.000 branch_builder.py:1(<module>)
        1    0.000    0.000    0.000    0.000 operations.py:556(AssocOpDispatcher)
        1    0.000    0.000    0.000    0.000 pathlib.py:291(PurePath)
        1    0.000    0.000    0.000    0.000 enumerative.py:1(<module>)
        4    0.000    0.000    0.000    0.000 trigsimp.py:1170(_futrig)
       38    0.000    0.000    0.000    0.000 assumptions.py:494(make_property)
        2    0.000    0.000    0.000    0.000 <frozen os>:688(__setitem__)
       46    0.000    0.000    0.000    0.000 _compiler.py:407(_generate_overlap_table)
        1    0.000    0.000    0.000    0.000 crv_types.py:4508(WeibullDistribution)
       17    0.000    0.000    0.000    0.000 <frozen _collections_abc>:966(clear)
        1    0.000    0.000    0.000    0.000 crv_types.py:789(ChiDistribution)
        1    0.000    0.000    0.000    0.000 function.py:380(Function)
       81    0.000    0.000    0.000    0.000 __init__.py:14(set_module)
        1    0.000    0.000    0.000    0.000 expressionrawdomain.py:1(<module>)
        1    0.000    0.000    0.000    0.000 grammar.py:1(<module>)
      310    0.000    0.000    0.000    0.000 lexer.py:259(_regexp_has_newline)
       15    0.000    0.000    0.000    0.000 _distribution_infrastructure.py:2223(support)
        6    0.000    0.000    0.000    0.000 gaussiandomains.py:21(__new__)
        1    0.000    0.000    0.000    0.000 trigonometric.py:2977(asec)
        1    0.000    0.000    0.000    0.000 inference.py:1(<module>)
        9    0.000    0.000    0.000    0.000 overrides.py:23(set_array_function_like_doc)
        1    0.000    0.000    0.000    0.000 glsl.py:1(<module>)
        9    0.000    0.000    0.000    0.000 _util.py:988(decorator)
        3    0.000    0.000    0.000    0.000 matrices.py:749(__init__)
        1    0.000    0.000    0.000    0.000 _qmc.py:2312(MultivariateNormalQMC)
       28    0.000    0.000    0.000    0.000 rational.py:7(create_reduced)
        1    0.000    0.000    0.000    0.000 numbers.py:4587(_register_classes)
        2    0.000    0.000    0.000    0.000 dispatcher.py:46(ambiguity_register_error_ignore_dup)
        3    0.000    0.000    0.000    0.000 warnings.py:166(simplefilter)
       17    0.000    0.000    0.000    0.000 add.py:948(removeO)
        1    0.000    0.000    0.000    0.000 _sf_error.py:1(<module>)
        1    0.000    0.000    0.000    0.000 typer.py:1(<module>)
        1    0.000    0.000    0.000    0.000 tokenize.py:445(open)
       40    0.000    0.000    0.000    0.000 getlimits.py:24(_fr1)
      127    0.000    0.000    0.000    0.000 {method 'copy' of 'numpy.ndarray' objects}
      149    0.000    0.000    0.000    0.000 _util.py:380(check_random_state)
      4/3    0.000    0.000    0.000    0.000 {method 'view' of 'numpy.ndarray' objects}
        1    0.000    0.000    0.000    0.000 crv_types.py:2377(LogCauchyDistribution)
       41    0.000    0.000    0.000    0.000 _add_newdocs_scalars.py:83(<genexpr>)
       24    0.000    0.000    0.000    0.000 <frozen posixpath>:71(join)
       84    0.000    0.000    0.000    0.000 load_grammar.py:641(<lambda>)
      198    0.000    0.000    0.000    0.000 basic.py:634(<lambda>)
      227    0.000    0.000    0.000    0.000 lexer.py:14(__init__)
        1    0.000    0.000    0.000    0.000 _multivariate.py:5334(random_table_gen)
        1    0.000    0.000    0.000    0.000 numbers.py:3625(NaN)
        1    0.000    0.000    0.000    0.000 sqrtdenest.py:1(<module>)
      120    0.000    0.000    0.000    0.000 _multiufuncs.py:43(<genexpr>)
       18    0.000    0.000    0.000    0.000 _add_newdocs_scalars.py:19(type_aliases_gen)
        1    0.000    0.000    0.000    0.000 crv_types.py:941(ChiSquaredDistribution)
        1    0.000    0.000    0.000    0.000 crv_types.py:870(ChiNoncentralDistribution)
        1    0.000    0.000    0.000    0.000 crv_types.py:1305(ExponentialDistribution)
      113    0.000    0.000    0.000    0.000 {method 'isascii' of 'str' objects}
        1    0.000    0.000    0.000    0.000 _bws_test.py:1(<module>)
        1    0.000    0.000    0.000    0.000 modularinteger.py:1(<module>)
        1    0.000    0.000    0.000    0.000 sdm.py:19(SDM)
      151    0.000    0.000    0.000    0.000 densearith.py:474(dup_neg)
      470    0.000    0.000    0.000    0.000 rationalfield.py:158(denom)
        1    0.000    0.000    0.000    0.000 rust.py:1(<module>)
        3    0.000    0.000    0.000    0.000 functools.py:651(cache)
       12    0.000    0.000    0.000    0.000 rv.py:239(value)
        1    0.000    0.000    0.000    0.000 transformer.py:1(<module>)
        1    0.000    0.000    0.000    0.000 _type_aliases.py:74(_add_types)
       26    0.000    0.000    0.000    0.000 densearith.py:1747(dup_l1_norm)
       15    0.000    0.000    0.000    0.000 integers.py:27(eval)
        1    0.000    0.000    0.000    0.000 pkgutil.py:413(get_data)
       10    0.000    0.000    0.000    0.000 utilities.py:51(_get_intermediate_simp_bool)
      491    0.000    0.000    0.000    0.000 {method 'append' of 'collections.deque' objects}
        1    0.000    0.000    0.000    0.000 crv_types.py:1506(FDistributionDistribution)
        3    0.000    0.000    0.000    0.000 blas.py:337(_get_funcs)
        1    0.000    0.000    0.000    0.000 compatibility.py:229(IPolys)
        1    0.000    0.000    0.000    0.000 _type_aliases.py:123(_add_integer_aliases)
      200    0.000    0.000    0.000    0.000 order.py:321(expr)
        1    0.000    0.000    0.000    0.000 trigonometric.py:2318(acos)
        1    0.000    0.000    0.000    0.000 crv_types.py:2716(LogNormalDistribution)
        4    0.000    0.000    0.000    0.000 polynomial.py:1227(__init__)
        1    0.000    0.000    0.000    0.000 lalr_parser.py:120(_Parser)
        1    0.000    0.000    0.000    0.000 crv_types.py:1671(FrechetDistribution)
       18    0.000    0.000    0.000    0.000 inspect.py:2121(_signature_is_builtin)
        1    0.000    0.000    0.000    0.000 crv_types.py:1031(DagumDistribution)
       16    0.000    0.000    0.000    0.000 {method 'uniform' of 'numpy.random._generator.Generator' objects}
       12    0.000    0.000    0.000    0.000 generate.py:276(search)
        1    0.000    0.000    0.000    0.000 refine.py:1(<module>)
      113    0.000    0.000    0.000    0.000 {method 'isdigit' of 'str' objects}
        1    0.000    0.000    0.000    0.000 primes.py:1(<module>)
       28    0.000    0.000    0.000    0.000 core.py:59(__setattr__)
        1    0.000    0.000    0.000    0.000 solvability_checker.py:1(<module>)
        7    0.000    0.000    0.000    0.000 warnings.py:182(_add_filter)
        1    0.000    0.000    0.000    0.000 drv.py:36(SingleDiscreteDistribution)
        1    0.000    0.000    0.000    0.000 rcode.py:1(<module>)
        1    0.000    0.000    0.000    0.000 egyptian_fraction.py:1(<module>)
        2    0.000    0.000    0.000    0.000 __init__.py:928(__init__)
        1    0.000    0.000    0.000    0.000 cyk.py:1(<module>)
       64    0.000    0.000    0.000    0.000 {method '__reduce_ex__' of 'object' objects}
      158    0.000    0.000    0.000    0.000 libmpf.py:537(mpf_eq)
      250    0.000    0.000    0.000    0.000 {method 'indices' of 'slice' objects}
        2    0.000    0.000    0.000    0.000 _distribution_infrastructure.py:3646(_logpxf_dispatch)
        1    0.000    0.000    0.000    0.000 crv_types.py:2880(MaxwellDistribution)
      309    0.000    0.000    0.000    0.000 {method 'end' of 're.Match' objects}
        1    0.000    0.000    0.000    0.000 crv_types.py:2048(GompertzDistribution)
      446    0.000    0.000    0.000    0.000 mul.py:687(<genexpr>)
        1    0.000    0.000    0.000    0.000 program.py:10(__init__)
        1    0.000    0.000    0.000    0.000 crv_types.py:1859(GammaInverseDistribution)
        1    0.000    0.000    0.000    0.000 _iotools.py:450(StringConverter)
        1    0.000    0.000    0.000    0.000 categorical.py:10(Categorical)
        1    0.000    0.000    0.000    0.000 crv_types.py:2535(LogLogisticDistribution)
        1    0.000    0.000    0.000    0.000 crv_types.py:1753(GammaDistribution)
      144    0.000    0.000    0.000    0.000 sets.py:1038(<genexpr>)
        1    0.000    0.000    0.000    0.000 pythonintegerring.py:1(<module>)
        1    0.000    0.000    0.000    0.000 exponential.py:603(log)
        2    0.000    0.000    0.000    0.000 sysconfig.py:134(_getuserbase)
        1    0.000    0.000    0.000    0.000 _warnings_errors.py:1(<module>)
       40    0.000    0.000    0.000    0.000 sympy_parser.py:676(is_digit)
      126    0.000    0.000    0.000    0.000 matrices.py:978(make_explicit)
        1    0.000    0.000    0.000    0.000 crv_types.py:2122(KumaraswamyDistribution)
      227    0.000    0.000    0.000    0.000 matrices.py:776(__len__)
      807    0.000    0.000    0.000    0.000 inspect.py:2773(annotation)
      385    0.000    0.000    0.000    0.000 add.py:493(<genexpr>)
       13    0.000    0.000    0.000    0.000 _dtype_ctypes.py:100(dtype_from_ctypes_type)
        1    0.000    0.000    0.000    0.000 type.py:1(<module>)
        4    0.000    0.000    0.000    0.000 getlimits.py:62(smallest_subnormal)
        1    0.000    0.000    0.000    0.000 _spherical_bessel.py:1(<module>)
        1    0.000    0.000    0.000    0.000 crv_types.py:3862(ShiftedGompertzDistribution)
      218    0.000    0.000    0.000    0.000 rule.py:36(__init__)
        1    0.000    0.000    0.000    0.000 conditions_normalizer.py:16(ConditionsNormalizer)
        1    0.000    0.000    0.000    0.000 crv_types.py:2811(LomaxDistribution)
        1    0.000    0.000    0.000    0.000 gmpyrationalfield.py:1(<module>)
        2    0.000    0.000    0.000    0.000 ctx_mp_python.py:201(__rdiv__)
        9    0.000    0.000    0.000    0.000 _util.py:956(_rename_parameter)
       11    0.000    0.000    0.000    0.000 typing.py:2476(overload)
      108    0.000    0.000    0.000    0.000 sets.py:1031(<genexpr>)
        1    0.000    0.000    0.000    0.000 pydoc.py:1904(Helper)
        1    0.000    0.000    0.000    0.000 zetazeros.py:1(<module>)
        1    0.000    0.000    0.000    0.000 crv_types.py:3037(NakagamiDistribution)
        3    0.000    0.000    0.000    0.000 _distribution_infrastructure.py:410(ints)
        2    0.000    0.000    0.000    0.000 _pep440.py:117(parse)
      159    0.000    0.000    0.000    0.000 _parser.py:77(__init__)
      124    0.000    0.000    0.000    0.000 functions.py:85(defun)
      530    0.000    0.000    0.000    0.000 {method 'values' of 'collections.OrderedDict' objects}
       74    0.000    0.000    0.000    0.000 galoistools.py:489(gf_sub)
        1    0.000    0.000    0.000    0.000 polysys.py:1(<module>)
        7    0.000    0.000    0.000    0.000 numbers.py:1225(num)
        1    0.000    0.000    0.000    0.000 ring_series.py:1(<module>)
        1    0.000    0.000    0.000    0.000 sre_parse.py:1(<module>)
        2    0.000    0.000    0.000    0.000 getlimits.py:86(_str_smallest_subnormal)
        4    0.000    0.000    0.000    0.000 stride_tricks.py:367(broadcast_to)
        1    0.000    0.000    0.000    0.000 ctx_iv.py:153(__new__)
        2    0.000    0.000    0.000    0.000 core.py:2978(__array_finalize__)
        1    0.000    0.000    0.000    0.000 sensitivity_analyzer.py:11(SensivitiyAnalyzer)
       83    0.000    0.000    0.000    0.000 load_grammar.py:451(_make_joined_pattern)
       32    0.000    0.000    0.000    0.000 finite_fixed_point_typer.py:88(_update_variable_status)
      139    0.000    0.000    0.000    0.000 lexer.py:22(__hash__)
      187    0.000    0.000    0.000    0.000 basic.py:818(_sorted_args)
        1    0.000    0.000    0.000    0.000 pretty_symbology.py:58(pretty_try_use_unicode)
        1    0.000    0.000    0.000    0.000 fractions.py:162(Fraction)
        3    0.000    0.000    0.000    0.000 symbol.py:569(__new__)
        1    0.000    0.000    0.000    0.000 __future__.py:1(<module>)
        4    0.000    0.000    0.000    0.000 doccer.py:202(_doc)
        1    0.000    0.000    0.000    0.000 immutable.py:30(ImmutableRepMatrix)
        1    0.000    0.000    0.000    0.000 statistics.py:1(<module>)
        1    0.000    0.000    0.000    0.000 compositedomain.py:1(<module>)
        1    0.000    0.000    0.000    0.000 error_functions.py:48(erf)
        1    0.000    0.000    0.000    0.000 gmpyintegerring.py:1(<module>)
        1    0.000    0.000    0.000    0.000 crv_types.py:165(ContinuousDistributionHandmade)
        1    0.000    0.000    0.000    0.000 matrices.py:585(MatrixDeprecated)
        1    0.000    0.000    0.000    0.000 _cubic.py:378(Akima1DInterpolator)
        1    0.000    0.000    0.000    0.000 index_methods.py:1(<module>)
        4    0.000    0.000    0.000    0.000 galoistools.py:941(_gf_pow_pnm1d2)
        1    0.000    0.000    0.000    0.000 trigonometric.py:2759(acot)
        1    0.000    0.000    0.000    0.000 ctx_base.py:24(StandardBaseContext)
        1    0.000    0.000    0.000    0.000 trigonometric.py:1681(sec)
       36    0.000    0.000    0.000    0.000 _ufunc_config.py:132(geterr)
      158    0.000    0.000    0.000    0.000 galoistools.py:417(gf_mul_ground)
       40    0.000    0.000    0.000    0.000 rings.py:989(__radd__)
        2    0.000    0.000    0.000    0.000 conflict.py:34(super_signature)
        1    0.000    0.000    0.000    0.000 uniform.py:65(__str__)
        7    0.000    0.000    0.000    0.000 ctx_mp_python.py:179(__lt__)
        1    0.000    0.000    0.000    0.000 conditions_reducer.py:1(<module>)
        1    0.000    0.000    0.000    0.000 true_cond.py:1(<module>)
      487    0.000    0.000    0.000    0.000 rings.py:288(__hash__)
        3    0.000    0.000    0.000    0.000 {method 'integers' of 'numpy.random._generator.Generator' objects}
      142    0.000    0.000    0.000    0.000 lexer.py:77(max_width)
       27    0.000    0.000    0.000    0.000 <frozen importlib._bootstrap_external>:1349(_get_parent_path)
       48    0.000    0.000    0.000    0.000 lapack.py:908(backtickrepl)
        1    0.000    0.000    0.000    0.000 lattice_ideal.py:1(<module>)
        1    0.000    0.000    0.000    0.000 subprocess.py:749(Popen)
        1    0.000    0.000    0.000    0.000 _rotation_spline.py:1(<module>)
        1    0.000    0.000    0.000    0.000 frv.py:234(FinitePSpace)
        1    0.000    0.000    0.000    0.000 polyclasses.py:146(DMP)
       13    0.000    0.000    0.000    0.000 core.py:8406(_replace_return_type)
        1    0.000    0.000    0.000    0.000 jscode.py:1(<module>)
        1    0.000    0.000    0.000    0.000 linalg.py:39(EigResult)
        1    0.000    0.000    0.000    0.000 matpow.py:12(MatPow)
        1    0.000    0.000    0.000    0.000 orthopolys.py:1(<module>)
        1    0.000    0.000    0.000    0.000 bivariate.py:1(<module>)
      174    0.000    0.000    0.000    0.000 _docscrape.py:713(_should_skip_member)
        1    0.000    0.000    0.000    0.000 _qmc.py:2486(MultinomialQMC)
        1    0.000    0.000    0.000    0.000 linalg.py:55(SVDResult)
        1    0.000    0.000    0.000    0.000 false_cond.py:1(<module>)
        1    0.000    0.000    0.000    0.000 lalr_analysis.py:1(<module>)
        1    0.000    0.000    0.000    0.000 arrayterator.py:1(<module>)
        1    0.000    0.000    0.000    0.000 bessel.py:1488(airybi)
       59    0.000    0.000    0.000    0.000 _array_api.py:170(_asarray)
        2    0.000    0.000    0.000    0.000 ctx_mp_python.py:368(__new__)
        6    0.000    0.000    0.000    0.000 libelefun.py:94(g)
        1    0.000    0.000    0.000    0.000 appellseqs.py:1(<module>)
        3    0.000    0.000    0.000    0.000 {built-in method _io.open}
      134    0.000    0.000    0.000    0.000 <string>:1(monomial_mul)
      256    0.000    0.000    0.000    0.000 libintmath.py:62(python_trailing)
       67    0.000    0.000    0.000    0.000 inspect.py:2507(<lambda>)
        6    0.000    0.000    0.000    0.000 rv.py:235(__new__)
        1    0.000    0.000    0.000    0.000 error_functions.py:2333(fresnels)
        1    0.000    0.000    0.000    0.000 function.py:1017(Derivative)
        1    0.000    0.000    0.000    0.000 abc.py:16(ResourceReader)
       93    0.000    0.000    0.000    0.000 load_grammar.py:476(<genexpr>)
        1    0.000    0.000    0.000    0.000 ifstatem.py:1(<module>)
       14    0.000    0.000    0.000    0.000 {method 'split' of 're.Pattern' objects}
       24    0.000    0.000    0.000    0.000 _util.py:188(_transition_to_rng)
        2    0.000    0.000    0.000    0.000 _new_distributions.py:397(_logpmf_formula)
       41    0.000    0.000    0.000    0.000 types.py:192(__init__)
        8    0.000    0.000    0.000    0.000 numbers.py:1281(__neg__)
        1    0.000    0.000    0.000    0.000 _multicomp.py:25(DunnettResult)
       64    0.000    0.000    0.000    0.000 galoistools.py:216(gf_trunc)
       16    0.000    0.000    0.000    0.000 _type_aliases.py:46(<genexpr>)
        5    0.000    0.000    0.000    0.000 _compiler.py:391(_bytes_to_codes)
        1    0.000    0.000    0.000    0.000 _new_distributions.py:14(Normal)
        1    0.000    0.000    0.000    0.000 _bary_rational.py:1(<module>)
        3    0.000    0.000    0.000    0.000 _distribution_infrastructure.py:2457(pdf)
        1    0.000    0.000    0.000    0.000 _threadsafety.py:1(<module>)
        1    0.000    0.000    0.000    0.000 function.py:279(Application)
        1    0.000    0.000    0.000    0.000 index_tricks.py:303(__init__)
        1    0.000    0.000    0.000    0.000 _ellip_harm.py:1(<module>)
        1    0.000    0.000    0.000    0.000 subscheck.py:1(<module>)
       10    0.000    0.000    0.000    0.000 domainmatrix.py:550(<lambda>)
      199    0.000    0.000    0.000    0.000 _compiler.py:428(_get_iscased)
        1    0.000    0.000    0.000    0.000 recurrences.py:10(Recurrences)
       46    0.000    0.000    0.000    0.000 getlimits.py:101(_float_conv)
        2    0.000    0.000    0.000    0.000 exponential.py:916(_eval_is_algebraic)
        1    0.000    0.000    0.000    0.000 acyclic_solver.py:10(AcyclicSolver)
        1    0.000    0.000    0.000    0.000 conditions.py:1(<module>)
        2    0.000    0.000    0.000    0.000 tools.py:1(<module>)
      197    0.000    0.000    0.000    0.000 precedence.py:67(precedence_Rational)
       15    0.000    0.000    0.000    0.000 rv.py:285(__new__)
      141    0.000    0.000    0.000    0.000 quantities.py:64(<lambda>)
        2    0.000    0.000    0.000    0.000 uniform.py:24(subs)
      275    0.000    0.000    0.000    0.000 basic.py:331(class_key)
        1    0.000    0.000    0.000    0.000 crv.py:305(ContinuousPSpace)
        1    0.000    0.000    0.000    0.000 pathlib.py:826(Path)
        2    0.000    0.000    0.000    0.000 _distribution_infrastructure.py:508(contains)
        1    0.000    0.000    0.000    0.000 __init__.py:351(_sanity_check)
        4    0.000    0.000    0.000    0.000 stride_tricks.py:340(_broadcast_to)
        1    0.000    0.000    0.000    0.000 operations.py:19(AssocOp)
      118    0.000    0.000    0.000    0.000 dataclasses.py:549(_init_param)
        1    0.000    0.000    0.000    0.000 loop_guard_transformer.py:26(execute)
       95    0.000    0.000    0.000    0.000 permutations.py:1053(_hashable_content)
        1    0.000    0.000    0.000    0.000 elliptic.py:1(<module>)
        1    0.000    0.000    0.000    0.000 _quad_vec.py:1(<module>)
        1    0.000    0.000    0.000    0.000 loop_guard_transformer.py:10(LoopGuardTransformer)
        1    0.000    0.000    0.000    0.000 _fft.py:1(<module>)
        1    0.000    0.000    0.000    0.000 evalf.py:1389(_create_evalf_table)
       14    0.000    0.000    0.000    0.000 numerictypes.py:357(issubdtype)
       16    0.000    0.000    0.000    0.000 arraypad.py:129(_set_pad_area)
      315    0.000    0.000    0.000    0.000 polytools.py:4363(_hashable_content)
      137    0.000    0.000    0.000    0.000 <frozen abc>:7(abstractmethod)
        4    0.000    0.000    0.000    0.000 _new_distributions.py:412(_icdf_formula)
        1    0.000    0.000    0.000    0.000 tensor.py:2384(TensAdd)
        1    0.000    0.000    0.000    0.000 ddm.py:88(DDM)
        1    0.000    0.000    0.000    0.000 inequalities.py:1(<module>)
       14    0.000    0.000    0.000    0.000 numeric.py:1330(normalize_axis_tuple)
        1    0.000    0.000    0.000    0.000 _polybase.py:18(ABCPolyBase)
        3    0.000    0.000    0.000    0.000 load_grammar.py:442(range)
       42    0.000    0.000    0.000    0.000 densetools.py:262(dup_eval)
        1    0.000    0.000    0.000    0.000 if_transformer.py:12(IfTransformer)
        1    0.000    0.000    0.000    0.000 _pytesttester.py:1(<module>)
       58    0.000    0.000    0.000    0.000 order.py:183(<genexpr>)
        1    0.000    0.000    0.000    0.000 factortools.py:1(<module>)
       19    0.000    0.000    0.000    0.000 fromnumeric.py:3269(round)
        1    0.000    0.000    0.000    0.000 _constraints.py:1(<module>)
        8    0.000    0.000    0.000    0.000 mul.py:816(<lambda>)
        1    0.000    0.000    0.000    0.000 trigonometric.py:553(cos)
        1    0.000    0.000    0.000    0.000 rule.py:16(BoundRef)
        1    0.000    0.000    0.000    0.000 _polyint.py:108(_reshape_yi)
        8    0.000    0.000    0.000    0.000 numbers.py:727(__sub__)
        1    0.000    0.000    0.000    0.000 conditions_normalizer.py:28(execute)
        2    0.000    0.000    0.000    0.000 ctx_base.py:52(_init_aliases)
        1    0.000    0.000    0.000    0.000 defchararray.py:1922(chararray)
        7    0.000    0.000    0.000    0.000 _distribution_infrastructure.py:464(__str__)
        1    0.000    0.000    0.000    0.000 ring.py:1(<module>)
        1    0.000    0.000    0.000    0.000 uniform.py:1(<module>)
        1    0.000    0.000    0.000    0.000 trigonometric.py:2088(asin)
        1    0.000    0.000    0.000    0.000 boolalg.py:951(Xor)
        3    0.000    0.000    0.000    0.000 inverselaplace.py:668(__init__)
        1    0.000    0.000    0.000    0.000 series_class.py:11(SeriesBase)
        2    0.000    0.000    0.000    0.000 sysconfig.py:143(joinuser)
    81/78    0.000    0.000    0.000    0.000 function.py:611(<genexpr>)
        1    0.000    0.000    0.000    0.000 _support_alternative_backends.py:16(_FuncInfo)
        4    0.000    0.000    0.000    0.000 numbers.py:4409(_eval_power)
        1    0.000    0.000    0.000    0.000 defaults.py:1(<module>)
       14    0.000    0.000    0.000    0.000 pythonmpq.py:162(_cmp)
        1    0.000    0.000    0.000    0.000 domainscalar.py:1(<module>)
        1    0.000    0.000    0.000    0.000 subfield.py:1(<module>)
        8    0.000    0.000    0.000    0.000 _aliases.py:89(asarray)
        1    0.000    0.000    0.000    0.000 finite.py:7(Finite)
        1    0.000    0.000    0.000    0.000 pycode.py:77(AbstractPythonCodePrinter)
        3    0.000    0.000    0.000    0.000 _distribution_infrastructure.py:863(__str__)
       20    0.000    0.000    0.000    0.000 inspect.py:2133(_signature_is_functionlike)
       23    0.000    0.000    0.000    0.000 stride_tricks.py:416(_broadcast_shape)
       15    0.000    0.000    0.000    0.000 pretty_symbology.py:410(<lambda>)
        1    0.000    0.000    0.000    0.000 exponent_lattice.py:29(ExponentLattice)
      119    0.000    0.000    0.000    0.000 {method 'encode' of 'str' objects}
        1    0.000    0.000    0.000    0.000 bessel.py:1316(airyai)
       18    0.000    0.000    0.000    0.000 <frozen posixpath>:256(expanduser)
        5    0.000    0.000    0.000    0.000 _basic.py:3009(_is_subdtype)
        1    0.000    0.000    0.000    0.000 trigonometric.py:243(sin)
        8    0.000    0.000    0.000    0.000 typing.py:1415(__mro_entries__)
       46    0.000    0.000    0.000    0.000 {method 'issuperset' of 'frozenset' objects}
        6    0.000    0.000    0.000    0.000 typing.py:1554(<genexpr>)
        1    0.000    0.000    0.000    0.000 error_functions.py:273(erfc)
       36    0.000    0.000    0.000    0.000 poly_assignment.py:75(get_support)
        7    0.000    0.000    0.000    0.000 ctx_mp_python.py:169(_cmp)
        1    0.000    0.000    0.000    0.000 trigonometric.py:912(tan)
      110    0.000    0.000    0.000    0.000 ipaddress.py:574(__int__)
        8    0.000    0.000    0.000    0.000 ctx_iv.py:30(convert_mpf_)
        1    0.000    0.000    0.000    0.000 load_grammar.py:715(import_from_grammar_into_namespace)
        1    0.000    0.000    0.000    0.000 arrayop.py:1(<module>)
       16    0.000    0.000    0.000    0.000 galoistools.py:454(gf_add)
        3    0.000    0.000    0.000    0.000 _distribution_infrastructure.py:2388(standard_deviation)
        5    0.000    0.000    0.000    0.000 decorator.py:127(update)
        1    0.000    0.000    0.000    0.000 numbers.py:611(bell)
       21    0.000    0.000    0.000    0.000 rv.py:1711(_symbol_converter)
       12    0.000    0.000    0.000    0.000 complexes.py:105(<genexpr>)
        3    0.000    0.000    0.000    0.000 _distribution_infrastructure.py:2494(pmf)
       39    0.000    0.000    0.000    0.000 functools.py:741(is_related)
        8    0.000    0.000    0.000    0.000 numeric.py:136(ones)
        1    0.000    0.000    0.000    0.000 trigonometric.py:1248(cot)
       24    0.000    0.000    0.000    0.000 calculus.py:4(defun)
        1    0.000    0.000    0.000    0.000 _polyint.py:53(__init__)
        1    0.000    0.000    0.000    0.000 _ksstats.py:1(<module>)
        1    0.000    0.000    0.000    0.000 linalg.py:43(EighResult)
       25    0.000    0.000    0.000    0.000 ipaddress.py:431(_ip_int_from_prefix)
        1    0.000    0.000    0.000    0.000 __init__.py:331(_compile_template)
        1    0.000    0.000    0.000    0.000 report.py:1(<module>)
        1    0.000    0.000    0.000    0.000 _ndbspline.py:1(<module>)
        1    0.000    0.000    0.000    0.000 finite_range.py:1(<module>)
        4    0.000    0.000    0.000    0.000 _spherical_bessel.py:14(decorator)
      210    0.000    0.000    0.000    0.000 {method 'isupper' of 'str' objects}
        1    0.000    0.000    0.000    0.000 constants_transformer.py:1(<module>)
      118    0.000    0.000    0.000    0.000 dataclasses.py:477(_field_assign)
       91    0.000    0.000    0.000    0.000 {method 'clear' of 'dict' objects}
        6    0.000    0.000    0.000    0.000 {method 'multinomial' of 'numpy.random._generator.Generator' objects}
        1    0.000    0.000    0.000    0.000 eigen_symmetric.py:1(<module>)
       19    0.000    0.000    0.000    0.000 {built-in method _struct.calcsize}
        1    0.000    0.000    0.000    0.000 _morphology.py:1(<module>)
       89    0.000    0.000    0.000    0.000 functions.py:81(defun_wrapped)
        1    0.000    0.000    0.000    0.000 _new_distributions.py:204(_LogUniform)
        3    0.000    0.000    0.000    0.000 _distribution_infrastructure.py:3145(_moment_raw)
        1    0.000    0.000    0.000    0.000 rszeta.py:1(<module>)
       16    0.000    0.000    0.000    0.000 conflict.py:30(<genexpr>)
        1    0.000    0.000    0.000    0.000 _kdtree.py:206(KDTree)
        2    0.000    0.000    0.000    0.000 _codata.py:1533(exact2018)
        7    0.000    0.000    0.000    0.000 _legacy.py:15(deprecated)
        7    0.000    0.000    0.000    0.000 _parser.py:893(_parse_flags)
        1    0.000    0.000    0.000    0.000 _fitpack_repro.py:1(<module>)
        1    0.000    0.000    0.000    0.000 deltafunctions.py:1(<module>)
        1    0.000    0.000    0.000    0.000 _probability_distribution.py:1(<module>)
        2    0.000    0.000    0.000    0.000 conditions_normalizer.py:38(_normalize_conditions)
        1    0.000    0.000    0.000    0.000 boolalg.py:1264(Equivalent)
        1    0.000    0.000    0.000    0.000 index_tricks.py:255(__init__)
        9    0.000    0.000    0.000    0.000 pythonmpq.py:174(__le__)
        2    0.000    0.000    0.000    0.000 singledispatchmethod.py:56(__init__)
        1    0.000    0.000    0.000    0.000 multi_assign_transformer.py:1(<module>)
        1    0.000    0.000    0.000    0.000 tensor.py:2725(Tensor)
        1    0.000    0.000    0.000    0.000 poly_assignment.py:1(<module>)
        1    0.000    0.000    0.000    0.000 linalg.py:51(SlogdetResult)
        1    0.000    0.000    0.000    0.000 hyperbolic.py:365(cosh)
        1    0.000    0.000    0.000    0.000 basic.py:2061(Atom)
       10    0.000    0.000    0.000    0.000 rings.py:1808(_sorted)
        1    0.000    0.000    0.000    0.000 trigonometric.py:1782(csc)
       16    0.000    0.000    0.000    0.000 pretty_symbology.py:170(<lambda>)
        1    0.000    0.000    0.000    0.000 libelefun.py:233(pi_fixed)
       14    0.000    0.000    0.000    0.000 ctx_mp_python.py:336(__new__)
      209    0.000    0.000    0.000    0.000 function.py:373(_eval_subs)
        1    0.000    0.000    0.000    0.000 _spectral.py:1(<module>)
        1    0.000    0.000    0.000    0.000 _internal.py:240(_missing_ctypes)
        2    0.000    0.000    0.000    0.000 libmpi.py:454(mpi_from_str)
        1    0.000    0.000    0.000    0.000 earley_common.py:1(<module>)
       38    0.000    0.000    0.000    0.000 getlimits.py:16(_fr0)
        1    0.000    0.000    0.000    0.000 _continuous_distns.py:11015(vonmises_gen)
        8    0.000    0.000    0.000    0.000 enum.py:957(_check_for_existing_members_)
        1    0.000    0.000    0.000    0.000 hyperbolic.py:611(tanh)
        1    0.000    0.000    0.000    0.000 discrete_uniform.py:1(<module>)
       15    0.000    0.000    0.000    0.000 arrayprint.py:989(<genexpr>)
        1    0.000    0.000    0.000    0.000 value_node.py:1(<module>)
        1    0.000    0.000    0.000    0.000 rings.py:196(PolyRing)
        1    0.000    0.000    0.000    0.000 sorting.py:1(<module>)
        1    0.000    0.000    0.000    0.000 gamma.py:1(<module>)
       28    0.000    0.000    0.000    0.000 finite_fixed_point_typer.py:193(_fixedpoint_reached)
        1    0.000    0.000    0.000    0.000 approximants.py:1(<module>)
        8    0.000    0.000    0.000    0.000 enum.py:383(__init__)
        1    0.000    0.000    0.000    0.000 epathtools.py:1(<module>)
        1    0.000    0.000    0.000    0.000 core.py:3127(view)
        1    0.000    0.000    0.000    0.000 __init__.py:1293(__init__)
      114    0.000    0.000    0.000    0.000 dataclasses.py:309(__init__)
        1    0.000    0.000    0.000    0.000 rule_generation.py:1(<module>)
        1    0.000    0.000    0.000    0.000 lib_interval.py:1(<module>)
        2    0.000    0.000    0.000    0.000 libmpf.py:987(mpf_rdiv_int)
        1    0.000    0.000    0.000    0.000 singularityfunctions.py:1(<module>)
        1    0.000    0.000    0.000    0.000 trigonometric.py:3195(acsc)
        1    0.000    0.000    0.000    0.000 domainelement.py:1(<module>)
        1    0.000    0.000    0.000    0.000 crv_types.py:2202(LaplaceDistribution)
        3    0.000    0.000    0.000    0.000 libmpf.py:59(prec_to_dps)
        1    0.000    0.000    0.000    0.000 bessel.py:970(yn)
        1    0.000    0.000    0.000    0.000 lobpcg.py:1(<module>)
        1    0.000    0.000    0.000    0.000 symbol.py:476(Wild)
        1    0.000    0.000    0.000    0.000 _distribution_infrastructure.py:4590(ShiftedScaledDistribution)
        1    0.000    0.000    0.000    0.000 error_functions.py:464(erfi)
       12    0.000    0.000    0.000    0.000 complexes.py:129(_eval_is_zero)
        1    0.000    0.000    0.000    0.000 crv_types.py:1187(ExGaussianDistribution)
        1    0.000    0.000    0.000    0.000 hyperbolic.py:1544(atanh)
        1    0.000    0.000    0.000    0.000 linalg.py:47(QRResult)
        1    0.000    0.000    0.000    0.000 _polyint.py:116(_set_yi)
        1    0.000    0.000    0.000    0.000 hyperbolic.py:1370(acosh)
        3    0.000    0.000    0.000    0.000 enum.py:1404(_iter_member_by_def_)
       15    0.000    0.000    0.000    0.000 inspect.py:2461(_descriptor_get)
        1    0.000    0.000    0.000    0.000 expintegrals.py:1(<module>)
        1    0.000    0.000    0.000    0.000 not_cond.py:1(<module>)
       12    0.000    0.000    0.000    0.000 arrayprint.py:753(_extendLine_pretty)
        1    0.000    0.000    0.000    0.000 piecewise.py:64(Piecewise)
        1    0.000    0.000    0.000    0.000 __init__.py:2149(getLogger)
        1    0.000    0.000    0.000    0.000 crv_types.py:3927(StudentTDistribution)
      247    0.000    0.000    0.000    0.000 {built-in method _sre.unicode_iscased}
        1    0.000    0.000    0.000    0.000 crv_types.py:1414(ExponentialPowerDistribution)
        2    0.000    0.000    0.000    0.000 lsoda.py:1(<module>)
        1    0.000    0.000    0.000    0.000 decorators.py:1(<module>)
        6    0.000    0.000    0.000    0.000 {method 'permuted' of 'numpy.random._generator.Generator' objects}
      180    0.000    0.000    0.000    0.000 <string>:1(monomial_ldiv)
       25    0.000    0.000    0.000    0.000 value_node.py:15(__init__)
        1    0.000    0.000    0.000    0.000 lalr_puppet.py:1(<module>)
        1    0.000    0.000    0.000    0.000 _fftlog_backend.py:1(<module>)
        1    0.000    0.000    0.000    0.000 fnmatch.py:1(<module>)
        6    0.000    0.000    0.000    0.000 polyutils.py:394(_dict_reorder)
       37    0.000    0.000    0.000    0.000 {built-in method numpy.seterrobj}
        1    0.000    0.000    0.000    0.000 ipaddress.py:1611(_BaseV6)
       61    0.000    0.000    0.000    0.000 _inspect.py:144(<lambda>)
        1    0.000    0.000    0.000    0.000 hyperbolic.py:1206(asinh)
       25    0.000    0.000    0.000    0.000 densetools.py:1143(dup_sign_variations)
        1    0.000    0.000    0.000    0.000 error_functions.py:2489(fresnelc)
        1    0.000    0.000    0.000    0.000 finite_fixed_point_typer.py:30(FiniteFixedPointTyper)
       22    0.000    0.000    0.000    0.000 <frozen _collections_abc>:104(_check_methods)
       55    0.000    0.000    0.000    0.000 enum.py:70(_is_internal_class)
        3    0.000    0.000    0.000    0.000 symbol.py:578(__xnew__)
       17    0.000    0.000    0.000    0.000 weakref.py:495(popitem)
        1    0.000    0.000    0.000    0.000 hyperbolic.py:824(coth)
        1    0.000    0.000    0.000    0.000 crv_types.py:1951(GumbelDistribution)
        2    0.000    0.000    0.000    0.000 __init__.py:958(createLock)
       17    0.000    0.000    0.000    0.000 ctx_mp_python.py:597(make_mpf)
        1    0.000    0.000    0.000    0.000 str.py:20(StrPrinter)
      120    0.000    0.000    0.000    0.000 ddm.py:102(<genexpr>)
       14    0.000    0.000    0.000    0.000 mixins.py:26(_reflected_binary_method)
        1    0.000    0.000    0.000    0.000 pickle.py:401(_Pickler)
        1    0.000    0.000    0.000    0.000 characteristiczero.py:1(<module>)
        6    0.000    0.000    0.000    0.000 _distribution_infrastructure.py:601(__str__)
        1    0.000    0.000    0.000    0.000 lattice_ideal.py:8(LatticeIdeal)
        1    0.000    0.000    0.000    0.000 multidimensional.py:1(<module>)
        1    0.000    0.000    0.000    0.000 ipaddress.py:1487(IPv4Network)
        1    0.000    0.000    0.000    0.000 crv_types.py:2454(LogisticDistribution)
       16    0.000    0.000    0.000    0.000 {built-in method posix.lstat}
        1    0.000    0.000    0.000    0.000 simpledomain.py:1(<module>)
        1    0.000    0.000    0.000    0.000 fnmatch.py:74(translate)
       14    0.000    0.000    0.000    0.000 _distribution_infrastructure.py:473(_get_endpoint_str)
        1    0.000    0.000    0.000    0.000 branch_builder.py:19(BranchBuilder)
      120    0.000    0.000    0.000    0.000 matrices.py:968(<lambda>)
        1    0.000    0.000    0.000    0.000 exceptions.py:53(__init__)
        3    0.000    0.000    0.000    0.000 symbolic_probability.py:204(__new__)
        1    0.000    0.000    0.000    0.000 powerset.py:10(PowerSet)
       30    0.000    0.000    0.000    0.000 <frozen abc>:146(update_abstractmethods)
        1    0.000    0.000    0.000    0.000 hyperbolic.py:1830(asech)
    42/36    0.000    0.000    0.000    0.000 limits.py:269(<genexpr>)
        3    0.000    0.000    0.000    0.000 dist_assignment.py:16(__init__)
        1    0.000    0.000    0.000    0.000 riccati.py:1(<module>)
        1    0.000    0.000    0.000    0.000 bessel.py:1036(SphericalHankelBase)
        1    0.000    0.000    0.000    0.000 crv_types.py:1590(FisherZDistribution)
        3    0.000    0.000    0.000    0.000 quadrature.py:461(__init__)
        1    0.000    0.000    0.000    0.000 numbers.py:195(fibonacci)
        8    0.000    0.000    0.000    0.000 decorator.py:161(depends_on_deco)
        1    0.000    0.000    0.000    0.000 solver.py:1(<module>)
        2    0.000    0.000    0.000    0.000 selectors.py:588(_can_use)
        3    0.000    0.000    0.000    0.000 dist_transformer.py:20(_)
        1    0.000    0.000    0.000    0.000 hyperbolic.py:1070(csch)
       29    0.000    0.000    0.000    0.000 numbers.py:3724(__hash__)
        1    0.000    0.000    0.000    0.000 _norm.py:1(<module>)
        2    0.000    0.000    0.000    0.000 multidimensional.py:93(__call__)
      114    0.000    0.000    0.000    0.000 dataclasses.py:683(_is_classvar)
        1    0.000    0.000    0.000    0.000 rule.py:12(RuleType)
       10    0.000    0.000    0.000    0.000 normal.py:60(get_free_symbols)
        1    0.000    0.000    0.000    0.000 preview.py:1(<module>)
        1    0.000    0.000    0.000    0.000 rationalfield.py:14(RationalField)
       64    0.000    0.000    0.000    0.000 decorators.py:12(_sympifyit)
       50    0.000    0.000    0.000    0.000 {method 'partition' of 'str' objects}
       13    0.000    0.000    0.000    0.000 _distribution_infrastructure.py:807(__init__)
       30    0.000    0.000    0.000    0.000 radsimp.py:215(make_expression)
        1    0.000    0.000    0.000    0.000 tableform.py:1(<module>)
        1    0.000    0.000    0.000    0.000 frv.py:358(SingleFinitePSpace)
       85    0.000    0.000    0.000    0.000 _compat_pickle.py:167(<genexpr>)
        2    0.000    0.000    0.000    0.000 rationaltools.py:1(<module>)
       64    0.000    0.000    0.000    0.000 copyreg.py:98(__newobj__)
        1    0.000    0.000    0.000    0.000 mathml.py:580(MathMLPresentationPrinter)
        1    0.000    0.000    0.000    0.000 ifstatem.py:6(IfStatem)
        1    0.000    0.000    0.000    0.000 fromnumeric.py:1025(argsort)
        1    0.000    0.000    0.000    0.000 laguerre.py:1606(Laguerre)
        1    0.000    0.000    0.000    0.000 quaternion.py:57(Quaternion)
       23    0.000    0.000    0.000    0.000 {built-in method math.frexp}
        6    0.000    0.000    0.000    0.000 branch_builder.py:105(_assign_replace_is_necessary)
        1    0.000    0.000    0.000    0.000 domain.py:18(Domain)
        1    0.000    0.000    0.000    0.000 ctx_iv.py:386(_set_prec)
        1    0.000    0.000    0.000    0.000 ctx_mp.py:58(MPContext)
       14    0.000    0.000    0.000    0.000 _distribution_infrastructure.py:3153(_moment_raw_dispatch)
       65    0.000    0.000    0.000    0.000 {built-in method numpy.asanyarray}
        1    0.000    0.000    0.000    0.000 __init__.py:1517(debug)
        1    0.000    0.000    0.000    0.000 polynomial.py:1472(Polynomial)
        1    0.000    0.000    0.000    0.000 _parser.py:996(parse_template)
        1    0.000    0.000    0.000    0.000 tensor.py:1967(TensExpr)
        1    0.000    0.000    0.000    0.000 _continuous_distns.py:393(norm_gen)
        8    0.000    0.000    0.000    0.000 __init__.py:56(__init_subclass__)
        1    0.000    0.000    0.000    0.000 index_tricks.py:530(__init__)
        1    0.000    0.000    0.000    0.000 sets.py:1891(FiniteSet)
       31    0.000    0.000    0.000    0.000 arithmetic_transformer.py:11(arithm)
        1    0.000    0.000    0.000    0.000 load_grammar.py:310(__init__)
        1    0.000    0.000    0.000    0.000 dop853_coefficients.py:1(<module>)
       15    0.000    0.000    0.000    0.000 integers.py:291(_eval_number)
        1    0.000    0.000    0.000    0.000 _continuous_distns.py:8378(pearson3_gen)
        1    0.000    0.000    0.000    0.000 hyperbolic.py:1141(sech)
      125    0.000    0.000    0.000    0.000 {method 'rindex' of 'str' objects}
        1    0.000    0.000    0.000    0.000 frv.py:193(SingleFiniteDistribution)
        1    0.000    0.000    0.000    0.000 earley.py:325(ApplyCallbacks)
        1    0.000    0.000    0.000    0.000 hyperbolic.py:2012(acsch)
        1    0.000    0.000    0.000    0.000 permutations.py:472(Permutation)
        6    0.000    0.000    0.000    0.000 load_grammar.py:218(maybe)
       20    0.000    0.000    0.000    0.000 add.py:952(getO)
       38    0.000    0.000    0.000    0.000 {method 'translate' of 'bytearray' objects}
       45    0.000    0.000    0.000    0.000 {method 'search' of 're.Pattern' objects}
       13    0.000    0.000    0.000    0.000 fromnumeric.py:200(reshape)
        1    0.000    0.000    0.000    0.000 _at.py:52(Undef)
        1    0.000    0.000    0.000    0.000 hyperbolic.py:1696(acoth)
        1    0.000    0.000    0.000    0.000 conditions_reducer.py:19(execute)
        1    0.000    0.000    0.000    0.000 _trustregion_exact.py:1(<module>)
        1    0.000    0.000    0.000    0.000 _fourier.py:1(<module>)
        1    0.000    0.000    0.000    0.000 odes.py:1(<module>)
        6    0.000    0.000    0.000    0.000 polyclasses.py:238(to_dict)
        1    0.000    0.000    0.000    0.000 sets.py:1763(EmptySet)
        1    0.000    0.000    0.000    0.000 rules.py:1(<module>)
        1    0.000    0.000    0.000    0.000 numbers.py:57(Complex)
        8    0.000    0.000    0.000    0.000 inspect.py:784(_findclass)
       38    0.000    0.000    0.000    0.000 order.py:389(<genexpr>)
       12    0.000    0.000    0.000    0.000 complexes.py:226(<genexpr>)
        5    0.000    0.000    0.000    0.000 _distribution_infrastructure.py:1074(_set_invalid_nan_property)
       22    0.000    0.000    0.000    0.000 <frozen posixpath>:405(normpath)
        1    0.000    0.000    0.000    0.000 core.py:6568(__array_finalize__)
       15    0.000    0.000    0.000    0.000 pretty_symbology.py:236(<lambda>)
       41    0.000    0.000    0.000    0.000 complexes.py:137(_eval_is_complex)
        1    0.000    0.000    0.000    0.000 _add_newdocs_scalars.py:54(_get_platform_and_machine)
        1    0.000    0.000    0.000    0.000 conditions_to_arithm.py:11(ConditionsToArithm)
        1    0.000    0.000    0.000    0.000 _lazy.py:1(<module>)
        1    0.000    0.000    0.000    0.000 ctx_mp_python.py:39(_mpf)
      277    0.000    0.000    0.000    0.000 grammar.py:10(__init__)
       16    0.000    0.000    0.000    0.000 integerring.py:124(log)
        1    0.000    0.000    0.000    0.000 defmatrix.py:73(matrix)
        1    0.000    0.000    0.000    0.000 _type_aliases.py:151(_set_up_aliases)
      100    0.000    0.000    0.000    0.000 perm_groups.py:136(<genexpr>)
        1    0.000    0.000    0.000    0.000 random.py:332(randint)
        1    0.000    0.000    0.000    0.000 subprocess.py:695(_use_posix_spawn)
        6    0.000    0.000    0.000    0.000 core.py:1146(__init__)
        2    0.000    0.000    0.000    0.000 exponential.py:906(_eval_is_rational)
       40    0.000    0.000    0.000    0.000 complexes.py:126(_eval_is_algebraic)
        4    0.000    0.000    0.000    0.000 fromnumeric.py:2692(max)
        2    0.000    0.000    0.000    0.000 ordinals.py:81(__new__)
        1    0.000    0.000    0.000    0.000 distribution.py:8(Distribution)
       24    0.000    0.000    0.000    0.000 ctx_iv.py:397(make_mpf)
       41    0.000    0.000    0.000    0.000 {method 'setter' of 'property' objects}
        2    0.000    0.000    0.000    0.000 contextlib.py:77(__call__)
        1    0.000    0.000    0.000    0.000 singledispatchmethod.py:1(<module>)
        1    0.000    0.000    0.000    0.000 _ndgriddata.py:1(<module>)
       14    0.000    0.000    0.000    0.000 containers.py:301(get)
       43    0.000    0.000    0.000    0.000 exprtools.py:28(_isnumber)
        1    0.000    0.000    0.000    0.000 {method 'disable' of '_lsprof.Profiler' objects}
        1    0.000    0.000    0.000    0.000 densetools.py:1(<module>)
       11    0.000    0.000    0.000    0.000 power.py:1486(_eval_is_meromorphic)
        1    0.000    0.000    0.000    0.000 _onenormest.py:1(<module>)
      128    0.000    0.000    0.000    0.000 monomials.py:397(__init__)
        2    0.000    0.000    0.000    0.000 <frozen _collections_abc>:481(__repr__)
       18    0.000    0.000    0.000    0.000 <frozen codecs>:319(decode)
       71    0.000    0.000    0.000    0.000 lexer.py:86(__init__)
        1    0.000    0.000    0.000    0.000 __config__.py:9(DisplayModes)
        1    0.000    0.000    0.000    0.000 typer.py:7(Typer)
        1    0.000    0.000    0.000    0.000 rec_builder.py:13(RecBuilder)
       42    0.000    0.000    0.000    0.000 inspect.py:1813(_shadowed_dict)
        1    0.000    0.000    0.000    0.000 _exceptions.py:116(_ArrayMemoryError)
        3    0.000    0.000    0.000    0.000 <frozen importlib._bootstrap_external>:1332(__init__)
        6    0.000    0.000    0.000    0.000 stride_tricks.py:433(broadcast_shapes)
        6    0.000    0.000    0.000    0.000 fromnumeric.py:2322(any)
        3    0.000    0.000    0.000    0.000 dist_assignment.py:42(get_support)
       16    0.000    0.000    0.000    0.000 factortools.py:546(dup_zz_cyclotomic_factor)
        1    0.000    0.000    0.000    0.000 _mstats_extras.py:1(<module>)
        3    0.000    0.000    0.000    0.000 _distribution_infrastructure.py:2327(median)
        1    0.000    0.000    0.000    0.000 polynomial.py:1077(poly1d)
       22    0.000    0.000    0.000    0.000 factor_.py:199(trailing)
        1    0.000    0.000    0.000    0.000 _new_distributions.py:270(Uniform)
        2    0.000    0.000    0.000    0.000 evalf.py:499(add_terms)
        4    0.000    0.000    0.000    0.000 random.py:889(getrandbits)
        1    0.000    0.000    0.000    0.000 _genz_malik.py:1(<module>)
       10    0.000    0.000    0.000    0.000 polynomialring.py:50(one)
        1    0.000    0.000    0.000    0.000 _continuous_distns.py:2040(expon_gen)
        1    0.000    0.000    0.000    0.000 numbers.py:2322(motzkin)
        5    0.000    0.000    0.000    0.000 densearith.py:43(dmp_add_term)
       10    0.000    0.000    0.000    0.000 domainmatrix.py:837(_check)
        2    0.000    0.000    0.000    0.000 blas.py:388(_memoize_get_funcs)
        1    0.000    0.000    0.000    0.000 index_tricks.py:562(__init__)
      100    0.000    0.000    0.000    0.000 perm_groups.py:134(<genexpr>)
      110    0.000    0.000    0.000    0.000 _internal.py:883(<genexpr>)
        1    0.000    0.000    0.000    0.000 polytools.py:4359(PurePoly)
        1    0.000    0.000    0.000    0.000 {method 'write' of '_io.TextIOWrapper' objects}
       42    0.000    0.000    0.000    0.000 {built-in method numpy.empty}
        1    0.000    0.000    0.000    0.000 _continuous_distns.py:6027(laplace_gen)
        1    0.000    0.000    0.000    0.000 interval_membership.py:1(<module>)
      194    0.000    0.000    0.000    0.000 mul.py:951(<genexpr>)
      212    0.000    0.000    0.000    0.000 {built-in method _sre.unicode_tolower}
        1    0.000    0.000    0.000    0.000 ipaddress.py:383(_IPAddressBase)
        6    0.000    0.000    0.000    0.000 _exceptions.py:17(_display_as_base)
       13    0.000    0.000    0.000    0.000 {method 'random' of 'numpy.random._generator.Generator' objects}
        1    0.000    0.000    0.000    0.000 index_tricks.py:310(AxisConcatenator)
        9    0.000    0.000    0.000    0.000 symbol.py:467(sort_key)
        1    0.000    0.000    0.000    0.000 delta_functions.py:393(Heaviside)
        1    0.000    0.000    0.000    0.000 distance.py:1796(MetricInfo)
        1    0.000    0.000    0.000    0.000 _continuous_distns.py:707(beta_gen)
        1    0.000    0.000    0.000    0.000 __init__.py:1126(__init__)
        1    0.000    0.000    0.000    0.000 function_docs.py:1(<module>)
        1    0.000    0.000    0.000    0.000 stochastic_process_types.py:1499(ContinuousMarkovChain)
       93    0.000    0.000    0.000    0.000 _inspect.py:131(strseq)
        1    0.000    0.000    0.000    0.000 complexes.py:20(re)
       16    0.000    0.000    0.000    0.000 densetools.py:870(dup_shift)
        2    0.000    0.000    0.000    0.000 numbers.py:1286(__add__)
        7    0.000    0.000    0.000    0.000 weakref.py:367(__init__)
        6    0.000    0.000    0.000    0.000 crv.py:178(__new__)
    44/22    0.000    0.000    0.000    0.000 tree.py:67(__eq__)
      199    0.000    0.000    0.000    0.000 galoistools.py:109(gf_int)
        1    0.000    0.000    0.000    0.000 codeprinter.py:48(CodePrinter)
        6    0.000    0.000    0.000    0.000 _distribution_infrastructure.py:1744(_broadcast)
     11/3    0.000    0.000    0.000    0.000 mul.py:2002(max_degree)
        1    0.000    0.000    0.000    0.000 ratsimp.py:1(<module>)
        3    0.000    0.000    0.000    0.000 rv.py:1654(_value_check)
        2    0.000    0.000    0.000    0.000 orthogonal.py:1(<module>)
       15    0.000    0.000    0.000    0.000 arrayprint.py:984(<genexpr>)
        1    0.000    0.000    0.000    0.000 __init__.py:1377(getLogger)
       12    0.000    0.000    0.000    0.000 arrayprint.py:1018(__call__)
       67    0.000    0.000    0.000    0.000 {built-in method sys._getframemodulename}
        1    0.000    0.000    0.000    0.000 _matrix.py:1(<module>)
        1    0.000    0.000    0.000    0.000 parse.py:152(_NetlocResultMixinBase)
        1    0.000    0.000    0.000    0.000 initial_value_provider.py:1(<module>)
        2    0.000    0.000    0.000    0.000 add.py:626(_eval_is_meromorphic)
        2    0.000    0.000    0.000    0.000 ctx_mp_python.py:612(_set_prec)
        1    0.000    0.000    0.000    0.000 {method 'argsort' of 'numpy.ndarray' objects}
        4    0.000    0.000    0.000    0.000 galoistools.py:1360(gf_random)
        1    0.000    0.000    0.000    0.000 pde.py:1(<module>)
       16    0.000    0.000    0.000    0.000 basic.py:2082(xreplace)
        1    0.000    0.000    0.000    0.000 function.py:871(UndefinedFunction)
        1    0.000    0.000    0.000    0.000 _odds_ratio.py:1(<module>)
        1    0.000    0.000    0.000    0.000 matmul.py:24(MatMul)
        1    0.000    0.000    0.000    0.000 _sparse.py:1(<module>)
        4    0.000    0.000    0.000    0.000 gaussiandomains.py:54(__neg__)
        1    0.000    0.000    0.000    0.000 parser_frontends.py:75(_get_lexer_callbacks)
        1    0.000    0.000    0.000    0.000 _polyint.py:136(_set_dtype)
      139    0.000    0.000    0.000    0.000 expr.py:1075(as_ordered_factors)
        1    0.000    0.000    0.000    0.000 _continuous_distns.py:9041(rayleigh_gen)
       60    0.000    0.000    0.000    0.000 polyoptions.py:549(preprocess)
        1    0.000    0.000    0.000    0.000 single.py:42(SingleODEProblem)
        2    0.000    0.000    0.000    0.000 {method 'newbyteorder' of 'numpy.generic' objects}
        1    0.000    0.000    0.000    0.000 tokenize.py:352(detect_encoding)
        1    0.000    0.000    0.000    0.000 _trustregion.py:1(<module>)
       25    0.000    0.000    0.000    0.000 ipaddress.py:415(_check_int_address)
       17    0.000    0.000    0.000    0.000 _multivariate.py:216(__init__)
        1    0.000    0.000    0.000    0.000 _print_helpers.py:1(<module>)
       52    0.000    0.000    0.000    0.000 weakref.py:414(__getitem__)
      4/2    0.000    0.000    0.000    0.000 _aliases.py:594(isdtype)
        3    0.000    0.000    0.000    0.000 _distribution_infrastructure.py:2345(mode)
        1    0.000    0.000    0.000    0.000 approximation.py:1(<module>)
       10    0.000    0.000    0.000    0.000 mul.py:782(as_two_terms)
        1    0.000    0.000    0.000    0.000 tensor.py:95(_IndexStructure)
        1    0.000    0.000    0.000    0.000 modular.py:1(<module>)
       43    0.000    0.000    0.000    0.000 _compat_pickle.py:165(<genexpr>)
        1    0.000    0.000    0.000    0.000 _qap.py:1(<module>)
       24    0.000    0.000    0.000    0.000 {built-in method numpy.core._multiarray_umath.dragon4_positional}
        1    0.000    0.000    0.000    0.000 _continuous_distns.py:6804(lognorm_gen)
        1    0.000    0.000    0.000    0.000 timeutils.py:37(__do_timings)
        1    0.000    0.000    0.000    0.000 generate.py:56(__init__)
        1    0.000    0.000    0.000    0.000 _array_api_compat_vendor.py:1(<module>)
      114    0.000    0.000    0.000    0.000 dataclasses.py:691(_is_initvar)
        1    0.000    0.000    0.000    0.000 common.py:1233(MatrixProperties)
        1    0.000    0.000    0.000    0.000 perm_groups.py:26(PermutationGroup)
        1    0.000    0.000    0.000    0.000 structure_transformer.py:18(__init__)
        1    0.000    0.000    0.000    0.000 _spfun_stats.py:1(<module>)
        1    0.000    0.000    0.000    0.000 _continuous_distns.py:8577(powerlaw_gen)
        1    0.000    0.000    0.000    0.000 densearith.py:1(<module>)
        1    0.000    0.000    0.000    0.000 frv.py:482(ProductFinitePSpace)
        1    0.000    0.000    0.000    0.000 solv_loop_synthesizer.py:1(<module>)
        1    0.000    0.000    0.000    0.000 polyclasses.py:1535(ANP)
        1    0.000    0.000    0.000    0.000 diff_rec_builder.py:11(DiffRecBuilder)
      208    0.000    0.000    0.000    0.000 multiarray.py:503(can_cast)
        1    0.000    0.000    0.000    0.000 __init__.py:1790(isEnabledFor)
        5    0.000    0.000    0.000    0.000 pythonmpq.py:170(__lt__)
        1    0.000    0.000    0.000    0.000 _iotools.py:229(NameValidator)
        1    0.000    0.000    0.000    0.000 random.py:291(randrange)
        3    0.000    0.000    0.000    0.000 parser_frontends.py:130(make_lexer)
        1    0.000    0.000    0.000    0.000 ctx_iv.py:38(ivmpf)
        7    0.000    0.000    0.000    0.000 rootoftools.py:99(__contains__)
        8    0.000    0.000    0.000    0.000 typing.py:2285(_strip_annotations)
        1    0.000    0.000    0.000    0.000 precedence.py:1(<module>)
       43    0.000    0.000    0.000    0.000 dispatcher.py:120(register)
        1    0.000    0.000    0.000    0.000 facts.py:95(deduce_alpha_implications)
        1    0.000    0.000    0.000    0.000 _new_distributions.py:370(Binomial)
        5    0.000    0.000    0.000    0.000 <frozen _collections_abc>:288(__subclasshook__)
        2    0.000    0.000    0.000    0.000 mpelements.py:94(_make_tol)
       51    0.000    0.000    0.000    0.000 decorators.py:72(call_highest_priority)
        2    0.000    0.000    0.000    0.000 conditions_reducer.py:25(_reduce_conditions)
      147    0.000    0.000    0.000    0.000 <frozen _collections_abc>:511(_is_param_expr)
        1    0.000    0.000    0.000    0.000 matrices.py:9(_matrix)
        1    0.000    0.000    0.000    0.000 _binomtest.py:1(<module>)
        2    0.000    0.000    0.000    0.000 {built-in method posix.putenv}
      148    0.000    0.000    0.000    0.000 dataclasses.py:432(<genexpr>)
       65    0.000    0.000    0.000    0.000 lexer.py:25(__eq__)
       10    0.000    0.000    0.000    0.000 pretty_symbology.py:176(<lambda>)
        1    0.000    0.000    0.000    0.000 _continuous_distns.py:9342(irwinhall_gen)
        1    0.000    0.000    0.000    0.000 point.py:42(Point)
        2    0.000    0.000    0.000    0.000 __init__.py:262(_register_at_fork_reinit_lock)
        1    0.000    0.000    0.000    0.000 sre_constants.py:1(<module>)
        8    0.000    0.000    0.000    0.000 load_grammar.py:500(maybe)
       38    0.000    0.000    0.000    0.000 {built-in method _ctypes.sizeof}
        9    0.000    0.000    0.000    0.000 _basic.py:3032(<genexpr>)
       27    0.000    0.000    0.000    0.000 <frozen importlib._bootstrap_external>:1339(_find_parent_path_names)
        4    0.000    0.000    0.000    0.000 {built-in method numpy.arange}
      222    0.000    0.000    0.000    0.000 expr.py:977(_eval_power)
        8    0.000    0.000    0.000    0.000 pythonmpq.py:324(__rtruediv__)
      118    0.000    0.000    0.000    0.000 exprtools.py:142(<genexpr>)
      190    0.000    0.000    0.000    0.000 load_grammar.py:832(<lambda>)
        1    0.000    0.000    0.000    0.000 _distribution_infrastructure.py:4810(OrderStatisticDistribution)
        1    0.000    0.000    0.000    0.000 _censored_data.py:1(<module>)
        1    0.000    0.000    0.000    0.000 ipaddress.py:1139(_BaseV4)
        1    0.000    0.000    0.000    0.000 typing.py:643(ClassVar)
      220    0.000    0.000    0.000    0.000 load_grammar.py:506(value)
       35    0.000    0.000    0.000    0.000 order.py:390(<genexpr>)
       13    0.000    0.000    0.000    0.000 _dtype_ctypes.py:71(_from_ctypes_scalar)
        1    0.000    0.000    0.000    0.000 octave.py:65(OctaveCodePrinter)
        1    0.000    0.000    0.000    0.000 deprecation.py:1(<module>)
        1    0.000    0.000    0.000    0.000 expectation_map.py:19(ExpectationMapBuilder)
        1    0.000    0.000    0.000    0.000 _interpolate.py:434(fill_value)
        1    0.000    0.000    0.000    0.000 _continuous_distns.py:9664(skewnorm_gen)
        1    0.000    0.000    0.000    0.000 goal_parser.py:1(<module>)
        2    0.000    0.000    0.000    0.000 _distribution_infrastructure.py:513(__str__)
        2    0.000    0.000    0.000    0.000 _distribution_infrastructure.py:3605(_pmf_formula)
        1    0.000    0.000    0.000    0.000 common.py:784(MatrixSpecial)
        1    0.000    0.000    0.000    0.000 array_comprehension.py:10(ArrayComprehension)
       40    0.000    0.000    0.000    0.000 singledispatchmethod.py:76(__isabstractmethod__)
        2    0.000    0.000    0.000    0.000 cache.py:123(_getenv)
       20    0.000    0.000    0.000    0.000 factor_.py:280(<genexpr>)
       10    0.000    0.000    0.000    0.000 pretty_symbology.py:172(<lambda>)
        3    0.000    0.000    0.000    0.000 numeric.py:67(zeros_like)
        1    0.000    0.000    0.000    0.000 indexed.py:124(Indexed)
       21    0.000    0.000    0.000    0.000 _distn_infrastructure.py:3308(__new__)
       14    0.000    0.000    0.000    0.000 libelefun.py:85(constant_memo)
        1    0.000    0.000    0.000    0.000 _dcsrch.py:1(<module>)
        1    0.000    0.000    0.000    0.000 _basic_backend.py:1(<module>)
       70    0.000    0.000    0.000    0.000 expectation_map.py:26(<genexpr>)
      105    0.000    0.000    0.000    0.000 <frozen importlib._bootstrap_external>:1276(__init__)
        7    0.000    0.000    0.000    0.000 fractions.py:533(_operator_fallbacks)
        1    0.000    0.000    0.000    0.000 matadd.py:19(MatAdd)
       11    0.000    0.000    0.000    0.000 eigen.py:41(defun)
       10    0.000    0.000    0.000    0.000 typing.py:1070(<genexpr>)
       66    0.000    0.000    0.000    0.000 poly_assignment.py:46(is_reference)
        1    0.000    0.000    0.000    0.000 realtransforms.py:1(<module>)
        5    0.000    0.000    0.000    0.000 perm_groups.py:149(__init__)
       16    0.000    0.000    0.000    0.000 euclidtools.py:1129(_dup_zz_gcd_interpolate)
        7    0.000    0.000    0.000    0.000 <frozen posixpath>:60(isabs)
       48    0.000    0.000    0.000    0.000 {built-in method math.ceil}
        4    0.000    0.000    0.000    0.000 simplify.py:973(logcombine)
      148    0.000    0.000    0.000    0.000 dataclasses.py:1142(<genexpr>)
        1    0.000    0.000    0.000    0.000 _rbf.py:1(<module>)
        4    0.000    0.000    0.000    0.000 libmpf.py:631(mpf_le)
       16    0.000    0.000    0.000    0.000 iterables.py:429(subsets)
        1    0.000    0.000    0.000    0.000 dogbox.py:1(<module>)
        1    0.000    0.000    0.000    0.000 numbers.py:4039(Pi)
        1    0.000    0.000    0.000    0.000 canonical_constraint.py:1(<module>)
      102    0.000    0.000    0.000    0.000 <frozen _collections_abc>:435(__subclasshook__)
        1    0.000    0.000    0.000    0.000 indexed.py:365(IndexedBase)
        1    0.000    0.000    0.000    0.000 _continuous_distns.py:3971(genhyperbolic_gen)
       28    0.000    0.000    0.000    0.000 numerictypes.py:283(issubclass_)
       25    0.000    0.000    0.000    0.000 dataclasses.py:349(__set_name__)
        8    0.000    0.000    0.000    0.000 decorator.py:126(doctest_depends_on)
       88    0.000    0.000    0.000    0.000 numbers.py:1278(__bool__)
        1    0.000    0.000    0.000    0.000 polyclasses.py:1090(DMF)
        1    0.000    0.000    0.000    0.000 bessel.py:1149(hn2)
       10    0.000    0.000    0.000    0.000 common.py:3193(classof)
       27    0.000    0.000    0.000    0.000 complexes.py:133(_eval_is_finite)
        1    0.000    0.000    0.000    0.000 _gauss_legendre.py:1(<module>)
        2    0.000    0.000    0.000    0.000 {built-in method posix.uname}
        4    0.000    0.000    0.000    0.000 __init__.py:517(cast)
       16    0.000    0.000    0.000    0.000 functools.py:965(__init__)
       16    0.000    0.000    0.000    0.000 densebasic.py:369(dup_reverse)
        1    0.000    0.000    0.000    0.000 printing.py:1(<module>)
        6    0.000    0.000    0.000    0.000 add.py:627(<genexpr>)
        3    0.000    0.000    0.000    0.000 _distribution_infrastructure.py:3028(_sample_dispatch)
        2    0.000    0.000    0.000    0.000 normal.py:63(get_support)
       31    0.000    0.000    0.000    0.000 <frozen importlib._bootstrap>:1285(_sanity_check)
        1    0.000    0.000    0.000    0.000 normal.py:12(Normal)
        1    0.000    0.000    0.000    0.000 numbers.py:3848(_eval_evalf)
        1    0.000    0.000    0.000    0.000 xearley.py:1(<module>)
        1    0.000    0.000    0.000    0.000 _dok.py:589(dok_matrix)
        3    0.000    0.000    0.000    0.000 arrayprint.py:64(_make_options_dict)
       10    0.000    0.000    0.000    0.000 domainmatrix.py:553(_unify_fmt)
        5    0.000    0.000    0.000    0.000 <frozen posixpath>:179(dirname)
       10    0.000    0.000    0.000    0.000 gaussiandomains.py:25(new)
        7    0.000    0.000    0.000    0.000 _aliases.py:447(reshape)
        1    0.000    0.000    0.000    0.000 experimental_lambdify.py:204(Lambdifier)
        1    0.000    0.000    0.000    0.000 tensor.py:413(_TensorDataLazyEvaluator)
        1    0.000    0.000    0.000    0.000 getlimits.py:612(tiny)
       16    0.000    0.000    0.000    0.000 doccer.py:126(_doc)
       12    0.000    0.000    0.000    0.000 _distribution_infrastructure.py:3600(_overrides)
       23    0.000    0.000    0.000    0.000 overrides.py:173(array_function_from_dispatcher)
        1    0.000    0.000    0.000    0.000 __init__.py:442(LibraryLoader)
        1    0.000    0.000    0.000    0.000 solvability_checker.py:13(SolvabilityChecker)
        1    0.000    0.000    0.000    0.000 {method 'sum' of 'numpy.ndarray' objects}
        1    0.000    0.000    0.000    0.000 tempfile.py:999(TemporaryDirectory)
      3/1    0.000    0.000    0.000    0.000 libelefun.py:211(bs_chudnovsky)
        7    0.000    0.000    0.000    0.000 core.py:2544(_arraymethod)
        1    0.000    0.000    0.000    0.000 value_node.py:8(ValueNode)
       44    0.000    0.000    0.000    0.000 power.py:1165(<lambda>)
       18    0.000    0.000    0.000    0.000 typing.py:1542(<genexpr>)
        1    0.000    0.000    0.000    0.000 _internal.py:249(_ctypes)
        4    0.000    0.000    0.000    0.000 libmpf.py:1313(from_str)
        2    0.000    0.000    0.000    0.000 ctx_mp_python.py:145(__float__)
       10    0.000    0.000    0.000    0.000 rings.py:312(one)
        3    0.000    0.000    0.000    0.000 lexer.py:444(__init__)
        4    0.000    0.000    0.000    0.000 _pep440.py:437(_cmpkey)
        1    0.000    0.000    0.000    0.000 sets.py:980(Interval)
       80    0.000    0.000    0.000    0.000 numbers.py:1275(_eval_is_zero)
       14    0.000    0.000    0.000    0.000 dispatcher.py:113(__init__)
       35    0.000    0.000    0.000    0.000 rec_builder_context.py:44(var_has_triggers_in_expr)
       10    0.000    0.000    0.000    0.000 rec_builder.py:96(_get_last_assign_index)
        1    0.000    0.000    0.000    0.000 limitseq.py:1(<module>)
        1    0.000    0.000    0.000    0.000 pythonmpq.py:46(PythonMPQ)
       12    0.000    0.000    0.000    0.000 expr.py:1229(getn)
        1    0.000    0.000    0.000    0.000 pythonrationalfield.py:9(PythonRationalField)
        1    0.000    0.000    0.000    0.000 ndim_array.py:86(NDimArray)
        3    0.000    0.000    0.000    0.000 factorials.py:137(eval)
        3    0.000    0.000    0.000    0.000 _codata.py:478(exact2006)
        1    0.000    0.000    0.000    0.000 parse_tree_builder.py:24(PropagatePositions)
        1    0.000    0.000    0.000    0.000 tr_interior_point.py:1(<module>)
       32    0.000    0.000    0.000    0.000 arraypad.py:109(<genexpr>)
        1    0.000    0.000    0.000    0.000 numbers.py:172(Real)
        5    0.000    0.000    0.000    0.000 uniform.py:28(get_free_symbols)
        2    0.000    0.000    0.000    0.000 order.py:339(free_symbols)
      110    0.000    0.000    0.000    0.000 numbers.py:3424(_as_mpf_val)
        1    0.000    0.000    0.000    0.000 platform.py:842(uname_result)
        6    0.000    0.000    0.000    0.000 numeric.py:274(full)
        1    0.000    0.000    0.000    0.000 quantities.py:12(Quantity)
        1    0.000    0.000    0.000    0.000 _continuous_distns.py:10436(truncpareto_gen)
        1    0.000    0.000    0.000    0.000 bvls.py:1(<module>)
        2    0.000    0.000    0.000    0.000 matexpr.py:80(__new__)
       47    0.000    0.000    0.000    0.000 <frozen _collections_abc>:341(__subclasshook__)
        1    0.000    0.000    0.000    0.000 stringpict.py:18(stringPict)
        1    0.000    0.000    0.000    0.000 _distribution_infrastructure.py:3040(_sample_inverse_transform)
        2    0.000    0.000    0.000    0.000 _distribution_infrastructure.py:3643(_pxf_dispatch)
       21    0.000    0.000    0.000    0.000 _codata.py:2127(value)
        4    0.000    0.000    0.000    0.000 program.py:59(is_dependent_vars)
      137    0.000    0.000    0.000    0.000 grammar.py:34(__init__)
       23    0.000    0.000    0.000    0.000 {method 'astype' of 'numpy.ndarray' objects}
        1    0.000    0.000    0.000    0.000 ctx_mp_python.py:359(_mpc)
        1    0.000    0.000    0.000    0.000 gosper.py:1(<module>)
       21    0.000    0.000    0.000    0.000 {method 'reshape' of 'numpy.ndarray' objects}
        1    0.000    0.000    0.000    0.000 sympy_parser.py:1105(EvaluateFalseTransformer)
       17    0.000    0.000    0.000    0.000 lexer.py:192(__call__)
        6    0.000    0.000    0.000    0.000 _distribution_infrastructure.py:1689(<lambda>)
      114    0.000    0.000    0.000    0.000 dataclasses.py:697(_is_kw_only)
        2    0.000    0.000    0.000    0.000 kind.py:266(register)
        2    0.000    0.000    0.000    0.000 core.py:2952(_update_from)
       10    0.000    0.000    0.000    0.000 common.py:3152(_matrixify)
        8    0.000    0.000    0.000    0.000 _nonlin.py:119(_set_doc)
       18    0.000    0.000    0.000    0.000 _distribution_infrastructure.py:2149(_overrides)
        8    0.000    0.000    0.000    0.000 rv.py:1583(__getattr__)
       13    0.000    0.000    0.000    0.000 numbers.py:3094(_eval_power)
        3    0.000    0.000    0.000    0.000 blas.py:270(find_best_blas_type)
        1    0.000    0.000    0.000    0.000 repr.py:18(ReprPrinter)
        1    0.000    0.000    0.000    0.000 finite_diff.py:1(<module>)
       15    0.000    0.000    0.000    0.000 decorator.py:242(deprecated)
        8    0.000    0.000    0.000    0.000 enum.py:986(_find_data_repr_)
        1    0.000    0.000    0.000    0.000 _continuous_distns.py:3548(gamma_gen)
      120    0.000    0.000    0.000    0.000 unitsystem.py:75(get_dimension_system)
        1    0.000    0.000    0.000    0.000 minres.py:1(<module>)
        1    0.000    0.000    0.000    0.000 sqfreetools.py:1(<module>)
        1    0.000    0.000    0.000    0.000 cyclic_solver.py:13(CyclicSolver)
        5    0.000    0.000    0.000    0.000 rootisolation.py:203(_mobius_from_interval)
        1    0.000    0.000    0.000    0.000 fromnumeric.py:95(take)
        1    0.000    0.000    0.000    0.000 _realtransforms_backend.py:1(<module>)
        1    0.000    0.000    0.000    0.000 repmatrix.py:20(RepMatrix)
        2    0.000    0.000    0.000    0.000 core.py:6744(__init__)
        1    0.000    0.000    0.000    0.000 _distr_params.py:1(<module>)
        1    0.000    0.000    0.000    0.000 numbers.py:319(Integral)
      163    0.000    0.000    0.000    0.000 parse_tree_builder.py:157(<genexpr>)
        1    0.000    0.000    0.000    0.000 truncated_normal.py:12(TruncNormal)
        1    0.000    0.000    0.000    0.000 qfunctions.py:1(<module>)
        2    0.000    0.000    0.000    0.000 {method 'read' of '_io.TextIOWrapper' objects}
        1    0.000    0.000    0.000    0.000 _continuous_distns.py:2700(weibull_min_gen)
        4    0.000    0.000    0.000    0.000 pretty_symbology.py:233(<lambda>)
        1    0.000    0.000    0.000    0.000 decorator.py:79(conserve_mpmath_dps)
       21    0.000    0.000    0.000    0.000 numbers.py:1235(_as_mpf_op)
       60    0.000    0.000    0.000    0.000 <string>:1(monomial_gcd)
       38    0.000    0.000    0.000    0.000 <frozen posixpath>:41(_get_sep)
        1    0.000    0.000    0.000    0.000 julia.py:48(JuliaCodePrinter)
        1    0.000    0.000    0.000    0.000 sysconfig.py:248(is_python_build)
       46    0.000    0.000    0.000    0.000 power.py:1085(<lambda>)
        3    0.000    0.000    0.000    0.000 symbol.py:590(matches)
        1    0.000    0.000    0.000    0.000 _continuous_distns.py:9165(reciprocal_gen)
        1    0.000    0.000    0.000    0.000 ipaddress.py:2147(IPv6Interface)
        6    0.000    0.000    0.000    0.000 copyreg.py:12(pickle)
       11    0.000    0.000    0.000    0.000 densetools.py:826(dup_mirror)
        1    0.000    0.000    0.000    0.000 numbers.py:1472(andre)
       73    0.000    0.000    0.000    0.000 numbers.py:3263(__abs__)
        1    0.000    0.000    0.000    0.000 gaussiandomains.py:14(GaussianElement)
        1    0.000    0.000    0.000    0.000 miscellaneous.py:379(MinMaxBase)
        1    0.000    0.000    0.000    0.000 random.py:110(Random)
        2    0.000    0.000    0.000    0.000 operations.py:594(__init__)
        1    0.000    0.000    0.000    0.000 _continuous_distns.py:3761(erlang_gen)
        1    0.000    0.000    0.000    0.000 _continuous_distns.py:4262(gumbel_r_gen)
        1    0.000    0.000    0.000    0.000 decompogen.py:1(<module>)
        1    0.000    0.000    0.000    0.000 bessel.py:1093(hn1)
        3    0.000    0.000    0.000    0.000 enum.py:1394(_iter_member_by_value_)
        1    0.000    0.000    0.000    0.000 _ufunc_config.py:441(_setdef)
        1    0.000    0.000    0.000    0.000 _continuous_distns.py:4394(gumbel_l_gen)
        1    0.000    0.000    0.000    0.000 conditionset.py:19(ConditionSet)
      122    0.000    0.000    0.000    0.000 load_grammar.py:467(pattern)
        1    0.000    0.000    0.000    0.000 theta.py:1(<module>)
        4    0.000    0.000    0.000    0.000 shape_base.py:23(atleast_1d)
        4    0.000    0.000    0.000    0.000 kind.py:75(__new__)
       62    0.000    0.000    0.000    0.000 _bunch.py:128(<genexpr>)
       26    0.000    0.000    0.000    0.000 enum.py:1292(value)
        1    0.000    0.000    0.000    0.000 products.py:17(Product)
      174    0.000    0.000    0.000    0.000 _docscrape.py:724(_is_show_member)
      257    0.000    0.000    0.000    0.000 hmac.py:19(<genexpr>)
        1    0.000    0.000    0.000    0.000 getlimits.py:589(smallest_normal)
        6    0.000    0.000    0.000    0.000 ctx_mp_python.py:82(mpf_convert_arg)
        1    0.000    0.000    0.000    0.000 _gcrotmk.py:1(<module>)
        1    0.000    0.000    0.000    0.000 lark.py:138(__init__)
        3    0.000    0.000    0.000    0.000 _new_distributions.py:394(_pmf_formula)
       74    0.000    0.000    0.000    0.000 {built-in method numpy.geterrobj}
        1    0.000    0.000    0.000    0.000 trigonometric.py:1561(ReciprocalTrigonometricFunction)
       80    0.000    0.000    0.000    0.000 dimensions.py:187(name)
        1    0.000    0.000    0.000    0.000 _continuous_distns.py:4568(halflogistic_gen)
       18    0.000    0.000    0.000    0.000 {built-in method _codecs.utf_8_decode}
       10    0.000    0.000    0.000    0.000 inspect.py:1458(repl)
        1    0.000    0.000    0.000    0.000 _compressed.py:25(_cs_matrix)
        1    0.000    0.000    0.000    0.000 _continuous_distns.py:6458(logistic_gen)
        1    0.000    0.000    0.000    0.000 ellipse.py:40(Ellipse)
        1    0.000    0.000    0.000    0.000 modularinteger.py:14(ModularInteger)
        6    0.000    0.000    0.000    0.000 _distribution_infrastructure.py:1713(_identify_parameterization)
       99    0.000    0.000    0.000    0.000 lalr_parser.py:61(position)
        1    0.000    0.000    0.000    0.000 ipaddress.py:1420(IPv4Interface)
        1    0.000    0.000    0.000    0.000 numbers.py:4095(_as_mpf_val)
        5    0.000    0.000    0.000    0.000 pretty_symbology.py:171(<lambda>)
        1    0.000    0.000    0.000    0.000 formal.py:974(FormalPowerSeries)
        1    0.000    0.000    0.000    0.000 ctx_mp_python.py:583(PythonMPContext)
        1    0.000    0.000    0.000    0.000 dispatcher.py:89(Dispatcher)
        1    0.000    0.000    0.000    0.000 _milp.py:1(<module>)
       24    0.000    0.000    0.000    0.000 helpers.py:16(<lambda>)
        1    0.000    0.000    0.000    0.000 _trustregion_ncg.py:1(<module>)
        1    0.000    0.000    0.000    0.000 bound_store.py:18(BoundStore)
        2    0.000    0.000    0.000    0.000 _new_distributions.py:70(_icdf_formula)
        3    0.000    0.000    0.000    0.000 exponential.py:435(_eval_subs)
       32    0.000    0.000    0.000    0.000 decorators.py:184(sympify_return)
        1    0.000    0.000    0.000    0.000 _continuous_distns.py:8157(pareto_gen)
        1    0.000    0.000    0.000    0.000 sparse.py:21(SparseRepMatrix)
        1    0.000    0.000    0.000    0.000 polygon.py:28(Polygon)
        1    0.000    0.000    0.000    0.000 binrel.py:15(BinaryRelation)
       80    0.000    0.000    0.000    0.000 sympy_parser.py:677(<genexpr>)
       15    0.000    0.000    0.000    0.000 math2.py:27(_mathfun_real)
        1    0.000    0.000    0.000    0.000 tensor.py:1681(TensorHead)
        1    0.000    0.000    0.000    0.000 _coo.py:26(_coo_base)
        5    0.000    0.000    0.000    0.000 pretty_symbology.py:177(<lambda>)
        1    0.000    0.000    0.000    0.000 groebnertools.py:1(<module>)
      257    0.000    0.000    0.000    0.000 hmac.py:20(<genexpr>)
       78    0.000    0.000    0.000    0.000 signal.py:16(<lambda>)
       15    0.000    0.000    0.000    0.000 numbers.py:2132(ceiling)
        2    0.000    0.000    0.000    0.000 _helpers.py:310(is_numpy_namespace)
        1    0.000    0.000    0.000    0.000 numpy.py:34(NumPyPrinter)
        1    0.000    0.000    0.000    0.000 frv_types.py:128(DiscreteUniformDistribution)
        1    0.000    0.000    0.000    0.000 _new_distributions.py:125(StandardNormal)
        1    0.000    0.000    0.000    0.000 arithmetic_transformer.py:1(<module>)
        1    0.000    0.000    0.000    0.000 pydoc.py:590(HTMLDoc)
       18    0.000    0.000    0.000    0.000 {method 'removeprefix' of 'str' objects}
        1    0.000    0.000    0.000    0.000 _continuous_distns.py:6697(loglaplace_gen)
        1    0.000    0.000    0.000    0.000 frv_types.py:388(BinomialDistribution)
        2    0.000    0.000    0.000    0.000 __init__.py:1497(__init__)
        1    0.000    0.000    0.000    0.000 _backend.py:51(set_global_backend)
        3    0.000    0.000    0.000    0.000 lexer.py:278(make_lexer_state)
        1    0.000    0.000    0.000    0.000 dot.py:1(<module>)
        1    0.000    0.000    0.000    0.000 discrete_uniform.py:11(DiscreteUniform)
       48    0.000    0.000    0.000    0.000 polyclasses.py:576(<genexpr>)
        3    0.000    0.000    0.000    0.000 __init__.py:290(__getattr__)
        1    0.000    0.000    0.000    0.000 _new_distributions.py:355(_Gamma)
       15    0.000    0.000    0.000    0.000 {method 'item' of 'numpy.generic' objects}
        1    0.000    0.000    0.000    0.000 _continuous_distns.py:4475(halfcauchy_gen)
       12    0.000    0.000    0.000    0.000 arrayprint.py:739(_extendLine)
        1    0.000    0.000    0.000    0.000 singularities.py:1(<module>)
        1    0.000    0.000    0.000    0.000 mathematica.py:123(MCodePrinter)
        1    0.000    0.000    0.000    0.000 polytools.py:7036(GroebnerBasis)
       72    0.000    0.000    0.000    0.000 grammar.py:52(__init__)
        1    0.000    0.000    0.000    0.000 _continuous_distns.py:4097(<lambda>)
        3    0.000    0.000    0.000    0.000 <frozen codecs>:309(__init__)
        1    0.000    0.000    0.000    0.000 _finite_differences.py:1(<module>)
        1    0.000    0.000    0.000    0.000 _continuous_distns.py:4697(halfnorm_gen)
        6    0.000    0.000    0.000    0.000 getlimits.py:709(max)
        1    0.000    0.000    0.000    0.000 numpy.py:317(SciPyPrinter)
       41    0.000    0.000    0.000    0.000 enum.py:241(__set_name__)
       15    0.000    0.000    0.000    0.000 expr.py:3996(_eval_is_meromorphic)
       52    0.000    0.000    0.000    0.000 {method 'discard' of 'set' objects}
        1    0.000    0.000    0.000    0.000 common.py:1923(MatrixOperations)
       45    0.000    0.000    0.000    0.000 ctx_iv.py:394(<lambda>)
        1    0.000    0.000    0.000    0.000 and_cond.py:13(simplify)
        6    0.000    0.000    0.000    0.000 libmpf.py:641(mpf_ge)
        6    0.000    0.000    0.000    0.000 <frozen importlib._bootstrap_external>:1376(__len__)
       12    0.000    0.000    0.000    0.000 logic.py:174(fuzzy_or)
        5    0.000    0.000    0.000    0.000 dimensions.py:253(__rmul__)
       79    0.000    0.000    0.000    0.000 signal.py:21(<lambda>)
        1    0.000    0.000    0.000    0.000 pythonrational.py:1(<module>)
        1    0.000    0.000    0.000    0.000 frv_types.py:675(IdealSolitonDistribution)
        1    0.000    0.000    0.000    0.000 _laplacian.py:1(<module>)
       85    0.000    0.000    0.000    0.000 lexer.py:213(<lambda>)
        9    0.000    0.000    0.000    0.000 _distribution_infrastructure.py:3622(_overrides)
        1    0.000    0.000    0.000    0.000 modules.py:840(Submodule)
        1    0.000    0.000    0.000    0.000 legendre.py:1619(Legendre)
        1    0.000    0.000    0.000    0.000 hyper.py:76(hyper)
        3    0.000    0.000    0.000    0.000 inspect.py:1764(currentframe)
       26    0.000    0.000    0.000    0.000 typing.py:2867(<genexpr>)
        1    0.000    0.000    0.000    0.000 fourier.py:124(FourierSeries)
        1    0.000    0.000    0.000    0.000 common.py:88(MatrixShaping)
        1    0.000    0.000    0.000    0.000 _stats_py.py:9096(QuantileTestResult)
       18    0.000    0.000    0.000    0.000 inspect.py:303(ismethoddescriptor)
        1    0.000    0.000    0.000    0.000 {method 'take' of 'numpy.ndarray' objects}
        2    0.000    0.000    0.000    0.000 _aliases.py:612(<genexpr>)
        1    0.000    0.000    0.000    0.000 rust.py:219(RustCodePrinter)
        1    0.000    0.000    0.000    0.000 primetest.py:1(<module>)
       63    0.000    0.000    0.000    0.000 enum.py:1185(__init__)
      100    0.000    0.000    0.000    0.000 permutations.py:2077(<genexpr>)
       19    0.000    0.000    0.000    0.000 {method 'round' of 'numpy.ndarray' objects}
        1    0.000    0.000    0.000    0.000 entity.py:71(GeometryEntity)
      151    0.000    0.000    0.000    0.000 grammar_analysis.py:132(<lambda>)
        3    0.000    0.000    0.000    0.000 <frozen _collections_abc>:549(__subclasshook__)
        1    0.000    0.000    0.000    0.000 wrapper.py:63(AssumptionsWrapper)
        1    0.000    0.000    0.000    0.000 lark.py:192(Lark)
        6    0.000    0.000    0.000    0.000 signal.py:51(decorator)
        1    0.000    0.000    0.000    0.000 <frozen os>:1087(__subclasshook__)
       15    0.000    0.000    0.000    0.000 functools.py:979(__get__)
        1    0.000    0.000    0.000    0.000 matexpr.py:738(_LeftRightArgs)
        1    0.000    0.000    0.000    0.000 ordinals.py:273(__new__)
        1    0.000    0.000    0.000    0.000 uniform.py:10(Uniform)
        1    0.000    0.000    0.000    0.000 line.py:50(LinearEntity)
      151    0.000    0.000    0.000    0.000 grammar_analysis.py:155(<lambda>)
        1    0.000    0.000    0.000    0.000 lambdarepr.py:75(NumExprPrinter)
       11    0.000    0.000    0.000    0.000 ctx_iv.py:293(__new__)
        1    0.000    0.000    0.000    0.000 rootoftools.py:1045(RootSum)
        1    0.000    0.000    0.000    0.000 load_grammar.py:307(PrepareAnonTerminals)
        1    0.000    0.000    0.000    0.000 numbers.py:55(carmichael)
        1    0.000    0.000    0.000    0.000 ctx_iv.py:145(__neg__)
        1    0.000    0.000    0.000    0.000 rcode.py:78(RCodePrinter)
       28    0.000    0.000    0.000    0.000 visitors.py:77(__init__)
        1    0.000    0.000    0.000    0.000 {method 'count' of 'list' objects}
        1    0.000    0.000    0.000    0.000 special.py:181(__new__)
       58    0.000    0.000    0.000    0.000 radsimp.py:176(<lambda>)
       16    0.000    0.000    0.000    0.000 _dtype.py:24(_kind_name)
        3    0.000    0.000    0.000    0.000 fromnumeric.py:2836(min)
        1    0.000    0.000    0.000    0.000 glsl.py:30(GLSLPrinter)
        1    0.000    0.000    0.000    0.000 _common.py:21(package_to_anchor)
        1    0.000    0.000    0.000    0.000 algebraicfield.py:14(AlgebraicField)
       12    0.000    0.000    0.000    0.000 generate.py:89(extend)
        1    0.000    0.000    0.000    0.000 complexes.py:142(im)
        1    0.000    0.000    0.000    0.000 tensor_functions.py:90(KroneckerDelta)
        3    0.000    0.000    0.000    0.000 _array_api.py:485(xp_ravel)
        1    0.000    0.000    0.000    0.000 tensor.py:1378(TensorSymmetry)
       15    0.000    0.000    0.000    0.000 complexes.py:247(_eval_is_algebraic)
       17    0.000    0.000    0.000    0.000 ctx_fp.py:28(<lambda>)
        1    0.000    0.000    0.000    0.000 polygon.py:2045(Triangle)
        1    0.000    0.000    0.000    0.000 integers.py:22(RoundFunction)
        1    0.000    0.000    0.000    0.000 complexes.py:446(Abs)
       22    0.000    0.000    0.000    0.000 dist_assignment.py:99(_contains_dependent_funcs)
        1    0.000    0.000    0.000    0.000 special_polys.py:1(<module>)
        1    0.000    0.000    0.000    0.000 _quantile.py:1(<module>)
        1    0.000    0.000    0.000    0.000 complexes.py:265(sign)
        2    0.000    0.000    0.000    0.000 __init__.py:892(_addHandlerRef)
        1    0.000    0.000    0.000    0.000 ordinals.py:56(Ordinal)
        4    0.000    0.000    0.000    0.000 {built-in method posix.urandom}
        5    0.000    0.000    0.000    0.000 <frozen _collections_abc>:523(_type_repr)
        1    0.000    0.000    0.000    0.000 modules.py:1280(ModuleElement)
        1    0.000    0.000    0.000    0.000 matrices.py:370(MatrixEigen)
        1    0.000    0.000    0.000    0.000 signals.py:1(<module>)
        1    0.000    0.000    0.000    0.000 stringpict.py:355(prettyForm)
        1    0.000    0.000    0.000    0.000 factorials.py:35(factorial)
        5    0.000    0.000    0.000    0.000 pretty_symbology.py:173(<lambda>)
        1    0.000    0.000    0.000    0.000 sets.py:1264(Union)
        1    0.000    0.000    0.000    0.000 cnf.py:273(CNF)
        1    0.000    0.000    0.000    0.000 relational.py:59(Relational)
       15    0.000    0.000    0.000    0.000 libelefun.py:106(def_mpf_constant)
       16    0.000    0.000    0.000    0.000 _add_newdocs_scalars.py:79(<genexpr>)
        2    0.000    0.000    0.000    0.000 ctx_mp_python.py:143(__int__)
       61    0.000    0.000    0.000    0.000 stride_tricks.py:542(<genexpr>)
        2    0.000    0.000    0.000    0.000 _new_distributions.py:165(_icdf_formula)
        4    0.000    0.000    0.000    0.000 random.py:494(uniform)
        1    0.000    0.000    0.000    0.000 integerring.py:19(IntegerRing)
        1    0.000    0.000    0.000    0.000 assume.py:224(Predicate)
        1    0.000    0.000    0.000    0.000 random_matrix_models.py:40(RandomMatrixEnsembleModel)
        4    0.000    0.000    0.000    0.000 function_base.py:1804(trim_zeros)
        1    0.000    0.000    0.000    0.000 bz2.py:26(BZ2File)
        8    0.000    0.000    0.000    0.000 __init__.py:234(_acquireLock)
        3    0.000    0.000    0.000    0.000 symbol.py:586(_hashable_content)
        1    0.000    0.000    0.000    0.000 polynomialring.py:10(PolynomialRing)
        1    0.000    0.000    0.000    0.000 gamma.py:11(Gamma)
        1    0.000    0.000    0.000    0.000 function.py:2072(Subs)
        2    0.000    0.000    0.000    0.000 typing.py:1393(__repr__)
        1    0.000    0.000    0.000    0.000 ideals.py:282(ModuleImplementedIdeal)
        3    0.000    0.000    0.000    0.000 complexes.py:839(eval)
        1    0.000    0.000    0.000    0.000 ctx_iv.py:304(MPIntervalContext)
        1    0.000    0.000    0.000    0.000 _dok.py:17(_dok_base)
        2    0.000    0.000    0.000    0.000 numerictypes.py:229(obj2sctype)
        5    0.000    0.000    0.000    0.000 cache.py:155(cached_property)
        1    0.000    0.000    0.000    0.000 gamma_functions.py:34(gamma)
        2    0.000    0.000    0.000    0.000 sparsetools.py:1(<module>)
        1    0.000    0.000    0.000    0.000 convolutions.py:1(<module>)
        1    0.000    0.000    0.000    0.000 tensor.py:4099(TensorElement)
        1    0.000    0.000    0.000    0.000 rk.py:293(RK45)
       33    0.000    0.000    0.000    0.000 {method 'ravel' of 'numpy.ndarray' objects}
        1    0.000    0.000    0.000    0.000 complexfield.py:12(ComplexField)
        1    0.000    0.000    0.000    0.000 beta.py:11(Beta)
        1    0.000    0.000    0.000    0.000 _probability_distribution.py:5(_ProbabilityDistribution)
        1    0.000    0.000    0.000    0.000 mathml.py:128(MathMLContentPrinter)
        1    0.000    0.000    0.000    0.000 prefixes.py:11(Prefix)
        1    0.000    0.000    0.000    0.000 laplace.py:11(Laplace)
        5    0.000    0.000    0.000    0.000 {method 'tolist' of 'memoryview' objects}
        1    0.000    0.000    0.000    0.000 exponential.py:9(Exponential)
        8    0.000    0.000    0.000    0.000 typing.py:406(_eval_type)
        1    0.000    0.000    0.000    0.000 typing.py:1166(__mro_entries__)
        1    0.000    0.000    0.000    0.000 facts.py:75(transitive_closure)
       38    0.000    0.000    0.000    0.000 polyutils.py:161(order_no_multiple_key)
        1    0.000    0.000    0.000    0.000 common.py:3143(__new__)
       49    0.000    0.000    0.000    0.000 {method 'issubset' of 'set' objects}
        4    0.000    0.000    0.000    0.000 <frozen _collections_abc>:388(__subclasshook__)
        1    0.000    0.000    0.000    0.000 numbers.py:2513(AlgebraicNumber)
        1    0.000    0.000    0.000    0.000 __init__.py:638(levy_stable_gen)
        1    0.000    0.000    0.000    0.000 special.py:75(__new__)
        1    0.000    0.000    0.000    0.000 blockmatrix.py:25(BlockMatrix)
        1    0.000    0.000    0.000    0.000 modules.py:204(Module)
        1    0.000    0.000    0.000    0.000 weakref.py:104(__init__)
        1    0.000    0.000    0.000    0.000 chebyshev.py:1995(Chebyshev)
        1    0.000    0.000    0.000    0.000 logic.py:223(Logic)
        1    0.000    0.000    0.000    0.000 numbers.py:3121(One)
        1    0.000    0.000    0.000    0.000 indexed.py:584(Idx)
        1    0.000    0.000    0.000    0.000 {method 'dot' of 'numpy.ndarray' objects}
        4    0.000    0.000    0.000    0.000 generate.py:544(nextprime)
       15    0.000    0.000    0.000    0.000 {method 'copy' of 'set' objects}
        1    0.000    0.000    0.000    0.000 function.py:1912(Lambda)
       59    0.000    0.000    0.000    0.000 order.py:153(<genexpr>)
        6    0.000    0.000    0.000    0.000 libmpf.py:653(mpf_pos)
        1    0.000    0.000    0.000    0.000 matrices.py:155(MatrixReductions)
        1    0.000    0.000    0.000    0.000 numbers.py:1186(catalan)
       41    0.000    0.000    0.000    0.000 enum.py:942(<lambda>)
        1    0.000    0.000    0.000    0.000 {built-in method _hashlib.openssl_md5}
        7    0.000    0.000    0.000    0.000 rootisolation.py:540(_isolate_zero)
       22    0.000    0.000    0.000    0.000 quantities.py:65(<lambda>)
        1    0.000    0.000    0.000    0.000 rootisolation.py:1888(ComplexInterval)
        1    0.000    0.000    0.000    0.000 hermite.py:1658(Hermite)
        1    0.000    0.000    0.000    0.000 fractionfield.py:9(FractionField)
       92    0.000    0.000    0.000    0.000 parse_tree_builder.py:116(__init__)
       60    0.000    0.000    0.000    0.000 ddm.py:198(<genexpr>)
        1    0.000    0.000    0.000    0.000 tensor.py:789(_TensorManager)
        1    0.000    0.000    0.000    0.000 common.py:2946(_MinimalMatrix)
        1    0.000    0.000    0.000    0.000 _array_api.py:659(_XPSphinxCapability)
        3    0.000    0.000    0.000    0.000 _distribution_infrastructure.py:2898(_icdf_dispatch)
        4    0.000    0.000    0.000    0.000 mixins.py:51(_unary_method)
        5    0.000    0.000    0.000    0.000 {built-in method builtins.locals}
       32    0.000    0.000    0.000    0.000 arraypad.py:33(_slice_at_axis)
        1    0.000    0.000    0.000    0.000 boolalg.py:463(BooleanFunction)
        7    0.000    0.000    0.000    0.000 ctx_mp_python.py:100(mpf_convert_rhs)
        1    0.000    0.000    0.000    0.000 reductions.py:1(<module>)
        1    0.000    0.000    0.000    0.000 fancysets.py:518(Range)
        2    0.000    0.000    0.000    0.000 copyreg.py:107(_slotnames)
        1    0.000    0.000    0.000    0.000 domainscalar.py:17(DomainScalar)
        1    0.000    0.000    0.000    0.000 exponential.py:35(ExpBase)
        1    0.000    0.000    0.000    0.000 _backend.py:330(set_global_backend)
        1    0.000    0.000    0.000    0.000 _matrix.py:1(spmatrix)
       24    0.000    0.000    0.000    0.000 add.py:1035(<genexpr>)
        1    0.000    0.000    0.000    0.000 subsets.py:6(Subset)
        3    0.000    0.000    0.000    0.000 index_tricks.py:320(__init__)
        1    0.000    0.000    0.000    0.000 maple.py:84(MapleCodePrinter)
        1    0.000    0.000    0.000    0.000 sequences.py:727(RecursiveSeq)
        1    0.000    0.000    0.000    0.000 error_functions.py:1799(Si)
        1    0.000    0.000    0.000    0.000 __init__.py:1510(setLevel)
       49    0.000    0.000    0.000    0.000 true_cond.py:29(get_free_symbols)
        1    0.000    0.000    0.000    0.000 _methods.py:47(_sum)
        1    0.000    0.000    0.000    0.000 __init__.py:592(__init__)
        1    0.000    0.000    0.000    0.000 _distn_infrastructure.py:677(rv_generic)
        1    0.000    0.000    0.000    0.000 parse.py:361(_fix_result_transcoding)
        1    0.000    0.000    0.000    0.000 mul.py:1258(_eval_is_meromorphic)
        1    0.000    0.000    0.000    0.000 monomials.py:506(Monomial)
        1    0.000    0.000    0.000    0.000 ipaddress.py:563(_BaseAddress)
        1    0.000    0.000    0.000    0.000 _continuous_distns.py:10829(uniform_gen)
        9    0.000    0.000    0.000    0.000 graph.py:26(add_edge)
        1    0.000    0.000    0.000    0.000 printer.py:235(Printer)
       11    0.000    0.000    0.000    0.000 _distribution_infrastructure.py:2035(_preserve_type)
        1    0.000    0.000    0.000    0.000 sets.py:799(ProductSet)
       16    0.000    0.000    0.000    0.000 arraypad.py:58(_view_roi)
        1    0.000    0.000    0.000    0.000 gmpyintegerring.py:13(GMPYIntegerRing)
       34    0.000    0.000    0.000    0.000 singleton.py:167(<lambda>)
        1    0.000    0.000    0.000    0.000 bernoulli.py:8(Bernoulli)
        1    0.000    0.000    0.000    0.000 dist_assignment.py:13(DistAssignment)
        1    0.000    0.000    0.000    0.000 fields.py:286(FracElement)
        1    0.000    0.000    0.000    0.000 <frozen importlib._bootstrap>:1103(_resolve_filename)
        1    0.000    0.000    0.000    0.000 extensions.py:11(ExtensionElement)
        1    0.000    0.000    0.000    0.000 pkgdata.py:1(<module>)
        3    0.000    0.000    0.000    0.000 numbers.py:1857(__abs__)
        1    0.000    0.000    0.000    0.000 common.py:55(MatrixRequired)
       84    0.000    0.000    0.000    0.000 load_grammar.py:289(expansion)
        1    0.000    0.000    0.000    0.000 cse_opts.py:1(<module>)
        2    0.000    0.000    0.000    0.000 dist_transformer.py:36(_transform_normal)
        1    0.000    0.000    0.000    0.000 _nested_sequence.py:18(_NestedSequence)
        1    0.000    0.000    0.000    0.000 matrices.py:99(MatrixDeterminant)
        1    0.000    0.000    0.000    0.000 ideals.py:7(Ideal)
        1    0.000    0.000    0.000    0.000 difflib.py:44(SequenceMatcher)
        1    0.000    0.000    0.000    0.000 gammazeta.py:394(bernoulli_size)
       24    0.000    0.000    0.000    0.000 typing.py:2786(<genexpr>)
        1    0.000    0.000    0.000    0.000 polyoptions.py:16(Option)
        1    0.000    0.000    0.000    0.000 _new_distributions.py:307(_pdf_formula)
        1    0.000    0.000    0.000    0.000 lsmr.py:1(<module>)
        1    0.000    0.000    0.000    0.000 lsqr.py:1(<module>)
        2    0.000    0.000    0.000    0.000 decorator.py:310(wrapper)
       51    0.000    0.000    0.000    0.000 iterables.py:856(key)
       12    0.000    0.000    0.000    0.000 weakref.py:427(__setitem__)
        2    0.000    0.000    0.000    0.000 version.py:1(<module>)
       15    0.000    0.000    0.000    0.000 _helpers.py:660(_check_device)
        1    0.000    0.000    0.000    0.000 hyper.py:359(meijerg)
        1    0.000    0.000    0.000    0.000 subprocess.py:126(CalledProcessError)
       13    0.000    0.000    0.000    0.000 dataclasses.py:643(<genexpr>)
        1    0.000    0.000    0.000    0.000 numbers.py:3747(ComplexInfinity)
        1    0.000    0.000    0.000    0.000 realfield.py:12(RealField)
        1    0.000    0.000    0.000    0.000 rational.py:24(mpq)
        3    0.000    0.000    0.000    0.000 polytools.py:3966(is_zero)
       22    0.000    0.000    0.000    0.000 {built-in method posix._path_normpath}
       12    0.000    0.000    0.000    0.000 {method 'islower' of 'str' objects}
        1    0.000    0.000    0.000    0.000 free_groups.py:342(FreeGroupElement)
        1    0.000    0.000    0.000    0.000 homomorphisms.py:18(ModuleHomomorphism)
        1    0.000    0.000    0.000    0.000 gmpyrationalfield.py:12(GMPYRationalField)
        6    0.000    0.000    0.000    0.000 _distribution_infrastructure.py:1692(reset_cache)
        6    0.000    0.000    0.000    0.000 _distribution_infrastructure.py:1857(cache_policy)
        5    0.000    0.000    0.000    0.000 evalf.py:51(bitcount)
       22    0.000    0.000    0.000    0.000 poly_assignment.py:43(is_constant)
        4    0.000    0.000    0.000    0.000 exponential.py:934(_eval_is_finite)
        1    0.000    0.000    0.000    0.000 _new_distributions.py:55(_pdf_formula)
        1    0.000    0.000    0.000    0.000 _continuous_distns.py:5607(invweibull_gen)
        1    0.000    0.000    0.000    0.000 finitefield.py:12(FiniteField)
        1    0.000    0.000    0.000    0.000 getlimits.py:630(iinfo)
        6    0.000    0.000    0.000    0.000 quadrature.py:21(__init__)
        3    0.000    0.000    0.000    0.000 arrayprint.py:403(_get_formatdict)
        1    0.000    0.000    0.000    0.000 _docscrape.py:623(ClassDoc)
        1    0.000    0.000    0.000    0.000 getlimits.py:32(MachArLike)
       73    0.000    0.000    0.000    0.000 load_grammar.py:413(<genexpr>)
       32    0.000    0.000    0.000    0.000 arraypad.py:120(<genexpr>)
        1    0.000    0.000    0.000    0.000 memmap.py:22(memmap)
        6    0.000    0.000    0.000    0.000 _distribution_infrastructure.py:1832(tol)
       28    0.000    0.000    0.000    0.000 true_cond.py:41(__eq__)
        1    0.000    0.000    0.000    0.000 _version.py:136(__lt__)
        1    0.000    0.000    0.000    0.000 expr_with_limits.py:199(ExprWithLimits)
        1    0.000    0.000    0.000    0.000 generators.py:1(<module>)
        1    0.000    0.000    0.000    0.000 _survival.py:17(EmpiricalDistributionFunction)
        1    0.000    0.000    0.000    0.000 euler.py:1(<module>)
        1    0.000    0.000    0.000    0.000 bessel.py:36(BesselBase)
        9    0.000    0.000    0.000    0.000 symbolic_probability.py:31(<genexpr>)
        1    0.000    0.000    0.000    0.000 {built-in method math.exp}
        1    0.000    0.000    0.000    0.000 boolalg.py:201(BooleanAtom)
        1    0.000    0.000    0.000    0.000 permutation.py:9(PermutationMatrix)
        1    0.000    0.000    0.000    0.000 jscode.py:46(JavascriptCodePrinter)
       23    0.000    0.000    0.000    0.000 {built-in method sys._getframe}
        1    0.000    0.000    0.000    0.000 bessel.py:106(besselj)
        1    0.000    0.000    0.000    0.000 {built-in method uarray._uarray.set_global_backend}
       18    0.000    0.000    0.000    0.000 _data.py:142(_create_method)
       12    0.000    0.000    0.000    0.000 program.py:56(is_dependent)
        5    0.000    0.000    0.000    0.000 ctx_iv.py:244(_binary_op)
        1    0.000    0.000    0.000    0.000 factorials.py:819(binomial)
        1    0.000    0.000    0.000    0.000 symbol.py:53(_filter_assumptions)
       19    0.000    0.000    0.000    0.000 typing.py:1971(<genexpr>)
        1    0.000    0.000    0.000    0.000 functions.py:3(SpecialFunctions)
        1    0.000    0.000    0.000    0.000 arrayterator.py:16(Arrayterator)
        2    0.000    0.000    0.000    0.000 _distn_infrastructure.py:841(<genexpr>)
       77    0.000    0.000    0.000    0.000 load_grammar.py:822(terminal)
        1    0.000    0.000    0.000    0.000 tensor.py:809(__init__)
       16    0.000    0.000    0.000    0.000 functools.py:970(__set_name__)
        1    0.000    0.000    0.000    0.000 _distn_infrastructure.py:1657(rv_continuous)
        1    0.000    0.000    0.000    0.000 <frozen importlib._bootstrap>:1158(create_module)
        1    0.000    0.000    0.000    0.000 subprocess.py:470(CompletedProcess)
        5    0.000    0.000    0.000    0.000 typing.py:966(_is_typevar_like)
        1    0.000    0.000    0.000    0.000 libintmath.py:231(isqrt_fast_python)
        1    0.000    0.000    0.000    0.000 gamma_functions.py:1060(digamma)
        1    0.000    0.000    0.000    0.000 error_functions.py:656(erf2)
        2    0.000    0.000    0.000    0.000 typing.py:1194(__instancecheck__)
        1    0.000    0.000    0.000    0.000 pathlib.py:262(_PathParents)
        1    0.000    0.000    0.000    0.000 _distribution_infrastructure.py:5028(Mixture)
        1    0.000    0.000    0.000    0.000 repmatrix.py:317(MutableRepMatrix)
        1    0.000    0.000    0.000    0.000 hyper.py:763(HyperRep)
       30    0.000    0.000    0.000    0.000 dataclasses.py:372(__init__)
        1    0.000    0.000    0.000    0.000 {built-in method _ctypes.dlopen}
        1    0.000    0.000    0.000    0.000 resolvent_lookup.py:1(<module>)
        1    0.000    0.000    0.000    0.000 continued_fraction.py:1(<module>)
        1    0.000    0.000    0.000    0.000 tensor.py:4537(_WildTensExpr)
        1    0.000    0.000    0.000    0.000 deutils.py:1(<module>)
       12    0.000    0.000    0.000    0.000 typing.py:2846(_namedtuple_mro_entries)
        1    0.000    0.000    0.000    0.000 rk.py:183(RK23)
        1    0.000    0.000    0.000    0.000 selectors.py:80(BaseSelector)
        1    0.000    0.000    0.000    0.000 bessel.py:438(besseli)
        1    0.000    0.000    0.000    0.000 exprtools.py:284(Factors)
        1    0.000    0.000    0.000    0.000 pythonintegerring.py:12(PythonIntegerRing)
        1    0.000    0.000    0.000    0.000 matexpr.py:665(MatrixSymbol)
        3    0.000    0.000    0.000    0.000 _distribution_infrastructure.py:2067(_num_parameters)
        1    0.000    0.000    0.000    0.000 _data.py:20(_data_matrix)
        1    0.000    0.000    0.000    0.000 sequences.py:416(SeqExpr)
        1    0.000    0.000    0.000    0.000 digits.py:1(<module>)
       36    0.000    0.000    0.000    0.000 numbers.py:4438(as_base_exp)
        2    0.000    0.000    0.000    0.000 {built-in method posix.unsetenv}
        1    0.000    0.000    0.000    0.000 integers.py:253(ceiling)
        1    0.000    0.000    0.000    0.000 dimensions.py:285(DimensionSystem)
        1    0.000    0.000    0.000    0.000 dense.py:24(DenseMatrix)
        3    0.000    0.000    0.000    0.000 ctx_base.py:458(memoize)
        1    0.000    0.000    0.000    0.000 _distribution_infrastructure.py:3635(_pdf_formula)
        9    0.000    0.000    0.000    0.000 fromnumeric.py:3176(ndim)
        1    0.000    0.000    0.000    0.000 residues.py:1(<module>)
        1    0.000    0.000    0.000    0.000 platform.py:794(_Processor)
       23    0.000    0.000    0.000    0.000 _support_alternative_backends.py:35(name)
        9    0.000    0.000    0.000    0.000 complexes.py:250(_eval_is_zero)
        5    0.000    0.000    0.000    0.000 {built-in method maketrans}
        1    0.000    0.000    0.000    0.000 qp_subproblem.py:1(<module>)
        1    0.000    0.000    0.000    0.000 parse.py:850(_Quoter)
       59    0.000    0.000    0.000    0.000 _distribution_infrastructure.py:1846(cache_policy)
        1    0.000    0.000    0.000    0.000 complexes.py:1206(principal_branch)
       10    0.000    0.000    0.000    0.000 load_grammar.py:221(will_not_get_removed)
        6    0.000    0.000    0.000    0.000 _distribution_infrastructure.py:816(matches)
        1    0.000    0.000    0.000    0.000 grammar.py:29(Terminal)
        1    0.000    0.000    0.000    0.000 _version.py:14(NumpyVersion)
        1    0.000    0.000    0.000    0.000 special.py:213(OneMatrix)
        1    0.000    0.000    0.000    0.000 fancysets.py:290(ImageSet)
        1    0.000    0.000    0.000    0.000 error_functions.py:1472(li)
        1    0.000    0.000    0.000    0.000 interval_arithmetic.py:41(interval)
        1    0.000    0.000    0.000    0.000 session.py:1(<module>)
        3    0.000    0.000    0.000    0.000 ctx_mp_python.py:602(make_mpc)
        1    0.000    0.000    0.000    0.000 _delegators.py:1(<module>)
        1    0.000    0.000    0.000    0.000 _new_distributions.py:117(_sample_formula)
        1    0.000    0.000    0.000    0.000 point.py:860(Point2D)
        1    0.000    0.000    0.000    0.000 rootisolation.py:1735(RealInterval)
        1    0.000    0.000    0.000    0.000 dimensions.py:111(Dimension)
        1    0.000    0.000    0.000    0.000 prufer.py:11(Prufer)
        1    0.000    0.000    0.000    0.000 _continuous_distns.py:11325(wrapcauchy_gen)
        1    0.000    0.000    0.000    0.000 _continuous_distns.py:11395(gennorm_gen)
        1    0.000    0.000    0.000    0.000 numbers.py:764(harmonic)
        1    0.000    0.000    0.000    0.000 dist_transformer.py:82(_transform_uniform)
        1    0.000    0.000    0.000    0.000 _differentialevolution.py:507(DifferentialEvolutionSolver)
        1    0.000    0.000    0.000    0.000 single.py:211(SingleODESolver)
        1    0.000    0.000    0.000    0.000 special.py:104(Identity)
        1    0.000    0.000    0.000    0.000 polyoptions.py:74(Options)
        1    0.000    0.000    0.000    0.000 kind.py:97(__new__)
       39    0.000    0.000    0.000    0.000 lark.py:166(__getattr__)
        1    0.000    0.000    0.000    0.000 _pade.py:1(<module>)
        1    0.000    0.000    0.000    0.000 ipaddress.py:2222(IPv6Network)
        1    0.000    0.000    0.000    0.000 singleton.py:8(SingletonRegistry)
       27    0.000    0.000    0.000    0.000 singleton.py:127(__repr__)
        1    0.000    0.000    0.000    0.000 numbers.py:3053(Zero)
        1    0.000    0.000    0.000    0.000 trigonometric.py:1883(sinc)
        1    0.000    0.000    0.000    0.000 trigonometric.py:3395(atan2)
        1    0.000    0.000    0.000    0.000 modules.py:602(SubModule)
        1    0.000    0.000    0.000    0.000 _lil.py:20(_lil_base)
        1    0.000    0.000    0.000    0.000 tensor.py:1583(TensorType)
        1    0.000    0.000    0.000    0.000 update_info_transformer.py:160(DependencyInfo)
        8    0.000    0.000    0.000    0.000 {built-in method numpy.zeros}
       20    0.000    0.000    0.000    0.000 mpelements.py:20(_set_mpf)
        1    0.000    0.000    0.000    0.000 _inspect.py:1(<module>)
        4    0.000    0.000    0.000    0.000 pretty_symbology.py:234(<lambda>)
        1    0.000    0.000    0.000    0.000 expr.py:3960(AtomicExpr)
        3    0.000    0.000    0.000    0.000 power.py:1003(_eval_conjugate)
        1    0.000    0.000    0.000    0.000 numbers.py:1332(genocchi)
        1    0.000    0.000    0.000    0.000 {method 'close' of 'select.epoll' objects}
        5    0.000    0.000    0.000    0.000 _new_distributions.py:339(_moment_raw_formula)
        1    0.000    0.000    0.000    0.000 polynomials.py:443(chebyshevt)
        1    0.000    0.000    0.000    0.000 containers.py:21(Tuple)
       14    0.000    0.000    0.000    0.000 containers.py:297(__len__)
        1    0.000    0.000    0.000    0.000 blockmatrix.py:564(BlockDiagMatrix)
        1    0.000    0.000    0.000    0.000 _elementwise_iterative_method.py:1(<module>)
       13    0.000    0.000    0.000    0.000 _internal.py:920(npy_ctypes_check)
        1    0.000    0.000    0.000    0.000 curve.py:22(Curve)
        1    0.000    0.000    0.000    0.000 sets.py:1441(Intersection)
       16    0.000    0.000    0.000    0.000 doccer.py:82(inherit_docstring_from)
        1    0.000    0.000    0.000    0.000 diophantine.py:138(DiophantineEquationType)
        1    0.000    0.000    0.000    0.000 slice.py:31(MatrixSlice)
        1    0.000    0.000    0.000    0.000 _rgi.py:56(RegularGridInterpolator)
        4    0.000    0.000    0.000    0.000 pretty_symbology.py:237(<lambda>)
        1    0.000    0.000    0.000    0.000 fields.py:104(FracField)
       10    0.000    0.000    0.000    0.000 _pytesttester.py:76(__init__)
        3    0.000    0.000    0.000    0.000 <frozen _collections_abc>:309(__subclasshook__)
       30    0.000    0.000    0.000    0.000 dataclasses.py:433(<genexpr>)
       16    0.000    0.000    0.000    0.000 euclidtools.py:861(_dup_rr_trivial_gcd)
        1    0.000    0.000    0.000    0.000 _covariance.py:11(Covariance)
        1    0.000    0.000    0.000    0.000 gamma_functions.py:564(polygamma)
        1    0.000    0.000    0.000    0.000 hermite_e.py:1650(HermiteE)
        1    0.000    0.000    0.000    0.000 arrayprint.py:1367(StructuredVoidFormat)
        1    0.000    0.000    0.000    0.000 facts.py:135(apply_beta_to_alpha_route)
        1    0.000    0.000    0.000    0.000 records.py:87(format_parser)
        1    0.000    0.000    0.000    0.000 _chandrupatla.py:1(<module>)
        7    0.000    0.000    0.000    0.000 graph.py:19(add_node)
        1    0.000    0.000    0.000    0.000 gaussiandomains.py:244(GaussianDomain)
        1    0.000    0.000    0.000    0.000 modules.py:1644(PowerBasisElement)
        1    0.000    0.000    0.000    0.000 tokenize.py:376(read_or_stop)
        1    0.000    0.000    0.000    0.000 formal.py:1498(FiniteFormalPowerSeries)
        1    0.000    0.000    0.000    0.000 kronecker.py:86(KroneckerProduct)
        1    0.000    0.000    0.000    0.000 sets.py:10(MatrixSet)
        4    0.000    0.000    0.000    0.000 pretty_symbology.py:238(<lambda>)
       18    0.000    0.000    0.000    0.000 inspect.py:517(isbuiltin)
        2    0.000    0.000    0.000    0.000 _distribution_infrastructure.py:3121(_one)
        1    0.000    0.000    0.000    0.000 linalg.py:108(LinearAlgebraMethods)
        1    0.000    0.000    0.000    0.000 polyquinticconst.py:22(PolyQuintic)
        1    0.000    0.000    0.000    0.000 hyper.py:857(HyperRep_power2)
        1    0.000    0.000    0.000    0.000 lzma.py:38(LZMAFile)
        1    0.000    0.000    0.000    0.000 expressionrawdomain.py:12(ExpressionRawDomain)
        1    0.000    0.000    0.000    0.000 _continuous_distns.py:10757(tukeylambda_gen)
        1    0.000    0.000    0.000    0.000 _helpers.py:487(_AutoJITWrapper)
        3    0.000    0.000    0.000    0.000 lexer.py:141(new_borrow_pos)
        1    0.000    0.000    0.000    0.000 lark.py:28(LarkOptions)
        1    0.000    0.000    0.000    0.000 expressiondomain.py:20(Expression)
        2    0.000    0.000    0.000    0.000 structure_transformer.py:69(statems)
        1    0.000    0.000    0.000    0.000 __init__.py:322(CDLL)
        5    0.000    0.000    0.000    0.000 {method 'cast' of 'memoryview' objects}
        3    0.000    0.000    0.000    0.000 generate.py:23(_aset)
        1    0.000    0.000    0.000    0.000 __init__.py:1465(_clear_cache)
        2    0.000    0.000    0.000    0.000 pretty_symbology.py:175(<lambda>)
        1    0.000    0.000    0.000    0.000 ctx_iv.py:151(ivmpc)
       46    0.000    0.000    0.000    0.000 load_grammar.py:651(<lambda>)
        1    0.000    0.000    0.000    0.000 libmpi.py:96(mpi_neg)
        1    0.000    0.000    0.000    0.000 _csr.py:18(_csr_base)
        1    0.000    0.000    0.000    0.000 extras.py:1655(__init__)
       25    0.000    0.000    0.000    0.000 exponential.py:782(as_base_exp)
        1    0.000    0.000    0.000    0.000 pydoc.py:550(__init__)
        1    0.000    0.000    0.000    0.000 _cubature.py:29(CubatureRegion)
        1    0.000    0.000    0.000    0.000 matrix.py:1(<module>)
        6    0.000    0.000    0.000    0.000 {method 'copy' of 'numpy.generic' objects}
        1    0.000    0.000    0.000    0.000 kind.py:257(__init__)
        2    0.000    0.000    0.000    0.000 _helpers.py:305(_compat_module_name)
        1    0.000    0.000    0.000    0.000 sets.py:2137(SymmetricDifference)
        1    0.000    0.000    0.000    0.000 _aliases.py:122(ones)
        1    0.000    0.000    0.000    0.000 exceptions.py:11(SymPyDeprecationWarning)
        1    0.000    0.000    0.000    0.000 pydoc.py:1225(TextDoc)
        3    0.000    0.000    0.000    0.000 lexer.py:448(lex)
       11    0.000    0.000    0.000    0.000 libmpf.py:663(mpf_neg)
       55    0.000    0.000    0.000    0.000 _distribution_infrastructure.py:1867(validation_policy)
        2    0.000    0.000    0.000    0.000 pretty_symbology.py:235(<lambda>)
        2    0.000    0.000    0.000    0.000 multidimensional.py:81(__init__)
        1    0.000    0.000    0.000    0.000 graph.py:93(get_defective_nodes)
        9    0.000    0.000    0.000    0.000 typing.py:487(__repr__)
        3    0.000    0.000    0.000    0.000 arrayprint.py:1415(dtype_is_implied)
        1    0.000    0.000    0.000    0.000 stochastic_process_types.py:1618(BernoulliProcess)
        1    0.000    0.000    0.000    0.000 _continuous_distns.py:4984(invgauss_gen)
       60    0.000    0.000    0.000    0.000 true_cond.py:6(is_implied_by_loop_guard)
        1    0.000    0.000    0.000    0.000 __init__.py:1117(StreamHandler)
        1    0.000    0.000    0.000    0.000 parse.py:841(__getattr__)
        1    0.000    0.000    0.000    0.000 lambdify.py:1096(_EvaluatorPrinter)
        1    0.000    0.000    0.000    0.000 {built-in method posix.cpu_count}
        1    0.000    0.000    0.000    0.000 getlimits.py:378(finfo)
        1    0.000    0.000    0.000    0.000 npyio.py:106(NpzFile)
       16    0.000    0.000    0.000    0.000 galoistools.py:344(gf_neg)
        1    0.000    0.000    0.000    0.000 _stats_py.py:11053(_SimpleBeta)
        1    0.000    0.000    0.000    0.000 relational.py:536(Equality)
        1    0.000    0.000    0.000    0.000 _continuous_distns.py:12331(rel_breitwigner_gen)
        1    0.000    0.000    0.000    0.000 canonical_constraint.py:5(CanonicalConstraint)
        2    0.000    0.000    0.000    0.000 {method 'tobytes' of 'numpy.generic' objects}
        1    0.000    0.000    0.000    0.000 _matfuncs.py:337(_ExpmPadeHelper)
        1    0.000    0.000    0.000    0.000 hyperexpand.py:1347(ReduceOrder)
        2    0.000    0.000    0.000    0.000 facts.py:305(rules_beta)
        1    0.000    0.000    0.000    0.000 _bsr.py:24(_bsr_base)
        1    0.000    0.000    0.000    0.000 ctx_mp_python.py:330(_constant)
        2    0.000    0.000    0.000    0.000 cache.py:190(LazyFunction)
        1    0.000    0.000    0.000    0.000 _aliases.py:665(finfo)
        3    0.000    0.000    0.000    0.000 _distribution_infrastructure.py:2331(_median_dispatch)
        1    0.000    0.000    0.000    0.000 factor_.py:1905(totient)
        1    0.000    0.000    0.000    0.000 _distn_infrastructure.py:3161(rv_discrete)
        1    0.000    0.000    0.000    0.000 hyperbolic.py:996(ReciprocalHyperbolicFunction)
        3    0.000    0.000    0.000    0.000 mul.py:1259(<genexpr>)
        1    0.000    0.000    0.000    0.000 subprocess.py:163(TimeoutExpired)
        1    0.000    0.000    0.000    0.000 hadamard.py:41(HadamardProduct)
        1    0.000    0.000    0.000    0.000 bessel.py:1986(marcumq)
        7    0.000    0.000    0.000    0.000 finite_fixed_point_typer.py:103(_fail_variable)
        1    0.000    0.000    0.000    0.000 _special_sparse_arrays.py:10(LaplacianNd)
        1    0.000    0.000    0.000    0.000 matrices.py:342(MatrixSubspaces)
        1    0.000    0.000    0.000    0.000 fancysets.py:23(Rationals)
        3    0.000    0.000    0.000    0.000 _distribution_infrastructure.py:2461(_pdf_dispatch)
        1    0.000    0.000    0.000    0.000 _datasource.py:536(Repository)
        1    0.000    0.000    0.000    0.000 error_functions.py:1920(Ci)
        3    0.000    0.000    0.000    0.000 rszeta.py:54(__init__)
        1    0.000    0.000    0.000    0.000 relational.py:726(Unequality)
        8    0.000    0.000    0.000    0.000 __init__.py:243(_releaseLock)
        1    0.000    0.000    0.000    0.000 integers.py:410(frac)
        4    0.000    0.000    0.000    0.000 <string>:1(<lambda>)
        1    0.000    0.000    0.000    0.000 _resampling.py:2175(PermutationMethod)
        1    0.000    0.000    0.000    0.000 index_tricks.py:211(MGridClass)
       82    0.000    0.000    0.000    0.000 load_grammar.py:912(<lambda>)
        1    0.000    0.000    0.000    0.000 _base.py:352(ProductNestedFixed)
        1    0.000    0.000    0.000    0.000 hyperexpand.py:476(Hyper_Function)
        1    0.000    0.000    0.000    0.000 ctx_mp_python.py:163(__neg__)
        2    0.000    0.000    0.000    0.000 <frozen genericpath>:27(isfile)
        2    0.000    0.000    0.000    0.000 <frozen posixpath>:413(abspath)
        1    0.000    0.000    0.000    0.000 matexpr.py:592(MatrixElement)
        1    0.000    0.000    0.000    0.000 free_groups.py:114(FreeGroup)
       32    0.000    0.000    0.000    0.000 expr.py:3554(as_coeff_Add)
        1    0.000    0.000    0.000    0.000 __init__.py:1878(LoggerAdapter)
        1    0.000    0.000    0.000    0.000 piecewise.py:18(ExprCondPair)
        1    0.000    0.000    0.000    0.000 generate.py:38(Sieve)
        1    0.000    0.000    0.000    0.000 _cobyla_py.py:1(<module>)
        1    0.000    0.000    0.000    0.000 fancysets.py:1109(ComplexRegion)
        1    0.000    0.000    0.000    0.000 _interpolate.py:1279(BPoly)
        1    0.000    0.000    0.000    0.000 complexes.py:696(arg)
        1    0.000    0.000    0.000    0.000 _trustregion_exact.py:185(IterativeSubproblem)
        1    0.000    0.000    0.000    0.000 zeta_functions.py:222(polylog)
        1    0.000    0.000    0.000    0.000 kind.py:181(__new__)
        5    0.000    0.000    0.000    0.000 sets.py:1954(__iter__)
        1    0.000    0.000    0.000    0.000 decorator.py:65(FunctionMaker)
        1    0.000    0.000    0.000    0.000 sympy_parser.py:92(AppliedFunction)
        1    0.000    0.000    0.000    0.000 function_base.py:2117(vectorize)
        1    0.000    0.000    0.000    0.000 {method '__dir__' of 'module' objects}
        1    0.000    0.000    0.000    0.000 error_functions.py:2277(FresnelIntegral)
        1    0.000    0.000    0.000    0.000 delta_functions.py:17(DiracDelta)
        1    0.000    0.000    0.000    0.000 _bracket.py:1(<module>)
        1    0.000    0.000    0.000    0.000 function.py:153(FunctionClass)
        1    0.000    0.000    0.000    0.000 error_functions.py:2054(Shi)
        1    0.000    0.000    0.000    0.000 numbers.py:4362(ImaginaryUnit)
        1    0.000    0.000    0.000    0.000 funcmatrix.py:9(FunctionMatrix)
        1    0.000    0.000    0.000    0.000 operations.py:464(LatticeOp)
        1    0.000    0.000    0.000    0.000 error_functions.py:1073(Ei)
        1    0.000    0.000    0.000    0.000 heuristicgcd.py:1(<module>)
        2    0.000    0.000    0.000    0.000 reprlib.py:39(__init__)
        1    0.000    0.000    0.000    0.000 orderings.py:63(ProductOrder)
        1    0.000    0.000    0.000    0.000 string.py:188(Formatter)
        1    0.000    0.000    0.000    0.000 _fitpack2.py:73(UnivariateSpline)
        1    0.000    0.000    0.000    0.000 _threadsafety.py:25(__init__)
        2    0.000    0.000    0.000    0.000 normal.py:16(set_parameters)
        1    0.000    0.000    0.000    0.000 _linprog_simplex.py:1(<module>)
        1    0.000    0.000    0.000    0.000 _compression.py:33(DecompressReader)
        1    0.000    0.000    0.000    0.000 _typing.py:7(RingElement)
        1    0.000    0.000    0.000    0.000 _continuous_distns.py:11951(rv_histogram)
        6    0.000    0.000    0.000    0.000 _distribution_infrastructure.py:282(define_parameters)
        1    0.000    0.000    0.000    0.000 ndim_array.py:15(ArrayKind)
        4    0.000    0.000    0.000    0.000 _distribution_infrastructure.py:3125(_constants)
        1    0.000    0.000    0.000    0.000 multi_assign_transformer.py:35(_get_count_assign_per_var)
        1    0.000    0.000    0.000    0.000 __init__.py:1867(__init__)
        1    0.000    0.000    0.000    0.000 plot.py:493(BaseSeries)
        1    0.000    0.000    0.000    0.000 mpelements.py:44(MPContext)
        1    0.000    0.000    0.000    0.000 arrayprint.py:1278(_TimelikeFormat)
        1    0.000    0.000    0.000    0.000 sequences.py:379(EmptySequence)
        2    0.000    0.000    0.000    0.000 libmpf.py:702(mpf_add)
        1    0.000    0.000    0.000    0.000 records.py:223(record)
        1    0.000    0.000    0.000    0.000 _distn_infrastructure.py:506(rv_frozen)
        1    0.000    0.000    0.000    0.000 _multiufuncs.py:24(MultiUFunc)
        1    0.000    0.000    0.000    0.000 and_cond.py:5(And)
        1    0.000    0.000    0.000    0.000 polyoptions.py:635(Frac)
        1    0.000    0.000    0.000    0.000 rk.py:407(DOP853)
        1    0.000    0.000    0.000    0.000 group_constructs.py:1(<module>)
        1    0.000    0.000    0.000    0.000 qmc.py:1(<module>)
        1    0.000    0.000    0.000    0.000 tensor.py:812(_comm_init)
        3    0.000    0.000    0.000    0.000 enum.py:117(_iter_bits_lsb)
       21    0.000    0.000    0.000    0.000 _testutils.py:86(__init__)
        6    0.000    0.000    0.000    0.000 numbers.py:828(as_coeff_Mul)
        1    0.000    0.000    0.000    0.000 {method 'normal' of 'numpy.random._generator.Generator' objects}
        1    0.000    0.000    0.000    0.000 selectors.py:206(_BaseSelectorImpl)
        1    0.000    0.000    0.000    0.000 singleton.py:89(__init__)
        6    0.000    0.000    0.000    0.000 _type_aliases.py:92(<genexpr>)
        6    0.000    0.000    0.000    0.000 printer.py:386(print_function)
        1    0.000    0.000    0.000    0.000 _interpolate.py:151(_check_broadcast_up_to)
        1    0.000    0.000    0.000    0.000 fourier.py:472(FiniteFourierSeries)
        1    0.000    0.000    0.000    0.000 bessel.py:590(besselk)
        1    0.000    0.000    0.000    0.000 orderings.py:10(MonomialOrder)
        6    0.000    0.000    0.000    0.000 memoization.py:4(recurrence_memo)
       16    0.000    0.000    0.000    0.000 factortools.py:348(<lambda>)
       12    0.000    0.000    0.000    0.000 inverselaplace.py:17(__init__)
        1    0.000    0.000    0.000    0.000 _datasource.py:196(DataSource)
        1    0.000    0.000    0.000    0.000 _new_distributions.py:150(_pdf_formula)
        1    0.000    0.000    0.000    0.000 report.py:3(ReportBase)
        1    0.000    0.000    0.000    0.000 polynomials.py:1108(hermite_prob)
       20    0.000    0.000    0.000    0.000 <frozen importlib._bootstrap>:1014(is_package)
        1    0.000    0.000    0.000    0.000 parse.py:350(SplitResultBytes)
        1    0.000    0.000    0.000    0.000 _shgo.py:488(SHGO)
        1    0.000    0.000    0.000    0.000 core.py:1329(make_mask_descr)
        1    0.000    0.000    0.000    0.000 polyoptions.py:573(Modulus)
        1    0.000    0.000    0.000    0.000 numbers.py:1587(partition)
        3    0.000    0.000    0.000    0.000 {built-in method posix.readlink}
       10    0.000    0.000    0.000    0.000 _ufunc_config.py:426(__init__)
        1    0.000    0.000    0.000    0.000 error_functions.py:976(erf2inv)
        1    0.000    0.000    0.000    0.000 _new_distributions.py:348(_sample_formula)
        1    0.000    0.000    0.000    0.000 boolalg.py:572(And)
        7    0.000    0.000    0.000    0.000 __init__.py:102(CFunctionType)
        1    0.000    0.000    0.000    0.000 hyper.py:833(HyperRep_power1)
        3    0.000    0.000    0.000    0.000 _distribution_infrastructure.py:2349(_mode_dispatch)
        1    0.000    0.000    0.000    0.000 {method 'readline' of '_io.BufferedReader' objects}
        1    0.000    0.000    0.000    0.000 tensor.py:1256(TensorIndex)
        1    0.000    0.000    0.000    0.000 factor_.py:1984(reduced_totient)
       12    0.000    0.000    0.000    0.000 doccer.py:139(extend_notes_in_docstring)
        4    0.000    0.000    0.000    0.000 <frozen os>:766(decode)
        1    0.000    0.000    0.000    0.000 immutable.py:80(ImmutableDenseMatrix)
        1    0.000    0.000    0.000    0.000 modules.py:159(ModuleElement)
        1    0.000    0.000    0.000    0.000 _aliases.py:24(arange)
        1    0.000    0.000    0.000    0.000 subspaces.py:1(<module>)
        1    0.000    0.000    0.000    0.000 exprtools.py:805(Term)
        1    0.000    0.000    0.000    0.000 frv_types.py:205(DieDistribution)
        1    0.000    0.000    0.000    0.000 tfqmr.py:1(<module>)
        1    0.000    0.000    0.000    0.000 poly_assignment.py:11(PolyAssignment)
       16    0.000    0.000    0.000    0.000 _pep440.py:301(<genexpr>)
        1    0.000    0.000    0.000    0.000 _machar.py:17(MachAr)
        9    0.000    0.000    0.000    0.000 dimensions.py:36(__init__)
        1    0.000    0.000    0.000    0.000 sets.py:1670(Complement)
        1    0.000    0.000    0.000    0.000 random.py:222(__init_subclass__)
       24    0.000    0.000    0.000    0.000 {method 'squeeze' of 'numpy.ndarray' objects}
       16    0.000    0.000    0.000    0.000 rec_builder_context.py:26(__init__)
       14    0.000    0.000    0.000    0.000 rv.py:303(<lambda>)
        1    0.000    0.000    0.000    0.000 _nbit.py:1(<module>)
       12    0.000    0.000    0.000    0.000 rv.py:243(symbol)
        1    0.000    0.000    0.000    0.000 string.py:57(Template)
        1    0.000    0.000    0.000    0.000 __init__.py:450(validate)
        1    0.000    0.000    0.000    0.000 _continuous_distns.py:10194(truncnorm_gen)
        1    0.000    0.000    0.000    0.000 textplot.py:1(<module>)
        1    0.000    0.000    0.000    0.000 assume.py:80(AppliedPredicate)
        1    0.000    0.000    0.000    0.000 quadrature.py:5(QuadratureRule)
        1    0.000    0.000    0.000    0.000 inverse.py:8(Inverse)
        1    0.000    0.000    0.000    0.000 _new_distributions.py:418(_mode_formula)
        1    0.000    0.000    0.000    0.000 loop_guard_transformer.py:21(__init__)
        1    0.000    0.000    0.000    0.000 single.py:341(NthAlgebraic)
        1    0.000    0.000    0.000    0.000 graycode.py:6(GrayCode)
        1    0.000    0.000    0.000    0.000 _resampling.py:2261(BootstrapMethod)
        1    0.000    0.000    0.000    0.000 _lebedev.py:1(<module>)
        1    0.000    0.000    0.000    0.000 records.py:308(recarray)
       21    0.000    0.000    0.000    0.000 _codata.py:2121(_check_obsolete)
        1    0.000    0.000    0.000    0.000 pickle.py:194(_Framer)
        1    0.000    0.000    0.000    0.000 _bsplines.py:69(BSpline)
        3    0.000    0.000    0.000    0.000 uniform.py:34(get_support)
        1    0.000    0.000    0.000    0.000 utils.py:43(Serialize)
        7    0.000    0.000    0.000    0.000 {method 'transpose' of 'numpy.ndarray' objects}
        1    0.000    0.000    0.000    0.000 field.py:8(Field)
        2    0.000    0.000    0.000    0.000 _aliases.py:116(astype)
        1    0.000    0.000    0.000    0.000 special.py:10(ZeroMatrix)
        1    0.000    0.000    0.000    0.000 core.py:6540(MaskedConstant)
        1    0.000    0.000    0.000    0.000 sysconfig.py:497(_get_sysconfigdata_name)
        1    0.000    0.000    0.000    0.000 boolalg.py:732(Or)
        1    0.000    0.000    0.000    0.000 pycode.py:401(ArrayPrinter)
        1    0.000    0.000    0.000    0.000 error_functions.py:2160(Chi)
        1    0.000    0.000    0.000    0.000 gruntz.py:154(SubsSet)
        2    0.000    0.000    0.000    0.000 order.py:394(<genexpr>)
       16    0.000    0.000    0.000    0.000 factor_.py:518(_factors)
        1    0.000    0.000    0.000    0.000 load_grammar.py:384(__init__)
        1    0.000    0.000    0.000    0.000 _continuous_distns.py:11261(wald_gen)
        1    0.000    0.000    0.000    0.000 numbers.py:1029(euler)
        1    0.000    0.000    0.000    0.000 initial_value_provider.py:5(InitialValueProvider)
        1    0.000    0.000    0.000    0.000 integers.py:95(floor)
        1    0.000    0.000    0.000    0.000 symbolic_probability.py:438(Covariance)
        1    0.000    0.000    0.000    0.000 traceback.py:374(StackSummary)
        1    0.000    0.000    0.000    0.000 _internal.py:616(_Stream)
        3    0.000    0.000    0.000    0.000 __init__.py:510(CFunctionType)
        1    0.000    0.000    0.000    0.000 single.py:2100(NthLinearConstantCoeffHomogeneous)
        1    0.000    0.000    0.000    0.000 spherical_harmonics.py:15(Ynm)
        2    0.000    0.000    0.000    0.000 _aliases.py:51(empty_like)
        1    0.000    0.000    0.000    0.000 transforms.py:60(IntegralTransform)
        1    0.000    0.000    0.000    0.000 complexes.py:1078(periodic_argument)
        3    0.000    0.000    0.000    0.000 polyclasses.py:869(is_zero)
        1    0.000    0.000    0.000    0.000 _continuous_distns.py:11746(argus_gen)
        4    0.000    0.000    0.000    0.000 _parser.py:295(seek)
        1    0.000    0.000    0.000    0.000 square_rules.py:1(<module>)
       44    0.000    0.000    0.000    0.000 expr.py:1225(getO)
        1    0.000    0.000    0.000    0.000 primes.py:41(PrimeIdeal)
        1    0.000    0.000    0.000    0.000 kind.py:156(__new__)
        1    0.000    0.000    0.000    0.000 false_cond.py:5(FalseCond)
        1    0.000    0.000    0.000    0.000 gamma_functions.py:1154(trigamma)
        1    0.000    0.000    0.000    0.000 fancysets.py:238(Reals)
        4    0.000    0.000    0.000    0.000 generate.py:61(<genexpr>)
        6    0.000    0.000    0.000    0.000 conflict.py:37(<genexpr>)
        1    0.000    0.000    0.000    0.000 exponential.py:930(_eval_is_complex)
        1    0.000    0.000    0.000    0.000 _nonlin.py:615(LowRankMatrix)
       31    0.000    0.000    0.000    0.000 wrapper.py:51(make_eval_method)
        1    0.000    0.000    0.000    0.000 _distribution_infrastructure.py:190(_Domain)
        1    0.000    0.000    0.000    0.000 expr.py:4105(ExprBuilder)
       25    0.000    0.000    0.000    0.000 enum.py:251(__init__)
        1    0.000    0.000    0.000    0.000 beta_functions.py:282(betainc_regularized)
        1    0.000    0.000    0.000    0.000 _continuous_distns.py:10077(truncexpon_gen)
        1    0.000    0.000    0.000    0.000 parabola.py:20(Parabola)
        1    0.000    0.000    0.000    0.000 singularity_functions.py:14(SingularityFunction)
        1    0.000    0.000    0.000    0.000 frv_types.py:761(RobustSolitonDistribution)
        1    0.000    0.000    0.000    0.000 _censored_data.py:60(CensoredData)
        1    0.000    0.000    0.000    0.000 plot.py:70(Plot)
        1    0.000    0.000    0.000    0.000 gamma_functions.py:222(lowergamma)
        1    0.000    0.000    0.000    0.000 numbers.py:292(Rational)
        1    0.000    0.000    0.000    0.000 pycode.py:537(PythonCodePrinter)
        1    0.000    0.000    0.000    0.000 core.py:1315(_replace_dtype_fields)
        1    0.000    0.000    0.000    0.000 error_functions.py:2699(_eis)
        1    0.000    0.000    0.000    0.000 containers.py:334(OrderedSet)
        1    0.000    0.000    0.000    0.000 numbers.py:3172(NegativeOne)
        1    0.000    0.000    0.000    0.000 _extract.py:1(<module>)
        1    0.000    0.000    0.000    0.000 complexes.py:793(conjugate)
       10    0.000    0.000    0.000    0.000 __future__.py:83(__init__)
        1    0.000    0.000    0.000    0.000 permutations.py:243(Cycle)
        1    0.000    0.000    0.000    0.000 modules.py:1102(SubModulePolyRing)
        1    0.000    0.000    0.000    0.000 modules.py:698(PowerBasis)
        1    0.000    0.000    0.000    0.000 hadamard.py:313(HadamardPower)
        1    0.000    0.000    0.000    0.000 trigonometric.py:45(TrigonometricFunction)
       12    0.000    0.000    0.000    0.000 matexpr.py:20(_sympifyit)
        1    0.000    0.000    0.000    0.000 _ode.py:781(IntegratorBase)
        6    0.000    0.000    0.000    0.000 _parser.py:166(__delitem__)
        1    0.000    0.000    0.000    0.000 numbers.py:3884(Exp1)
        1    0.000    0.000    0.000    0.000 _ufunc_config.py:367(errstate)
        1    0.000    0.000    0.000    0.000 polyclasses.py:10(GenericPoly)
        2    0.000    0.000    0.000    0.000 math2.py:53(_mathfun_n)
        1    0.000    0.000    0.000    0.000 _differentiable_functions.py:516(VectorFunction)
        1    0.000    0.000    0.000    0.000 zeta_functions.py:585(dirichlet_eta)
        1    0.000    0.000    0.000    0.000 polyoptions.py:346(Order)
        1    0.000    0.000    0.000    0.000 {built-in method _hashlib.openssl_sha1}
        1    0.000    0.000    0.000    0.000 _interpolate.py:173(interp1d)
        1    0.000    0.000    0.000    0.000 modules.py:43(Module)
        1    0.000    0.000    0.000    0.000 elliptic_integrals.py:13(elliptic_k)
       17    0.000    0.000    0.000    0.000 {built-in method math.isnan}
        1    0.000    0.000    0.000    0.000 special.py:68(GenericZeroMatrix)
        1    0.000    0.000    0.000    0.000 error_functions.py:1251(expint)
        1    0.000    0.000    0.000    0.000 stochastic_process_types.py:1769(_SubstituteRV)
        1    0.000    0.000    0.000    0.000 _kde.py:36(gaussian_kde)
        1    0.000    0.000    0.000    0.000 _interface.py:593(_CustomLinearOperator)
        1    0.000    0.000    0.000    0.000 contains.py:8(Contains)
        1    0.000    0.000    0.000    0.000 bessel.py:282(bessely)
        1    0.000    0.000    0.000    0.000 joint_rv.py:36(JointPSpace)
        1    0.000    0.000    0.000    0.000 _dtype_like.py:81(_SupportsDType)
        1    0.000    0.000    0.000    0.000 _parser.py:1012(addgroup)
        1    0.000    0.000    0.000    0.000 diagonal.py:157(DiagMatrix)
        1    0.000    0.000    0.000    0.000 lexer.py:424(make_lexer_state)
        1    0.000    0.000    0.000    0.000 tools.py:38(typed)
       15    0.000    0.000    0.000    0.000 arrayprint.py:993(<genexpr>)
        1    0.000    0.000    0.000    0.000 cse_main.py:218(FuncArgTracker)
        1    0.000    0.000    0.000    0.000 _at.py:61(at)
        1    0.000    0.000    0.000    0.000 strings.py:1(<module>)
        1    0.000    0.000    0.000    0.000 mathml.py:21(MathMLPrinterBase)
        1    0.000    0.000    0.000    0.000 _ccallback.py:26(LowLevelCallable)
        1    0.000    0.000    0.000    0.000 immutable.py:138(ImmutableSparseMatrix)
        1    0.000    0.000    0.000    0.000 homomorphisms.py:444(MatrixHomomorphism)
        1    0.000    0.000    0.000    0.000 plot.py:1282(MatplotlibBackend)
        1    0.000    0.000    0.000    0.000 gammasimp.py:467(_rf)
        8    0.000    0.000    0.000    0.000 mul.py:657(_handle_for_oo)
        1    0.000    0.000    0.000    0.000 complexes.py:993(polar_lift)
        1    0.000    0.000    0.000    0.000 _multivariate.py:211(multi_rv_generic)
        1    0.000    0.000    0.000    0.000 _distribution_infrastructure.py:2342(_median_icdf)
        1    0.000    0.000    0.000    0.000 _continuous_distns.py:11494(halfgennorm_gen)
        1    0.000    0.000    0.000    0.000 rk.py:74(RungeKutta)
        1    0.000    0.000    0.000    0.000 sets.py:2206(DisjointUnion)
        4    0.000    0.000    0.000    0.000 lalr_analysis.py:32(__init__)
        3    0.000    0.000    0.000    0.000 symbol.py:593(<genexpr>)
        3    0.000    0.000    0.000    0.000 densearith.py:548(dmp_add)
        7    0.000    0.000    0.000    0.000 {built-in method _warnings._filters_mutated}
        1    0.000    0.000    0.000    0.000 polyhedron.py:11(Polyhedron)
        1    0.000    0.000    0.000    0.000 _csc.py:17(_csc_base)
        1    0.000    0.000    0.000    0.000 _dia.py:20(_dia_base)
        1    0.000    0.000    0.000    0.000 beta_functions.py:20(beta)
        1    0.000    0.000    0.000    0.000 transforms.py:331(MellinTransform)
        1    0.000    0.000    0.000    0.000 numbers.py:279(lucas)
        2    0.000    0.000    0.000    0.000 rules.py:62(get)
       40    0.000    0.000    0.000    0.000 str.py:154(_print_Exp1)
        1    0.000    0.000    0.000    0.000 abc.py:153(TraversableResources)
        1    0.000    0.000    0.000    0.000 solvers.py:23(RawMatrix)
        1    0.000    0.000    0.000    0.000 inverselaplace.py:4(InverseLaplaceTransform)
        1    0.000    0.000    0.000    0.000 __init__.py:1224(levy_stable_frozen)
        1    0.000    0.000    0.000    0.000 _continuous_distns.py:1827(dpareto_lognorm_gen)
        1    0.000    0.000    0.000    0.000 _continuous_distns.py:7867(ncf_gen)
        1    0.000    0.000    0.000    0.000 _continuous_distns.py:12132(studentized_range_gen)
        1    0.000    0.000    0.000    0.000 hyper.py:885(HyperRep_log1)
        8    0.000    0.000    0.000    0.000 pythonmpq.py:111(__int__)
        1    0.000    0.000    0.000    0.000 extras.py:1607(MAxisConcatenator)
        1    0.000    0.000    0.000    0.000 fancysets.py:72(Naturals)
        1    0.000    0.000    0.000    0.000 zeta_functions.py:394(zeta)
        1    0.000    0.000    0.000    0.000 extensions.py:216(MonogenicFiniteExtension)
        1    0.000    0.000    0.000    0.000 sets.py:2704(SetKind)
        1    0.000    0.000    0.000    0.000 _ndbspline.py:26(NdBSpline)
        3    0.000    0.000    0.000    0.000 complexes.py:636(_eval_is_rational)
        1    0.000    0.000    0.000    0.000 _continuous_distns.py:7651(nakagami_gen)
        1    0.000    0.000    0.000    0.000 _spherical_voronoi.py:36(SphericalVoronoi)
        1    0.000    0.000    0.000    0.000 _aliases.py:536(floor)
        1    0.000    0.000    0.000    0.000 miscellaneous.py:683(Max)
        6    0.000    0.000    0.000    0.000 {method 'decode' of 'bytes' objects}
        1    0.000    0.000    0.000    0.000 trace.py:11(Trace)
        1    0.000    0.000    0.000    0.000 transpose.py:7(Transpose)
        1    0.000    0.000    0.000    0.000 cnf.py:15(Literal)
        1    0.000    0.000    0.000    0.000 selectors.py:290(SelectSelector)
        1    0.000    0.000    0.000    0.000 add_newdocs.py:1(<module>)
        4    0.000    0.000    0.000    0.000 timeutils.py:53(timethis)
       44    0.000    0.000    0.000    0.000 load_grammar.py:825(nonterminal)
        1    0.000    0.000    0.000    0.000 parameters.py:60(__init__)
        3    0.000    0.000    0.000    0.000 _distribution_infrastructure.py:2498(_pmf_dispatch)
        1    0.000    0.000    0.000    0.000 drv.py:209(DiscretePSpace)
        1    0.000    0.000    0.000    0.000 __init__.py:1482(Logger)
        1    0.000    0.000    0.000    0.000 random.py:876(SystemRandom)
        6    0.000    0.000    0.000    0.000 _distribution_infrastructure.py:1879(validation_policy)
        5    0.000    0.000    0.000    0.000 threading.py:124(RLock)
        1    0.000    0.000    0.000    0.000 _special_sparse_arrays.py:688(MikotaM)
        7    0.000    0.000    0.000    0.000 program.py:53(is_iteration_dependent)
        1    0.000    0.000    0.000    0.000 polyoptions.py:540(Extension)
        1    0.000    0.000    0.000    0.000 hyper.py:1076(HyperRep_sinasin)
        1    0.000    0.000    0.000    0.000 _multivariate.py:1897(wishart_gen)
        1    0.000    0.000    0.000    0.000 _internal.py:205(dummy_ctype)
        1    0.000    0.000    0.000    0.000 sequences.py:963(SeqExprOp)
        1    0.000    0.000    0.000    0.000 binrel.py:135(AppliedBinaryRelation)
        1    0.000    0.000    0.000    0.000 stochastic_process_types.py:2150(PoissonProcess)
        1    0.000    0.000    0.000    0.000 traceback.py:679(TracebackException)
        1    0.000    0.000    0.000    0.000 formal.py:964(Coeff)
        1    0.000    0.000    0.000    0.000 polynomials.py:561(chebyshevu)
        1    0.000    0.000    0.000    0.000 polynomials.py:773(legendre)
        1    0.000    0.000    0.000    0.000 assume.py:358(UndefinedPredicate)
        9    0.000    0.000    0.000    0.000 {built-in method _operator.le}
        1    0.000    0.000    0.000    0.000 _continuous_distns.py:11561(crystalball_gen)
       34    0.000    0.000    0.000    0.000 inspect.py:3062(return_annotation)
        1    0.000    0.000    0.000    0.000 sequences.py:1021(SeqAdd)
        1    0.000    0.000    0.000    0.000 special.py:174(GenericIdentity)
        1    0.000    0.000    0.000    0.000 tempfile.py:614(_TemporaryFileWrapper)
        1    0.000    0.000    0.000    0.000 bessel.py:1665(airyaiprime)
        1    0.000    0.000    0.000    0.000 elliptic_integrals.py:188(elliptic_e)
        2    0.000    0.000    0.000    0.000 cache.py:183(LazyFunctionMeta)
        1    0.000    0.000    0.000    0.000 hyper.py:1054(HyperRep_cosasin)
        1    0.000    0.000    0.000    0.000 miscellaneous.py:864(Rem)
        1    0.000    0.000    0.000    0.000 fancysets.py:165(Integers)
        3    0.000    0.000    0.000    0.000 enum.py:828(__members__)
        3    0.000    0.000    0.000    0.000 complexes.py:633(_eval_is_extended_positive)
        1    0.000    0.000    0.000    0.000 frv_types.py:486(BetaBinomialDistribution)
        2    0.000    0.000    0.000    0.000 visitors.py:132(__mul__)
        2    0.000    0.000    0.000    0.000 deprecation.py:184(_deprecate_positional_args)
        1    0.000    0.000    0.000    0.000 logic.py:322(AndOr_Base)
        2    0.000    0.000    0.000    0.000 load_grammar.py:532(__init__)
        2    0.000    0.000    0.000    0.000 _weakrefset.py:85(add)
        1    0.000    0.000    0.000    0.000 _internal.py:217(_getintp_ctype)
       32    0.000    0.000    0.000    0.000 multiarray.py:669(result_type)
        1    0.000    0.000    0.000    0.000 _continuous_distns.py:6250(levy_gen)
        1    0.000    0.000    0.000    0.000 hyper.py:969(HyperRep_sqrts1)
        1    0.000    0.000    0.000    0.000 ring.py:9(Ring)
        1    0.000    0.000    0.000    0.000 goal_parser.py:12(GoalParser)
        1    0.000    0.000    0.000    0.000 hyper.py:926(HyperRep_asin1)
        1    0.000    0.000    0.000    0.000 _distribution_infrastructure.py:3621(DiscreteDistribution)
        1    0.000    0.000    0.000    0.000 gamma_functions.py:865(loggamma)
        1    0.000    0.000    0.000    0.000 mod.py:11(Mod)
        1    0.000    0.000    0.000    0.000 hyperexpand.py:608(G_Function)
        1    0.000    0.000    0.000    0.000 _datasource.py:99(__init__)
        1    0.000    0.000    0.000    0.000 numbers.py:4240(EulerGamma)
        1    0.000    0.000    0.000    0.000 _kdtree.py:287(node)
        1    0.000    0.000    0.000    0.000 function.py:818(AppliedUndef)
        1    0.000    0.000    0.000    0.000 _continuous_distns.py:6577(loggamma_gen)
        1    0.000    0.000    0.000    0.000 adjoint.py:7(Adjoint)
        1    0.000    0.000    0.000    0.000 _matfuncs.py:207(ProductOperator)
        1    0.000    0.000    0.000    0.000 sparse_ndim_array.py:11(SparseNDimArray)
        2    0.000    0.000    0.000    0.000 ctx_mp_python.py:147(__nonzero__)
        1    0.000    0.000    0.000    0.000 sets.py:1837(UniversalSet)
        1    0.000    0.000    0.000    0.000 mpelements.py:14(RealElement)
        1    0.000    0.000    0.000    0.000 tokenize.py:382(find_cookie)
        1    0.000    0.000    0.000    0.000 sequences.py:467(SeqPer)
        2    0.000    0.000    0.000    0.000 typing.py:237(_type_repr)
        1    0.000    0.000    0.000    0.000 hyper.py:945(HyperRep_asin2)
        7    0.000    0.000    0.000    0.000 densebasic.py:829(dmp_zeros)
        3    0.000    0.000    0.000    0.000 lalr_parser.py:41(__init__)
        1    0.000    0.000    0.000    0.000 _exceptions.py:38(_UFuncNoLoopError)
        1    0.000    0.000    0.000    0.000 dense_ndim_array.py:160(MutableDenseNDimArray)
        1    0.000    0.000    0.000    0.000 boolalg.py:838(Not)
        4    0.000    0.000    0.000    0.000 {method 'random' of '_random.Random' objects}
        1    0.000    0.000    0.000    0.000 uniform.py:14(set_parameters)
        1    0.000    0.000    0.000    0.000 polyoptions.py:324(Sort)
        1    0.000    0.000    0.000    0.000 _continuous_distns.py:3324(genextreme_gen)
        1    0.000    0.000    0.000    0.000 elliptic_integrals.py:310(elliptic_pi)
        1    0.000    0.000    0.000    0.000 numbers.py:3827(NumberSymbol)
        1    0.000    0.000    0.000    0.000 functions.py:89(defun_static)
        1    0.000    0.000    0.000    0.000 loop_guard_transformer.py:39(_collapse_first_level_ifs)
        2    0.000    0.000    0.000    0.000 index_tricks.py:144(__init__)
        1    0.000    0.000    0.000    0.000 _continuous_distns.py:7966(t_gen)
        1    0.000    0.000    0.000    0.000 _globals.py:52(__new__)
        1    0.000    0.000    0.000    0.000 ordinals.py:5(OmegaPower)
        1    0.000    0.000    0.000    0.000 polynomials.py:1006(hermite)
        6    0.000    0.000    0.000    0.000 __init__.py:208(_checkLevel)
        3    0.000    0.000    0.000    0.000 dimensions.py:371(dimensional_dependencies)
        1    0.000    0.000    0.000    0.000 _weakrefset.py:37(__init__)
        1    0.000    0.000    0.000    0.000 permutation.py:168(MatrixPermute)
        1    0.000    0.000    0.000    0.000 _continuous_distns.py:9531(semicircular_gen)
        1    0.000    0.000    0.000    0.000 _distribution_infrastructure.py:5508(FoldedDistribution)
        2    0.000    0.000    0.000    0.000 _parser.py:1004(addliteral)
        1    0.000    0.000    0.000    0.000 _continuous_distns.py:8862(powerlognorm_gen)
        1    0.000    0.000    0.000    0.000 pathlib.py:1415(PosixPath)
        1    0.000    0.000    0.000    0.000 graph.py:14(__init__)
       10    0.000    0.000    0.000    0.000 decorator.py:195(<genexpr>)
        1    0.000    0.000    0.000    0.000 {built-in method _imp.get_frozen_object}
        2    0.000    0.000    0.000    0.000 _new_distributions.py:299(_process_parameters)
        4    0.000    0.000    0.000    0.000 rv.py:643(<genexpr>)
        1    0.000    0.000    0.000    0.000 rv.py:382(IndependentProductPSpace)
        1    0.000    0.000    0.000    0.000 _cobyqa_py.py:1(<module>)
        2    0.000    0.000    0.000    0.000 typing.py:1465(__subclasscheck__)
        5    0.000    0.000    0.000    0.000 matrices.py:1017(<genexpr>)
        1    0.000    0.000    0.000    0.000 joint_rv_types.py:556(MultivariateEwensDistribution)
        1    0.000    0.000    0.000    0.000 matrices.py:747(MatrixMethods)
        8    0.000    0.000    0.000    0.000 {method 'acquire' of '_thread.RLock' objects}
        1    0.000    0.000    0.000    0.000 modules.py:282(FreeModule)
        1    0.000    0.000    0.000    0.000 _continuous_distns.py:9474(recipinvgauss_gen)
        3    0.000    0.000    0.000    0.000 __init__.py:443(__init__)
        1    0.000    0.000    0.000    0.000 compositedomain.py:9(CompositeDomain)
        1    0.000    0.000    0.000    0.000 polynomials.py:290(gegenbauer)
        1    0.000    0.000    0.000    0.000 facts.py:257(Prover)
        1    0.000    0.000    0.000    0.000 ctx_mp_python.py:607(default)
        2    0.000    0.000    0.000    0.000 exponential.py:927(_eval_is_extended_real)
        1    0.000    0.000    0.000    0.000 _testutils.py:138(_TestPythranFunc)
        1    0.000    0.000    0.000    0.000 matrix_distributions.py:20(MatrixPSpace)
        2    0.000    0.000    0.000    0.000 matfuncs.py:1(<module>)
        4    0.000    0.000    0.000    0.000 typing.py:2534(final)
        2    0.000    0.000    0.000    0.000 parser_frontends.py:105(__init__)
        1    0.000    0.000    0.000    0.000 olll.py:5(Vector)
        1    0.000    0.000    0.000    0.000 _continuous_distns.py:7476(kappa3_gen)
        1    0.000    0.000    0.000    0.000 line.py:1578(Segment)
        1    0.000    0.000    0.000    0.000 arrayprint.py:905(FloatingFormat)
        1    0.000    0.000    0.000    0.000 decomp_cholesky.py:1(<module>)
        1    0.000    0.000    0.000    0.000 __init__.py:373(_FuncPtr)
        1    0.000    0.000    0.000    0.000 complexes.py:927(adjoint)
        1    0.000    0.000    0.000    0.000 enumerative.py:370(MultisetPartitionTraverser)
        1    0.000    0.000    0.000    0.000 sympy_parser.py:365(split_symbols_custom)
        1    0.000    0.000    0.000    0.000 dense_ndim_array.py:132(ImmutableDenseNDimArray)
        1    0.000    0.000    0.000    0.000 _pep440.py:165(LegacyVersion)
        4    0.000    0.000    0.000    0.000 galoistools.py:389(gf_sub_ground)
        2    0.000    0.000    0.000    0.000 {built-in method posix.register_at_fork}
        1    0.000    0.000    0.000    0.000 tree.py:18(Tree)
        1    0.000    0.000    0.000    0.000 _differentiable_functions.py:119(ScalarFunction)
        1    0.000    0.000    0.000    0.000 arrayprint.py:1304(DatetimeFormat)
        1    0.000    0.000    0.000    0.000 diagonal.py:9(DiagonalMatrix)
        1    0.000    0.000    0.000    0.000 polynomials.py:1210(laguerre)
        1    0.000    0.000    0.000    0.000 gamma_functions.py:398(uppergamma)
        1    0.000    0.000    0.000    0.000 factorials.py:494(RisingFactorial)
        1    0.000    0.000    0.000    0.000 fglmtools.py:1(<module>)
        2    0.000    0.000    0.000    0.000 common.py:25(__init__)
        1    0.000    0.000    0.000    0.000 _vertex.py:9(VertexBase)
        1    0.000    0.000    0.000    0.000 pydoc.py:1195(__init__)
        1    0.000    0.000    0.000    0.000 matrix_distributions.py:241(MatrixGammaDistribution)
        1    0.000    0.000    0.000    0.000 weakref.py:289(update)
        2    0.000    0.000    0.000    0.000 _new_distributions.py:324(_icdf_formula)
        1    0.000    0.000    0.000    0.000 _index.py:25(IndexMixin)
        1    0.000    0.000    0.000    0.000 expr_with_intlimits.py:13(ExprWithIntLimits)
        2    0.000    0.000    0.000    0.000 _pep440.py:158(_compare)
        1    0.000    0.000    0.000    0.000 ellipse.py:1489(Circle)
        3    0.000    0.000    0.000    0.000 enum.py:1692(_simple_enum)
        1    0.000    0.000    0.000    0.000 ctx_mp.py:1301(PrecisionManager)
        1    0.000    0.000    0.000    0.000 {built-in method posix.confstr}
        1    0.000    0.000    0.000    0.000 index_tricks.py:569(ndenumerate)
        1    0.000    0.000    0.000    0.000 py3k.py:92(contextlib_nullcontext)
        1    0.000    0.000    0.000    0.000 error_functions.py:1639(Li)
        1    0.000    0.000    0.000    0.000 tensor_functions.py:42(LeviCivita)
        1    0.000    0.000    0.000    0.000 multidimensional.py:56(vectorize)
        1    0.000    0.000    0.000    0.000 bound_store.py:29(add_lower_bound)
        1    0.000    0.000    0.000    0.000 determinant.py:8(Determinant)
        1    0.000    0.000    0.000    0.000 relational.py:1124(LessThan)
        1    0.000    0.000    0.000    0.000 calculus.py:5(MatrixCalculusMethods)
        1    0.000    0.000    0.000    0.000 _multivariate.py:295(multivariate_normal_gen)
        2    0.000    0.000    0.000    0.000 core.py:6643(__setattr__)
        1    0.000    0.000    0.000    0.000 timeit.py:86(Timer)
        1    0.000    0.000    0.000    0.000 transformer.py:16(TreeTransformer)
        1    0.000    0.000    0.000    0.000 lambdarepr.py:20(LambdaPrinter)
        4    0.000    0.000    0.000    0.000 matrices.py:1055(<genexpr>)
        1    0.000    0.000    0.000    0.000 _distn_infrastructure.py:4006(rv_sample)
        1    0.000    0.000    0.000    0.000 _iotools.py:133(LineSplitter)
        1    0.000    0.000    0.000    0.000 _wilcoxon.py:12(WilcoxonDistribution)
        6    0.000    0.000    0.000    0.000 {built-in method math.sqrt}
        5    0.000    0.000    0.000    0.000 {built-in method _operator.lt}
        3    0.000    0.000    0.000    0.000 complexes.py:627(_eval_is_extended_nonzero)
        1    0.000    0.000    0.000    0.000 boolalg.py:253(BooleanTrue)
        1    0.000    0.000    0.000    0.000 polynomials.py:889(assoc_legendre)
        1    0.000    0.000    0.000    0.000 matrix_distributions.py:73(SampleMatrixScipy)
        1    0.000    0.000    0.000    0.000 _continuous_distns.py:10001(triang_gen)
        1    0.000    0.000    0.000    0.000 _lambertw.py:1(<module>)
        1    0.000    0.000    0.000    0.000 plot.py:1018(SurfaceBaseSeries)
        1    0.000    0.000    0.000    0.000 limits.py:130(Limit)
        1    0.000    0.000    0.000    0.000 solver.py:4(Solver)
        1    0.000    0.000    0.000    0.000 load_grammar.py:835(GrammarLoader)
        1    0.000    0.000    0.000    0.000 _continuous_distns.py:5839(johnsonsu_gen)
        1    0.000    0.000    0.000    0.000 bessel.py:882(jn)
        1    0.000    0.000    0.000    0.000 not_cond.py:4(Not)
        1    0.000    0.000    0.000    0.000 factorials.py:374(factorial2)
        1    0.000    0.000    0.000    0.000 _typing.py:36(JustInt)
        1    0.000    0.000    0.000    0.000 polynomials.py:28(OrthogonalPolynomial)
        1    0.000    0.000    0.000    0.000 __init__.py:1353(Manager)
        1    0.000    0.000    0.000    0.000 parse.py:190(_NetlocResultMixinStr)
        1    0.000    0.000    0.000    0.000 load_grammar.py:236(SimplifyRule_Visitor)
        1    0.000    0.000    0.000    0.000 functions.py:11(TensorProduct)
        1    0.000    0.000    0.000    0.000 function.py:938(WildFunction)
        1    0.000    0.000    0.000    0.000 single.py:1299(SeparableReduced)
        1    0.000    0.000    0.000    0.000 cnf.py:80(OR)
        1    0.000    0.000    0.000    0.000 hyper.py:998(HyperRep_sqrts2)
        2    0.000    0.000    0.000    0.000 _new_distributions.py:44(__new__)
       15    0.000    0.000    0.000    0.000 arrayprint.py:994(<genexpr>)
        1    0.000    0.000    0.000    0.000 factorials.py:655(FallingFactorial)
        1    0.000    0.000    0.000    0.000 generate.py:419(primepi)
        1    0.000    0.000    0.000    0.000 _continuous_distns.py:7202(kappa4_gen)
        1    0.000    0.000    0.000    0.000 tensor.py:4458(WildTensorIndex)
        1    0.000    0.000    0.000    0.000 stochastic_process.py:6(StochasticPSpace)
        1    0.000    0.000    0.000    0.000 memoization.py:1(<module>)
        1    0.000    0.000    0.000    0.000 or_cond.py:5(Or)
        1    0.000    0.000    0.000    0.000 cnf.py:402(EncodedCNF)
        1    0.000    0.000    0.000    0.000 error_functions.py:801(erfinv)
        1    0.000    0.000    0.000    0.000 multinomial.py:1(<module>)
        1    0.000    0.000    0.000    0.000 _continuous_distns.py:8083(nct_gen)
        3    0.000    0.000    0.000    0.000 _new_distributions.py:433(_moment_central_formula)
        1    0.000    0.000    0.000    0.000 npyio.py:42(BagObj)
        1    0.000    0.000    0.000    0.000 factor_.py:2046(divisor_sigma)
        8    0.000    0.000    0.000    0.000 contextlib.py:446(__exit__)
        1    0.000    0.000    0.000    0.000 usertools.py:1(<module>)
        1    0.000    0.000    0.000    0.000 selectors.py:341(_PollLikeSelector)
        1    0.000    0.000    0.000    0.000 rv.py:175(PSpace)
        1    0.000    0.000    0.000    0.000 _continuous_distns.py:5780(johnsonsb_gen)
        1    0.000    0.000    0.000    0.000 _continuous_distns.py:2864(truncweibull_min_gen)
        1    0.000    0.000    0.000    0.000 single.py:732(Bernoulli)
        1    0.000    0.000    0.000    0.000 hyper.py:1029(HyperRep_log2)
        1    0.000    0.000    0.000    0.000 _covariance.py:463(CovViaPrecision)
        1    0.000    0.000    0.000    0.000 __init__.py:10(NBitBase)
       30    0.000    0.000    0.000    0.000 expr.py:3507(_eval_as_leading_term)
        1    0.000    0.000    0.000    0.000 _fit.py:41(FitResult)
        1    0.000    0.000    0.000    0.000 _bunch.py:1(<module>)
        1    0.000    0.000    0.000    0.000 residue_ntheory.py:1064(mobius)
        9    0.000    0.000    0.000    0.000 rv.py:304(<lambda>)
        1    0.000    0.000    0.000    0.000 spfun_stats.py:1(<module>)
        1    0.000    0.000    0.000    0.000 _data.py:168(_minmax_mixin)
        1    0.000    0.000    0.000    0.000 index_tricks.py:109(nd_grid)
        1    0.000    0.000    0.000    0.000 tempfile.py:271(_RandomNameSequence)
        1    0.000    0.000    0.000    0.000 _pep440.py:140(__lt__)
       18    0.000    0.000    0.000    0.000 _distribution_infrastructure.py:1761(<genexpr>)
        1    0.000    0.000    0.000    0.000 {method 'view' of 'numpy.generic' objects}
        1    0.000    0.000    0.000    0.000 elliptic_integrals.py:103(elliptic_f)
        1    0.000    0.000    0.000    0.000 helpers.py:5(Expexted)
        1    0.000    0.000    0.000    0.000 extrapolation.py:266(levin_class)
        1    0.000    0.000    0.000    0.000 diophantine.py:448(BinaryQuadratic)
        1    0.000    0.000    0.000    0.000 pickle.py:257(_Unframer)
        1    0.000    0.000    0.000    0.000 bessel.py:1822(airybiprime)
        1    0.000    0.000    0.000    0.000 factor_.py:2199(udivisor_sigma)
        1    0.000    0.000    0.000    0.000 {built-in method _hashlib.openssl_sha3_224}
        4    0.000    0.000    0.000    0.000 __init__.py:811(__init__)
        1    0.000    0.000    0.000    0.000 relational.py:801(_Inequality)
        1    0.000    0.000    0.000    0.000 index_tricks.py:618(ndindex)
        1    0.000    0.000    0.000    0.000 cse_main.py:345(Unevaluated)
        1    0.000    0.000    0.000    0.000 mathieu_functions.py:24(mathieus)
        1    0.000    0.000    0.000    0.000 polynomials.py:45(jacobi)
        1    0.000    0.000    0.000    0.000 matrix_distributions.py:142(SampleMatrixPymc)
        1    0.000    0.000    0.000    0.000 _distribution_infrastructure.py:2301(_entropy_dispatch)
        1    0.000    0.000    0.000    0.000 _continuous_distns.py:5457(norminvgauss_gen)
       10    0.000    0.000    0.000    0.000 ctx_iv.py:355(_wrap_mpi_function)
        1    0.000    0.000    0.000    0.000 relational.py:883(GreaterThan)
        1    0.000    0.000    0.000    0.000 selectors.py:442(EpollSelector)
        1    0.000    0.000    0.000    0.000 finite_fixed_point_typer.py:44(__init__)
        1    0.000    0.000    0.000    0.000 _multivariate.py:4881(multivariate_hypergeom_gen)
        1    0.000    0.000    0.000    0.000 ctypeslib.py:181(_ndptr)
        1    0.000    0.000    0.000    0.000 frv.py:91(SingleFiniteDomain)
        1    0.000    0.000    0.000    0.000 special_matrices.py:1(<module>)
        1    0.000    0.000    0.000    0.000 {built-in method _hashlib.openssl_sha3_256}
        1    0.000    0.000    0.000    0.000 {built-in method _hashlib.openssl_sha256}
        1    0.000    0.000    0.000    0.000 _array_like.py:39(_SupportsArray)
        1    0.000    0.000    0.000    0.000 diophantine.py:38(DiophantineSolutionSet)
        1    0.000    0.000    0.000    0.000 _continuous_distns.py:3137(genpareto_gen)
        1    0.000    0.000    0.000    0.000 polyoptions.py:618(Auto)
        1    0.000    0.000    0.000    0.000 _sensitivity_analysis.py:161(SobolResult)
        1    0.000    0.000    0.000    0.000 lexer.py:96(Token)
        1    0.000    0.000    0.000    0.000 _continuous_distns.py:1514(chi_gen)
        1    0.000    0.000    0.000    0.000 __init__.py:157(py_object)
        1    0.000    0.000    0.000    0.000 complexes.py:870(transpose)
       26    0.000    0.000    0.000    0.000 dataclasses.py:879(_hash_set_none)
        1    0.000    0.000    0.000    0.000 companion.py:8(CompanionMatrix)
        2    0.000    0.000    0.000    0.000 sysconfig.py:352(get_default_scheme)
        1    0.000    0.000    0.000    0.000 epathtools.py:6(EPath)
        1    0.000    0.000    0.000    0.000 conditions_reducer.py:11(ConditionsReducer)
        1    0.000    0.000    0.000    0.000 _multivariate.py:2578(invwishart_gen)
        1    0.000    0.000    0.000    0.000 graph.py:7(Graph)
        1    0.000    0.000    0.000    0.000 polyoptions.py:268(Gens)
        1    0.000    0.000    0.000    0.000 dispatcher.py:366(MethodDispatcher)
        1    0.000    0.000    0.000    0.000 _multivariate.py:877(multivariate_normal_frozen)
        1    0.000    0.000    0.000    0.000 _differentiable_functions.py:53(_ScalarHessWrapper)
        1    0.000    0.000    0.000    0.000 hyperexpand.py:926(MeijerFormulaCollection)
        2    0.000    0.000    0.000    0.000 common.py:11(__init__)
        1    0.000    0.000    0.000    0.000 stochastic_process_types.py:2310(GammaProcess)
        1    0.000    0.000    0.000    0.000 _distribution_infrastructure.py:1235(_kwargs2args)
        1    0.000    0.000    0.000    0.000 _continuous_distns.py:8318(lomax_gen)
        1    0.000    0.000    0.000    0.000 miscellaneous.py:801(Min)
        1    0.000    0.000    0.000    0.000 polyerrors.py:155(PolificationFailed)
        1    0.000    0.000    0.000    0.000 polyoptions.py:509(Split)
        1    0.000    0.000    0.000    0.000 _continuous_distns.py:6102(laplace_asymmetric_gen)
        1    0.000    0.000    0.000    0.000 _continuous_distns.py:7771(ncx2_gen)
        1    0.000    0.000    0.000    0.000 _svdp.py:50(_AProd)
        1    0.000    0.000    0.000    0.000 sequences.py:1127(SeqMul)
        1    0.000    0.000    0.000    0.000 random_matrix_models.py:112(GaussianUnitaryEnsembleModel)
        1    0.000    0.000    0.000    0.000 _multivariate.py:3162(multinomial_gen)
        1    0.000    0.000    0.000    0.000 _continuous_distns.py:508(alpha_gen)
        1    0.000    0.000    0.000    0.000 parse.py:220(_NetlocResultMixinBytes)
        5    0.000    0.000    0.000    0.000 transforms.py:224(_noconds_)
        1    0.000    0.000    0.000    0.000 monomials.py:394(MonomialOps)
       12    0.000    0.000    0.000    0.000 distance.py:1814(<lambda>)
        1    0.000    0.000    0.000    0.000 stochastic_process_types.py:78(_set_converter)
        1    0.000    0.000    0.000    0.000 _continuous_distns.py:4783(hypsecant_gen)
        1    0.000    0.000    0.000    0.000 boolalg.py:1348(ITE)
       17    0.000    0.000    0.000    0.000 multiarray.py:1080(copyto)
       16    0.000    0.000    0.000    0.000 multiarray.py:153(concatenate)
        1    0.000    0.000    0.000    0.000 sequences.py:612(SeqFormula)
        2    0.000    0.000    0.000    0.000 libmpf.py:345(to_int)
        1    0.000    0.000    0.000    0.000 _distribution_infrastructure.py:5382(MonotonicTransformedDistribution)
        1    0.000    0.000    0.000    0.000 single.py:1750(LinearCoefficients)
        1    0.000    0.000    0.000    0.000 cnf.py:112(AND)
        1    0.000    0.000    0.000    0.000 assumptions.py:464(StdFactKB)
        1    0.000    0.000    0.000    0.000 crv.py:465(SingleContinuousPSpace)
        1    0.000    0.000    0.000    0.000 modules.py:450(FreeModulePolyRing)
        1    0.000    0.000    0.000    0.000 rv.py:537(ProductDomain)
        1    0.000    0.000    0.000    0.000 _continuous_distns.py:6354(levy_l_gen)
       27    0.000    0.000    0.000    0.000 load_grammar.py:286(expansions)
        1    0.000    0.000    0.000    0.000 finite_fixed_point_typer.py:67(_check_applicability)
        1    0.000    0.000    0.000    0.000 rv.py:230(SinglePSpace)
        1    0.000    0.000    0.000    0.000 hyperexpand.py:1247(MeijerUnShiftC)
        1    0.000    0.000    0.000    0.000 error_functions.py:2650(_erfs)
        1    0.000    0.000    0.000    0.000 relational.py:1141(StrictGreaterThan)
        1    0.000    0.000    0.000    0.000 enumerative.py:92(PartComponent)
        1    0.000    0.000    0.000    0.000 _special_sparse_arrays.py:518(Sakurai)
        1    0.000    0.000    0.000    0.000 modules.py:1335(QuotientModule)
        1    0.000    0.000    0.000    0.000 _stats_py.py:11024(_SimpleNormal)
        1    0.000    0.000    0.000    0.000 error_functions.py:1735(TrigonometricIntegral)
        2    0.000    0.000    0.000    0.000 {method 'copy' of 'list' objects}
        1    0.000    0.000    0.000    0.000 partitions.py:15(Partition)
        1    0.000    0.000    0.000    0.000 _continuous_distns.py:5935(landau_gen)
        1    0.000    0.000    0.000    0.000 arpack.py:315(_ArpackParams)
        1    0.000    0.000    0.000    0.000 true_cond.py:5(TrueCond)
        1    0.000    0.000    0.000    0.000 tableform.py:9(TableForm)
        3    0.000    0.000    0.000    0.000 containers.py:285(keys)
        1    0.000    0.000    0.000    0.000 stride_tricks.py:15(DummyArray)
        1    0.000    0.000    0.000    0.000 polyoptions.py:255(Expand)
       22    0.000    0.000    0.000    0.000 true_cond.py:23(subs)
        1    0.000    0.000    0.000    0.000 transforms.py:1428(HankelTypeTransform)
        1    0.000    0.000    0.000    0.000 formal.py:1696(FormalPowerSeriesInverse)
        1    0.000    0.000    0.000    0.000 exponential.py:137(exp_polar)
       16    0.000    0.000    0.000    0.000 numbers.py:3721(_as_mpf_val)
        1    0.000    0.000    0.000    0.000 perm_groups.py:5355(Coset)
        1    0.000    0.000    0.000    0.000 diagonal.py:86(DiagonalOf)
        1    0.000    0.000    0.000    0.000 __init__.py:1702(addHandler)
        1    0.000    0.000    0.000    0.000 singledispatchmethod.py:53(singledispatchmethod)
        1    0.000    0.000    0.000    0.000 hyperexpand.py:674(Formula)
        1    0.000    0.000    0.000    0.000 frv.py:61(FiniteDomain)
        1    0.000    0.000    0.000    0.000 numbers.py:3236(Half)
        1    0.000    0.000    0.000    0.000 earley_forest.py:326(ForestTransformer)
       10    0.000    0.000    0.000    0.000 mpelements.py:23(<lambda>)
        1    0.000    0.000    0.000    0.000 __init__.py:919(Handler)
        1    0.000    0.000    0.000    0.000 plot.py:1567(TextBackend)
        1    0.000    0.000    0.000    0.000 tensor.py:4275(WildTensor)
        1    0.000    0.000    0.000    0.000 _continuous_distns.py:5677(jf_skew_t_gen)
        1    0.000    0.000    0.000    0.000 _continuous_distns.py:9892(trapezoid_gen)
        3    0.000    0.000    0.000    0.000 core.py:104(do_one)
        1    0.000    0.000    0.000    0.000 numbers.py:4299(Catalan)
        1    0.000    0.000    0.000    0.000 named_groups.py:1(<module>)
        1    0.000    0.000    0.000    0.000 parser_frontends.py:96(WithLexer)
        3    0.000    0.000    0.000    0.000 lexer.py:166(__init__)
        1    0.000    0.000    0.000    0.000 _interface.py:781(_PowerLinearOperator)
        4    0.000    0.000    0.000    0.000 _multiufuncs.py:72(_override_resolve_out_shapes)
        1    0.000    0.000    0.000    0.000 bound_store.py:19(__init__)
        1    0.000    0.000    0.000    0.000 util.py:6(assoc)
        1    0.000    0.000    0.000    0.000 colorsys.py:1(<module>)
        1    0.000    0.000    0.000    0.000 solv_loop_synthesizer.py:9(SolvLoopSynthesizer)
        1    0.000    0.000    0.000    0.000 base.py:28(OdeSolver)
        1    0.000    0.000    0.000    0.000 hmac.py:27(HMAC)
        1    0.000    0.000    0.000    0.000 gamma_functions.py:1255(multigamma)
        1    0.000    0.000    0.000    0.000 printer.py:352(_PrintFunction)
        1    0.000    0.000    0.000    0.000 _stats_py.py:4297(PearsonRResult)
        1    0.000    0.000    0.000    0.000 error_functions.py:894(erfcinv)
        1    0.000    0.000    0.000    0.000 _ode.py:843(vode)
        1    0.000    0.000    0.000    0.000 single.py:443(FirstExact)
        1    0.000    0.000    0.000    0.000 _continuous_distns.py:7556(moyal_gen)
        1    0.000    0.000    0.000    0.000 _morestats.py:2625(_ABW)
        1    0.000    0.000    0.000    0.000 _hessian_update_strategy.py:11(HessianUpdateStrategy)
        1    0.000    0.000    0.000    0.000 selectors.py:433(PollSelector)
        6    0.000    0.000    0.000    0.000 typing.py:3013(<lambda>)
        1    0.000    0.000    0.000    0.000 _ode.py:110(ode)
        1    0.000    0.000    0.000    0.000 _interface.py:639(_AdjointLinearOperator)
        1    0.000    0.000    0.000    0.000 matrix_distributions.py:328(WishartDistribution)
        1    0.000    0.000    0.000    0.000 __init__.py:1358(__init__)
        1    0.000    0.000    0.000    0.000 traceback.py:248(FrameSummary)
        1    0.000    0.000    0.000    0.000 _datasource.py:74(_FileOpeners)
        1    0.000    0.000    0.000    0.000 _continuous_distns.py:1965(dweibull_gen)
        1    0.000    0.000    0.000    0.000 drv.py:283(SingleDiscretePSpace)
        1    0.000    0.000    0.000    0.000 finite_fixed_point_typer.py:13(Status)
        1    0.000    0.000    0.000    0.000 bound_store.py:24(add_upper_bound)
        1    0.000    0.000    0.000    0.000 polynomials.py:1320(assoc_laguerre)
        1    0.000    0.000    0.000    0.000 linalg.py:67(LinAlgError)
        1    0.000    0.000    0.000    0.000 tempfile.py:571(_TemporaryFileCloser)
        1    0.000    0.000    0.000    0.000 symbolic_multivariate_probability.py:204(CrossCovarianceMatrix)
        1    0.000    0.000    0.000    0.000 biasedurn.py:1(<module>)
        1    0.000    0.000    0.000    0.000 _trustregion.py:30(BaseQuadraticSubproblem)
        7    0.000    0.000    0.000    0.000 _distribution_infrastructure.py:30(_isnull)
        1    0.000    0.000    0.000    0.000 lalr_parser.py:14(LALR_Parser)
        1    0.000    0.000    0.000    0.000 _aliases.py:147(zeros)
        1    0.000    0.000    0.000    0.000 _pytesttester.py:46(PytestTester)
        1    0.000    0.000    0.000    0.000 polyoptions.py:681(Gen)
        4    0.000    0.000    0.000    0.000 _array_api.py:131(array_namespace)
        1    0.000    0.000    0.000    0.000 zeta_functions.py:668(riemann_xi)
       16    0.000    0.000    0.000    0.000 {built-in method _stat.S_ISLNK}
        1    0.000    0.000    0.000    0.000 __init__.py:1428(_fixupParents)
        1    0.000    0.000    0.000    0.000 _adapters.py:112(OrphanPath)
        1    0.000    0.000    0.000    0.000 _compression.py:9(BaseStream)
        3    0.000    0.000    0.000    0.000 complexes.py:648(_eval_is_algebraic)
        7    0.000    0.000    0.000    0.000 getlimits.py:157(_register_type)
        1    0.000    0.000    0.000    0.000 crv_types.py:2298(LevyDistribution)
        1    0.000    0.000    0.000    0.000 pathlib.py:150(_Selector)
        1    0.000    0.000    0.000    0.000 matrix_distributions.py:193(MatrixDistribution)
        1    0.000    0.000    0.000    0.000 _multivariate.py:3629(__init__)
        1    0.000    0.000    0.000    0.000 _backend.py:7(_ScipyBackend)
        1    0.000    0.000    0.000    0.000 core.py:6345(mvoid)
        1    0.000    0.000    0.000    0.000 _optimize.py:2439(Brent)
        1    0.000    0.000    0.000    0.000 update_info_transformer.py:18(UpdateInfoTransformer)
        1    0.000    0.000    0.000    0.000 _multivariate.py:1547(dirichlet_gen)
        1    0.000    0.000    0.000    0.000 _special_sparse_arrays.py:757(MikotaK)
        1    0.000    0.000    0.000    0.000 single.py:1562(HomogeneousCoeffSubsIndepDivDep)
        1    0.000    0.000    0.000    0.000 _continuous_distns.py:5138(geninvgauss_gen)
        1    0.000    0.000    0.000    0.000 _continuous_distns.py:3819(gengamma_gen)
        1    0.000    0.000    0.000    0.000 _stats_py.py:11039(_SimpleChi2)
        1    0.000    0.000    0.000    0.000 series.py:1(<module>)
       18    0.000    0.000    0.000    0.000 {built-in method _abc.get_cache_token}
        1    0.000    0.000    0.000    0.000 boolalg.py:1180(Implies)
        1    0.000    0.000    0.000    0.000 _continuous_distns.py:7005(gibrat_gen)
        4    0.000    0.000    0.000    0.000 polynomial.py:1218(_coeffs)
        1    0.000    0.000    0.000    0.000 line.py:1343(Ray)
        1    0.000    0.000    0.000    0.000 beta_functions.py:173(betainc)
        1    0.000    0.000    0.000    0.000 _rbf.py:55(Rbf)
        1    0.000    0.000    0.000    0.000 _exceptions.py:32(UFuncTypeError)
        1    0.000    0.000    0.000    0.000 warnings.py:419(__init__)
       21    0.000    0.000    0.000    0.000 parse_tree_builder.py:14(__init__)
        1    0.000    0.000    0.000    0.000 earley_forest.py:473(ForestToParseTree)
        9    0.000    0.000    0.000    0.000 mul.py:1970(<genexpr>)
        1    0.000    0.000    0.000    0.000 _continuous_distns.py:2383(fatiguelife_gen)
        1    0.000    0.000    0.000    0.000 mathieu_functions.py:86(mathieuc)
        1    0.000    0.000    0.000    0.000 inference.py:241(KB)
        1    0.000    0.000    0.000    0.000 _print_helpers.py:8(Printable)
        6    0.000    0.000    0.000    0.000 signal.py:50(_wraps)
        1    0.000    0.000    0.000    0.000 type_inferer.py:14(__init__)
        1    0.000    0.000    0.000    0.000 load_grammar.py:172(__init__)
        1    0.000    0.000    0.000    0.000 crv_types.py:4017(TrapezoidalDistribution)
        1    0.000    0.000    0.000    0.000 _bary_rational.py:196(AAA)
        1    0.000    0.000    0.000    0.000 evalf.py:1553(EvalfMixin)
        1    0.000    0.000    0.000    0.000 _multivariate.py:5835(__init__)
        1    0.000    0.000    0.000    0.000 line.py:2596(Ray3D)
        1    0.000    0.000    0.000    0.000 crv_types.py:3133(NormalDistribution)
        1    0.000    0.000    0.000    0.000 hyper.py:904(HyperRep_atanh)
        1    0.000    0.000    0.000    0.000 array_comprehension.py:344(ArrayComprehensionMap)
        1    0.000    0.000    0.000    0.000 visitors.py:49(Transformer)
        1    0.000    0.000    0.000    0.000 _multivariate.py:4308(multivariate_t_gen)
        1    0.000    0.000    0.000    0.000 fancysets.py:138(Naturals0)
        1    0.000    0.000    0.000    0.000 relational.py:847(_Greater)
        1    0.000    0.000    0.000    0.000 pc_groups.py:42(Collector)
        1    0.000    0.000    0.000    0.000 settings.py:1(<module>)
        1    0.000    0.000    0.000    0.000 single.py:1203(Separable)
        1    0.000    0.000    0.000    0.000 polyoptions.py:524(Gaussian)
        2    0.000    0.000    0.000    0.000 typing.py:1767(_caller)
        1    0.000    0.000    0.000    0.000 polyoptions.py:381(Composite)
        1    0.000    0.000    0.000    0.000 _multivariate.py:3772(__init__)
        1    0.000    0.000    0.000    0.000 __init__.py:546(Formatter)
        1    0.000    0.000    0.000    0.000 interval_membership.py:4(intervalMembership)
        3    0.000    0.000    0.000    0.000 facts.py:290(split_alpha_beta)
        1    0.000    0.000    0.000    0.000 decomp.py:1(<module>)
        1    0.000    0.000    0.000    0.000 polyoptions.py:708(Symbols)
       14    0.000    0.000    0.000    0.000 true_cond.py:9(get_loop_guard)
        1    0.000    0.000    0.000    0.000 sympy_parser.py:1238(__init__)
        1    0.000    0.000    0.000    0.000 boolalg.py:377(BooleanFalse)
        1    0.000    0.000    0.000    0.000 stochastic_process_types.py:325(TransitionMatrixOf)
        1    0.000    0.000    0.000    0.000 filters.py:1(<module>)
        6    0.000    0.000    0.000    0.000 deprecation.py:81(_deprecated)
        3    0.000    0.000    0.000    0.000 complexes.py:630(_eval_is_zero)
        1    0.000    0.000    0.000    0.000 _continuous_distns.py:1135(burr_gen)
        1    0.000    0.000    0.000    0.000 _constraints.py:127(LinearConstraint)
        1    0.000    0.000    0.000    0.000 joint_rv_types.py:152(MultivariateNormalDistribution)
        1    0.000    0.000    0.000    0.000 _multivariate.py:6257(vonmises_fisher_gen)
        1    0.000    0.000    0.000    0.000 _vertex.py:247(VertexCacheField)
        1    0.000    0.000    0.000    0.000 _nonlin.py:843(BroydenFirst)
        1    0.000    0.000    0.000    0.000 numeric.py:1855(isscalar)
        1    0.000    0.000    0.000    0.000 and_cond.py:9(__init__)
        1    0.000    0.000    0.000    0.000 single.py:294(SinglePatternODESolver)
        1    0.000    0.000    0.000    0.000 numbers.py:4107(GoldenRatio)
        1    0.000    0.000    0.000    0.000 <frozen importlib.util>:71(find_spec)
        1    0.000    0.000    0.000    0.000 _complex.py:13(Complex)
        1    0.000    0.000    0.000    0.000 pathlib.py:222(_RecursiveWildcardSelector)
        9    0.000    0.000    0.000    0.000 quantities.py:139(free_symbols)
        1    0.000    0.000    0.000    0.000 structure_transformer.py:13(StructureTransformer)
        1    0.000    0.000    0.000    0.000 crv_types.py:3541(QuadraticUDistribution)
        1    0.000    0.000    0.000    0.000 finite_range.py:4(FiniteRange)
        1    0.000    0.000    0.000    0.000 {built-in method _hashlib.openssl_shake_256}
        1    0.000    0.000    0.000    0.000 finite_fixed_point_typer.py:196(_extract_types)
        1    0.000    0.000    0.000    0.000 rules.py:5(Transform)
        3    0.000    0.000    0.000    0.000 lalr_parser.py:55(__init__)
        1    0.000    0.000    0.000    0.000 _continuous_distns.py:4891(invgamma_gen)
        1    0.000    0.000    0.000    0.000 {built-in method _hashlib.openssl_sha224}
       19    0.000    0.000    0.000    0.000 fromnumeric.py:3265(_round_dispatcher)
        1    0.000    0.000    0.000    0.000 __init__.py:402(PyDLL)
        1    0.000    0.000    0.000    0.000 ast.py:1799(__getattr__)
        1    0.000    0.000    0.000    0.000 earley_common.py:54(TransitiveItem)
        1    0.000    0.000    0.000    0.000 rv.py:256(RandomSymbol)
        2    0.000    0.000    0.000    0.000 index_tricks.py:761(__init__)
        1    0.000    0.000    0.000    0.000 exceptions.py:189(DTypePromotionError)
        1    0.000    0.000    0.000    0.000 numpy.py:475(JaxPrinter)
        1    0.000    0.000    0.000    0.000 _ni_support.py:1(<module>)
        1    0.000    0.000    0.000    0.000 _cubic.py:160(PchipInterpolator)
        1    0.000    0.000    0.000    0.000 utils.py:104(_Deprecate)
        1    0.000    0.000    0.000    0.000 _endian.py:23(_swapped_meta)
        1    0.000    0.000    0.000    0.000 expr_with_limits.py:538(AddWithLimits)
        1    0.000    0.000    0.000    0.000 {built-in method _hashlib.openssl_sha512}
        1    0.000    0.000    0.000    0.000 _nonlin.py:382(Jacobian)
        1    0.000    0.000    0.000    0.000 _util.py:604(MapWrapper)
        1    0.000    0.000    0.000    0.000 factor_.py:2264(primenu)
        1    0.000    0.000    0.000    0.000 relational.py:1159(StrictLessThan)
        1    0.000    0.000    0.000    0.000 minpack2.py:1(<module>)
        4    0.000    0.000    0.000    0.000 bessel.py:385(c_memo)
       10    0.000    0.000    0.000    0.000 solvers.py:1989(<genexpr>)
        1    0.000    0.000    0.000    0.000 _distribution_infrastructure.py:2479(_logpmf_dispatch)
        1    0.000    0.000    0.000    0.000 _discrete_distns.py:129(bernoulli_gen)
        4    0.000    0.000    0.000    0.000 doccer.py:180(replace_notes_in_docstring)
        1    0.000    0.000    0.000    0.000 mathieu_functions.py:148(mathieusprime)
        1    0.000    0.000    0.000    0.000 polyutils.py:499(IntegerPowerable)
        1    0.000    0.000    0.000    0.000 earley_forest.py:597(TreeForestTransformer)
        1    0.000    0.000    0.000    0.000 load_grammar.py:466(TerminalTreeToPattern)
        1    0.000    0.000    0.000    0.000 _continuous_distns.py:9594(skewcauchy_gen)
        1    0.000    0.000    0.000    0.000 data.py:1(<module>)
        9    0.000    0.000    0.000    0.000 visitors.py:369(create_decorator)
       15    0.000    0.000    0.000    0.000 fromnumeric.py:2974(_prod_dispatcher)
       10    0.000    0.000    0.000    0.000 expectation_map.py:159(<lambda>)
        1    0.000    0.000    0.000    0.000 transformer.py:6(Transformer)
        1    0.000    0.000    0.000    0.000 _continuous_distns.py:2635(foldnorm_gen)
        1    0.000    0.000    0.000    0.000 _codata.py:142(exact2002)
        1    0.000    0.000    0.000    0.000 laplace.py:1042(LaplaceTransform)
        1    0.000    0.000    0.000    0.000 {built-in method _hashlib.openssl_sha384}
        1    0.000    0.000    0.000    0.000 numbers.py:4170(TribonacciConstant)
        1    0.000    0.000    0.000    0.000 quadrature.py:459(QuadratureMethods)
        3    0.000    0.000    0.000    0.000 exponential.py:519(<lambda>)
        1    0.000    0.000    0.000    0.000 earley_forest.py:26(SymbolNode)
        1    0.000    0.000    0.000    0.000 rv.py:58(RandomDomain)
        1    0.000    0.000    0.000    0.000 difflib.py:1666(HtmlDiff)
        1    0.000    0.000    0.000    0.000 parse.py:323(DefragResult)
        1    0.000    0.000    0.000    0.000 sparse.py:462(MutableSparseMatrix)
        1    0.000    0.000    0.000    0.000 utilities.py:8(__init__)
        1    0.000    0.000    0.000    0.000 fancysets.py:1491(Complexes)
        1    0.000    0.000    0.000    0.000 boolalg.py:1086(Nand)
        1    0.000    0.000    0.000    0.000 {built-in method _hashlib.openssl_sha3_384}
        8    0.000    0.000    0.000    0.000 contextlib.py:440(__init__)
        2    0.000    0.000    0.000    0.000 visitors.py:173(__mul__)
        1    0.000    0.000    0.000    0.000 _continuous_distns.py:963(betaprime_gen)
        1    0.000    0.000    0.000    0.000 grammar_analysis.py:8(RulePtr)
        1    0.000    0.000    0.000    0.000 _multivariate.py:3936(__init__)
        1    0.000    0.000    0.000    0.000 _cubature.py:48(CubatureResult)
        2    0.000    0.000    0.000    0.000 rv.py:611(<lambda>)
        5    0.000    0.000    0.000    0.000 {method 'deleter' of 'property' objects}
        1    0.000    0.000    0.000    0.000 _interpolate.py:592(_PPolyBase)
        1    0.000    0.000    0.000    0.000 isolve.py:1(<module>)
        1    0.000    0.000    0.000    0.000 _exceptions.py:56(_UFuncBinaryResolutionError)
        1    0.000    0.000    0.000    0.000 function.py:857(UndefSageHelper)
        1    0.000    0.000    0.000    0.000 dop.py:1(<module>)
        1    0.000    0.000    0.000    0.000 constants.py:1(<module>)
        1    0.000    0.000    0.000    0.000 codata.py:1(<module>)
        1    0.000    0.000    0.000    0.000 line.py:1987(Line2D)
        1    0.000    0.000    0.000    0.000 mpelements.py:28(ComplexElement)
        4    0.000    0.000    0.000    0.000 math2.py:42(_mathfun)
        1    0.000    0.000    0.000    0.000 _matfuncs.py:171(MatrixPowerOperator)
        1    0.000    0.000    0.000    0.000 _matrix_io.py:1(<module>)
        3    0.000    0.000    0.000    0.000 _add_docstring.py:11(add_newdoc)
        1    0.000    0.000    0.000    0.000 pathlib.py:240(_DoubleRecursiveWildcardSelector)
        1    0.000    0.000    0.000    0.000 line.py:2429(LinearEntity3D)
        1    0.000    0.000    0.000    0.000 dimensions.py:30(_QuantityMapper)
        1    0.000    0.000    0.000    0.000 pathlib.py:1427(WindowsPath)
        1    0.000    0.000    0.000    0.000 line.py:1109(Line)
        1    0.000    0.000    0.000    0.000 hyper.py:1096(appellf1)
        1    0.000    0.000    0.000    0.000 arrayprint.py:1245(ComplexFloatingFormat)
        1    0.000    0.000    0.000    0.000 plot_implicit.py:49(ImplicitSeries)
        1    0.000    0.000    0.000    0.000 mathieu_functions.py:210(mathieucprime)
        1    0.000    0.000    0.000    0.000 joint_rv_types.py:803(MultinomialDistribution)
        1    0.000    0.000    0.000    0.000 _fitpack2.py:1328(_DerivedBivariateSpline)
        1    0.000    0.000    0.000    0.000 radau.py:179(Radau)
       17    0.000    0.000    0.000    0.000 stride_tricks.py:476(_broadcast_arrays_dispatcher)
        1    0.000    0.000    0.000    0.000 single.py:839(Factorable)
        1    0.000    0.000    0.000    0.000 line.py:1872(LinearEntity2D)
        1    0.000    0.000    0.000    0.000 utilities.py:166(AlgIntPowers)
        1    0.000    0.000    0.000    0.000 orderings.py:137(InverseOrder)
        1    0.000    0.000    0.000    0.000 random_matrix.py:4(RandomMatrixPSpace)
        2    0.000    0.000    0.000    0.000 numbers.py:3386(_eval_power)
        1    0.000    0.000    0.000    0.000 frv_types.py:66(FiniteDistributionHandmade)
        1    0.000    0.000    0.000    0.000 _interpolate.py:816(PPoly)
        1    0.000    0.000    0.000    0.000 _continuous_distns.py:1747(dgamma_gen)
        1    0.000    0.000    0.000    0.000 _array_like.py:44(_SupportsArrayFunc)
        1    0.000    0.000    0.000    0.000 numerictypes.py:425(_typedict)
        1    0.000    0.000    0.000    0.000 assume.py:174(PredicateMeta)
        1    0.000    0.000    0.000    0.000 facts.py:301(rules_alpha)
        3    0.000    0.000    0.000    0.000 __init__.py:426(<genexpr>)
        1    0.000    0.000    0.000    0.000 sparse_ndim_array.py:138(MutableSparseNDimArray)
        1    0.000    0.000    0.000    0.000 _continuous_distns.py:4203(gompertz_gen)
        1    0.000    0.000    0.000    0.000 _continuous_distns.py:7069(maxwell_gen)
        1    0.000    0.000    0.000    0.000 _linprog_doc.py:1(<module>)
        2    0.000    0.000    0.000    0.000 {built-in method numpy.core._multiarray_umath.normalize_axis_index}
        1    0.000    0.000    0.000    0.000 selectors.py:60(_SelectorMapping)
        1    0.000    0.000    0.000    0.000 facts.py:214(rules_2prereq)
        1    0.000    0.000    0.000    0.000 __future__.py:81(_Feature)
        1    0.000    0.000    0.000    0.000 {built-in method _hashlib.openssl_sha3_512}
        1    0.000    0.000    0.000    0.000 core.py:1283(_replace_dtype_fields_recursive)
        1    0.000    0.000    0.000    0.000 _continuous_distns.py:9277(rice_gen)
        1    0.000    0.000    0.000    0.000 _continuous_distns.py:2252(exponweib_gen)
        1    0.000    0.000    0.000    0.000 formal.py:1549(FormalPowerSeriesProduct)
        1    0.000    0.000    0.000    0.000 determinant.py:65(Permanent)
        1    0.000    0.000    0.000    0.000 {built-in method _hashlib.openssl_shake_128}
       16    0.000    0.000    0.000    0.000 arraypad.py:525(_pad_dispatcher)
        1    0.000    0.000    0.000    0.000 zeta_functions.py:707(stieltjes)
        1    0.000    0.000    0.000    0.000 drv_types.py:63(DiscreteDistributionHandmade)
        1    0.000    0.000    0.000    0.000 _discrete_distns.py:498(geom_gen)
        1    0.000    0.000    0.000    0.000 _pep440.py:149(__ge__)
        1    0.000    0.000    0.000    0.000 core.py:977(_MaskedBinaryOperation)
        1    0.000    0.000    0.000    0.000 {built-in method numpy.core._multiarray_umath.set_typeDict}
       10    0.000    0.000    0.000    0.000 rings.py:1815(<lambda>)
        1    0.000    0.000    0.000    0.000 _distribution_infrastructure.py:553(_Parameter)
        1    0.000    0.000    0.000    0.000 matrices.py:440(MatrixCalculus)
        1    0.000    0.000    0.000    0.000 parse.py:136(_ResultMixinStr)
        1    0.000    0.000    0.000    0.000 utils.py:275(FS)
        3    0.000    0.000    0.000    0.000 orderings.py:156(__init__)
        1    0.000    0.000    0.000    0.000 ctx_mp_python.py:33(mpnumeric)
        1    0.000    0.000    0.000    0.000 ckdtree.py:1(<module>)
        1    0.000    0.000    0.000    0.000 transforms.py:964(FourierTypeTransform)
        1    0.000    0.000    0.000    0.000 _genz_malik.py:11(GenzMalikCubature)
        1    0.000    0.000    0.000    0.000 rotation.py:1(<module>)
       14    0.000    0.000    0.000    0.000 true_cond.py:20(get_normalized)
        1    0.000    0.000    0.000    0.000 matrix_distributions.py:111(SampleMatrixNumpy)
        1    0.000    0.000    0.000    0.000 _util.py:1069(_RichResult)
        1    0.000    0.000    0.000    0.000 expectation_map.py:20(__init__)
        1    0.000    0.000    0.000    0.000 _multivariate.py:4186(__init__)
        1    0.000    0.000    0.000    0.000 _ode.py:1121(dopri5)
        1    0.000    0.000    0.000    0.000 diophantine.py:1039(GeneralPythagorean)
        1    0.000    0.000    0.000    0.000 python.py:11(PythonPrinter)
        1    0.000    0.000    0.000    0.000 plot.py:571(Line2DBaseSeries)
        1    0.000    0.000    0.000    0.000 parameters.py:7(_global_parameters)
        1    0.000    0.000    0.000    0.000 _multivariate.py:6223(dirichlet_multinomial_frozen)
        1    0.000    0.000    0.000    0.000 _stats_py.py:5955(TtestResult)
        1    0.000    0.000    0.000    0.000 boolalg.py:348(__hash__)
        1    0.000    0.000    0.000    0.000 matrix_distributions.py:411(MatrixNormalDistribution)
        1    0.000    0.000    0.000    0.000 line.py:2160(Ray2D)
        3    0.000    0.000    0.000    0.000 _distribution_infrastructure.py:3112(_moment_methods)
        1    0.000    0.000    0.000    0.000 _endian.py:48(BigEndianStructure)
        1    0.000    0.000    0.000    0.000 hyperexpand.py:885(MeijerFormula)
        1    0.000    0.000    0.000    0.000 pythonfinitefield.py:9(PythonFiniteField)
        4    0.000    0.000    0.000    0.000 evalf.py:229(iszero)
        1    0.000    0.000    0.000    0.000 kdtree.py:1(<module>)
        1    0.000    0.000    0.000    0.000 polyoptions.py:645(Formal)
        1    0.000    0.000    0.000    0.000 lalr_parser.py:52(ParserState)
        1    0.000    0.000    0.000    0.000 _multivariate.py:1027(matrix_normal_gen)
        1    0.000    0.000    0.000    0.000 _root_scalar.py:20(MemoizeDer)
        1    0.000    0.000    0.000    0.000 _adapters.py:46(SpecPath)
        1    0.000    0.000    0.000    0.000 lsoda.py:7(LSODA)
        1    0.000    0.000    0.000    0.000 _continuous_distns.py:1350(fisk_gen)
       15    0.000    0.000    0.000    0.000 if_transformer.py:18(transform)
        1    0.000    0.000    0.000    0.000 _interpolate.py:1836(NdPPoly)
        1    0.000    0.000    0.000    0.000 index_tricks.py:262(OGridClass)
        3    0.000    0.000    0.000    0.000 exponential.py:74(exp)
        1    0.000    0.000    0.000    0.000 drv_types.py:130(FlorySchulzDistribution)
        1    0.000    0.000    0.000    0.000 stochastic_process_types.py:2251(WienerProcess)
        1    0.000    0.000    0.000    0.000 arpack.py:990(IterOpInv)
        1    0.000    0.000    0.000    0.000 plot.py:672(LineOver1DRangeSeries)
        1    0.000    0.000    0.000    0.000 mutable_ndim_array.py:4(MutableNDimArray)
        1    0.000    0.000    0.000    0.000 recurrence_solver.py:7(RecurrenceSolver)
        1    0.000    0.000    0.000    0.000 crv_types.py:4585(WignerSemicircleDistribution)
        1    0.000    0.000    0.000    0.000 tr_interior_point.py:23(BarrierSubproblem)
        1    0.000    0.000    0.000    0.000 pathlib.py:802(PurePosixPath)
        1    0.000    0.000    0.000    0.000 spherical_harmonics.py:267(Znm)
        1    0.000    0.000    0.000    0.000 arrayprint.py:1222(IntegerFormat)
        1    0.000    0.000    0.000    0.000 _exceptions.py:80(_UFuncInputCastingError)
        1    0.000    0.000    0.000    0.000 matrices.py:68(DeferredVector)
        1    0.000    0.000    0.000    0.000 distance.py:1744(CDistMetricWrapper)
        6    0.000    0.000    0.000    0.000 factor_.py:924(done)
        1    0.000    0.000    0.000    0.000 relational.py:865(_Less)
        3    0.000    0.000    0.000    0.000 core.py:806(__init__)
        1    0.000    0.000    0.000    0.000 _continuous_distns.py:2463(foldcauchy_gen)
        1    0.000    0.000    0.000    0.000 _basinhopping.py:196(AdaptiveStepsize)
        1    0.000    0.000    0.000    0.000 drv_types.py:768(ZetaDistribution)
        1    0.000    0.000    0.000    0.000 _typing.py:44(JustFloat)
        2    0.000    0.000    0.000    0.000 rootoftools.py:82(__init__)
        4    0.000    0.000    0.000    0.000 {built-in method _sre.ascii_tolower}
        1    0.000    0.000    0.000    0.000 polyoptions.py:48(BooleanOption)
        2    0.000    0.000    0.000    0.000 {built-in method _functools.cmp_to_key}
        3    0.000    0.000    0.000    0.000 _version.py:78(_compare_version)
        1    0.000    0.000    0.000    0.000 numpy.py:452(CuPyPrinter)
        1    0.000    0.000    0.000    0.000 polynomials.py:687(chebyshevt_root)
        1    0.000    0.000    0.000    0.000 polyoptions.py:608(Strict)
        1    0.000    0.000    0.000    0.000 inverselaplace.py:667(LaplaceTransformInversionMethods)
        9    0.000    0.000    0.000    0.000 load_grammar.py:735(get_namespace_name)
        1    0.000    0.000    0.000    0.000 ecm.py:16(Point)
        1    0.000    0.000    0.000    0.000 index_tricks.py:717(IndexExpression)
        1    0.000    0.000    0.000    0.000 transforms.py:1137(SineCosineTypeTransform)
        1    0.000    0.000    0.000    0.000 _iotools.py:437(ConversionWarning)
        4    0.000    0.000    0.000    0.000 stride_tricks.py:25(_maybe_view_as_subclass)
        1    0.000    0.000    0.000    0.000 dtypes.py:1(<module>)
        1    0.000    0.000    0.000    0.000 polyutils.py:424(PicklableWithSlots)
        1    0.000    0.000    0.000    0.000 symbol.py:25(Str)
        3    0.000    0.000    0.000    0.000 initial_value_provider.py:141(add_initial)
        1    0.000    0.000    0.000    0.000 _multivariate.py:123(_PSD)
        1    0.000    0.000    0.000    0.000 _discrete_distns.py:30(binom_gen)
        1    0.000    0.000    0.000    0.000 _zeros_py.py:1122(TOMS748Solver)
        1    0.000    0.000    0.000    0.000 common.py:3057(_MatrixWrapper)
        1    0.000    0.000    0.000    0.000 single.py:2014(SecondHypergeometric)
        1    0.000    0.000    0.000    0.000 factor_.py:2308(primeomega)
        1    0.000    0.000    0.000    0.000 assume.py:14(AssumptionsContext)
        1    0.000    0.000    0.000    0.000 perm_groups.py:5271(SymmetricPermutationGroup)
        2    0.000    0.000    0.000    0.000 update_info_transformer.py:27(__init__)
        1    0.000    0.000    0.000    0.000 joint_rv.py:149(SampleJointScipy)
        1    0.000    0.000    0.000    0.000 _continuous_distns.py:1260(burr12_gen)
        1    0.000    0.000    0.000    0.000 lalr_analysis.py:31(ParseTable)
        1    0.000    0.000    0.000    0.000 _continuous_distns.py:3257(genexpon_gen)
        1    0.000    0.000    0.000    0.000 ipaddress.py:1131(_BaseConstants)
        1    0.000    0.000    0.000    0.000 boolalg.py:1115(Nor)
        2    0.000    0.000    0.000    0.000 visitors.py:397(v_args)
        1    0.000    0.000    0.000    0.000 rv.py:324(RandomIndexedSymbol)
        1    0.000    0.000    0.000    0.000 _multivariate.py:5401(__init__)
        1    0.000    0.000    0.000    0.000 _nonlin.py:1243(LinearMixing)
        1    0.000    0.000    0.000    0.000 _pep440.py:77(NegativeInfinity)
        1    0.000    0.000    0.000    0.000 ordinals.py:261(OrdinalOmega)
        1    0.000    0.000    0.000    0.000 _continuous_distns.py:2975(weibull_max_gen)
        1    0.000    0.000    0.000    0.000 _convertions.py:1(<module>)
        1    0.000    0.000    0.000    0.000 gaussiandomains.py:169(GaussianInteger)
        1    0.000    0.000    0.000    0.000 facts.py:286(__init__)
        1    0.000    0.000    0.000    0.000 logic.py:401(Not)
        1    0.000    0.000    0.000    0.000 _resampling.py:740(MonteCarloTestResult)
        3    0.000    0.000    0.000    0.000 core.py:1362(getmask)
        4    0.000    0.000    0.000    0.000 mpelements.py:34(_set_mpc)
        1    0.000    0.000    0.000    0.000 _morestats.py:1203(_BigFloat)
        1    0.000    0.000    0.000    0.000 _continuous_distns.py:2152(exponnorm_gen)
        1    0.000    0.000    0.000    0.000 _continuous_distns.py:1598(chi2_gen)
        1    0.000    0.000    0.000    0.000 containers.py:374(TupleKind)
        1    0.000    0.000    0.000    0.000 earley_forest.py:113(PackedNode)
        1    0.000    0.000    0.000    0.000 constants_transformer.py:9(ConstantsTransformer)
        1    0.000    0.000    0.000    0.000 stochastic_process_types.py:354(StochasticStateSpaceOf)
        1    0.000    0.000    0.000    0.000 _exceptions.py:98(_UFuncOutputCastingError)
        1    0.000    0.000    0.000    0.000 single.py:1438(HomogeneousCoeffSubsDepDivIndep)
        1    0.000    0.000    0.000    0.000 single.py:976(RationalRiccati)
        1    0.000    0.000    0.000    0.000 plot.py:346(PlotGrid)
        1    0.000    0.000    0.000    0.000 _differentialevolution.py:1851(_ConstraintWrapper)
        1    0.000    0.000    0.000    0.000 single.py:1932(NthOrderReducible)
        1    0.000    0.000    0.000    0.000 bessel.py:843(SphericalBesselBase)
        1    0.000    0.000    0.000    0.000 polynomials.py:728(chebyshevu_root)
        1    0.000    0.000    0.000    0.000 _continuous_distns.py:2327(exponpow_gen)
        1    0.000    0.000    0.000    0.000 decomp_svd.py:1(<module>)
        1    0.000    0.000    0.000    0.000 visualization.py:9(VisualizationMethods)
        3    0.000    0.000    0.000    0.000 dimensions.py:367(derived_dims)
        1    0.000    0.000    0.000    0.000 _distribution_infrastructure.py:238(_Interval)
        1    0.000    0.000    0.000    0.000 sparse_ndim_array.py:104(ImmutableSparseNDimArray)
        1    0.000    0.000    0.000    0.000 orderings.py:35(LexOrder)
       12    0.000    0.000    0.000    0.000 _pep440.py:392(_parse_letter_version)
        1    0.000    0.000    0.000    0.000 lambdarepr.py:228(IntervalPrinter)
        1    0.000    0.000    0.000    0.000 copyreg.py:22(constructor)
        5    0.000    0.000    0.000    0.000 polyhedron.py:473(faces)
        1    0.000    0.000    0.000    0.000 _info.py:33(__array_namespace_info__)
        1    0.000    0.000    0.000    0.000 _exceptions.py:71(_UFuncCastingError)
        1    0.000    0.000    0.000    0.000 _multivariate.py:245(multi_rv_frozen)
        1    0.000    0.000    0.000    0.000 extras.py:213(_fromnxfunction)
        1    0.000    0.000    0.000    0.000 gmpyfinitefield.py:9(GMPYFiniteField)
        2    0.000    0.000    0.000    0.000 _distribution_infrastructure.py:3117(_zero)
        1    0.000    0.000    0.000    0.000 _ode.py:600(complex_ode)
        1    0.000    0.000    0.000    0.000 transforms.py:1165(SineTransform)
        1    0.000    0.000    0.000    0.000 rootoftools.py:37(_pure_key_dict)
        8    0.000    0.000    0.000    0.000 _multiufuncs.py:61(_override_key)
        1    0.000    0.000    0.000    0.000 modules.py:1001(SubQuotientModule)
        1    0.000    0.000    0.000    0.000 facts.py:571(FactKB)
        1    0.000    0.000    0.000    0.000 _discrete_distns.py:282(nbinom_gen)
        1    0.000    0.000    0.000    0.000 _continuous_distns.py:1435(cauchy_gen)
       10    0.000    0.000    0.000    0.000 ddm.py:145(to_ddm)
        1    0.000    0.000    0.000    0.000 decorator.py:95(no_attrs_in_subclass)
        1    0.000    0.000    0.000    0.000 optimization.py:458(Ridder)
        1    0.000    0.000    0.000    0.000 crv_types.py:4216(UniformDistribution)
        1    0.000    0.000    0.000    0.000 _continuous_distns.py:8920(powernorm_gen)
        1    0.000    0.000    0.000    0.000 _globals.py:32(_NoValueType)
        1    0.000    0.000    0.000    0.000 symbolic_multivariate_probability.py:17(ExpectationMatrix)
        1    0.000    0.000    0.000    0.000 __init__.py:1861(RootLogger)
        1    0.000    0.000    0.000    0.000 _expm_multiply.py:396(LazyOperatorNormInfo)
        1    0.000    0.000    0.000    0.000 pathlib.py:179(_ParentSelector)
        1    0.000    0.000    0.000    0.000 plot.py:807(Parametric2DLineSeries)
        1    0.000    0.000    0.000    0.000 single.py:2194(NthLinearConstantCoeffVariationOfParameters)
        1    0.000    0.000    0.000    0.000 single.py:1046(SecondNonlinearAutonomousConserved)
        1    0.000    0.000    0.000    0.000 crv_types.py:714(CauchyDistribution)
        3    0.000    0.000    0.000    0.000 _distribution_infrastructure.py:810(__len__)
        1    0.000    0.000    0.000    0.000 _docscrape.py:25(Reader)
        1    0.000    0.000    0.000    0.000 traversal.py:70(preorder_traversal)
        1    0.000    0.000    0.000    0.000 rv.py:1591(Distribution)
        1    0.000    0.000    0.000    0.000 _multivariate.py:6468(__init__)
        1    0.000    0.000    0.000    0.000 _discrete_distns.py:740(nhypergeom_gen)
        1    0.000    0.000    0.000    0.000 _polyint.py:19(_Interpolator1D)
        1    0.000    0.000    0.000    0.000 distribution.py:66(DistributionFunction)
        1    0.000    0.000    0.000    0.000 modules.py:500(FreeModuleQuotientRing)
        1    0.000    0.000    0.000    0.000 bessel.py:1289(AiryBase)
        1    0.000    0.000    0.000    0.000 _relative_risk.py:19(RelativeRiskResult)
        1    0.000    0.000    0.000    0.000 mul.py:22(NC_Marker)
        1    0.000    0.000    0.000    0.000 utils.py:90(SerializeMemoizer)
        1    0.000    0.000    0.000    0.000 grammar.py:5(Symbol)
        1    0.000    0.000    0.000    0.000 _kdtree.py:98(Rectangle)
        1    0.000    0.000    0.000    0.000 formal.py:1619(FormalPowerSeriesCompose)
        1    0.000    0.000    0.000    0.000 transforms.py:1224(InverseSineTransform)
        1    0.000    0.000    0.000    0.000 common.py:3086(MatrixKind)
        1    0.000    0.000    0.000    0.000 bessel.py:742(hankel1)
        1    0.000    0.000    0.000    0.000 characteristiczero.py:7(CharacteristicZero)
        1    0.000    0.000    0.000    0.000 ctx_iv.py:292(ivmpf_constant)
        1    0.000    0.000    0.000    0.000 rv.py:316(is_commutative)
        1    0.000    0.000    0.000    0.000 _multivariate.py:5288(multivariate_hypergeom_frozen)
        1    0.000    0.000    0.000    0.000 _gauss_kronrod.py:9(GaussKronrodQuadrature)
        1    0.000    0.000    0.000    0.000 _dcsrch.py:17(DCSRCH)
        1    0.000    0.000    0.000    0.000 _rotation_spline.py:251(RotationSpline)
        1    0.000    0.000    0.000    0.000 _base.py:1557(sparray)
        1    0.000    0.000    0.000    0.000 arrayprint.py:1341(SubArrayFormat)
        3    0.000    0.000    0.000    0.000 lexer.py:189(__init__)
        1    0.000    0.000    0.000    0.000 __init__.py:806(Filterer)
        1    0.000    0.000    0.000    0.000 _cubature.py:535(_VariableTransform)
        1    0.000    0.000    0.000    0.000 _discrete_distns.py:1849(_nchypergeom_gen)
        1    0.000    0.000    0.000    0.000 crv_types.py:315(BeniniDistribution)
        1    0.000    0.000    0.000    0.000 arrayop.py:458(Flatten)
        1    0.000    0.000    0.000    0.000 zeta_functions.py:24(lerchphi)
        5    0.000    0.000    0.000    0.000 _inspect.py:143(<lambda>)
        9    0.000    0.000    0.000    0.000 quantities.py:99(_eval_is_positive)
        1    0.000    0.000    0.000    0.000 drv_types.py:277(HermiteDistribution)
        1    0.000    0.000    0.000    0.000 joint_rv.py:278(JointDistribution)
        1    0.000    0.000    0.000    0.000 _multivariate.py:6001(dirichlet_multinomial_gen)
        2    0.000    0.000    0.000    0.000 arrayprint.py:493(_recursive_guard)
        1    0.000    0.000    0.000    0.000 transforms.py:986(FourierTransform)
        1    0.000    0.000    0.000    0.000 _continuous_distns.py:7137(mielke_gen)
        3    0.000    0.000    0.000    0.000 dimensions.py:363(base_dims)
        1    0.000    0.000    0.000    0.000 branch_builder.py:117(_get_last_assign_index)
        1    0.000    0.000    0.000    0.000 _quadpack_py.py:1213(_RangeFunc)
        1    0.000    0.000    0.000    0.000 _input_validation.py:1(<module>)
        1    0.000    0.000    0.000    0.000 type.py:5(Type)
        1    0.000    0.000    0.000    0.000 core.py:47(Registry)
        1    0.000    0.000    0.000    0.000 numbers.py:37(Number)
        1    0.000    0.000    0.000    0.000 typing.py:944(__hash__)
        9    0.000    0.000    0.000    0.000 load_grammar.py:726(rule_dependencies)
        1    0.000    0.000    0.000    0.000 _distribution_infrastructure.py:4387(TransformedDistribution)
        1    0.000    0.000    0.000    0.000 initial_value_provider.py:6(__init__)
        1    0.000    0.000    0.000    0.000 joint_rv_types.py:333(MultivariateTDistribution)
        1    0.000    0.000    0.000    0.000 _continuous_distns.py:8977(rdist_gen)
        1    0.000    0.000    0.000    0.000 _continuous_distns.py:2514(f_gen)
        1    0.000    0.000    0.000    0.000 boolalg.py:1465(Exclusive)
        1    0.000    0.000    0.000    0.000 joint_rv_types.py:398(NormalGammaDistribution)
        1    0.000    0.000    0.000    0.000 rv.py:93(SingleDomain)
        1    0.000    0.000    0.000    0.000 _vertex.py:75(VertexScalarField)
        1    0.000    0.000    0.000    0.000 pickle.py:97(_Stop)
        1    0.000    0.000    0.000    0.000 pathlib.py:173(_TerminatingSelector)
        1    0.000    0.000    0.000    0.000 parse.py:144(_ResultMixinBytes)
        1    0.000    0.000    0.000    0.000 plot.py:655(List2DSeries)
        1    0.000    0.000    0.000    0.000 single.py:2669(SecondLinearBessel)
        1    0.000    0.000    0.000    0.000 polyoptions.py:725(Method)
        4    0.000    0.000    0.000    0.000 _distribution_infrastructure.py:4346(_shift_scale_distribution_function)
        6    0.000    0.000    0.000    0.000 {method 'isalnum' of 'str' objects}
        1    0.000    0.000    0.000    0.000 kind.py:84(_UndefinedKind)
        1    0.000    0.000    0.000    0.000 _resampling.py:257(BootstrapResult)
        1    0.000    0.000    0.000    0.000 _gauss_legendre.py:10(GaussLegendreQuadrature)
        1    0.000    0.000    0.000    0.000 sympy_parser.py:1229(_T)
        1    0.000    0.000    0.000    0.000 dotproduct.py:6(DotProduct)
        8    0.000    0.000    0.000    0.000 _multiufuncs.py:80(_override_finalize_out)
        4    0.000    0.000    0.000    0.000 {built-in method _sre.ascii_iscased}
        1    0.000    0.000    0.000    0.000 tensor.py:4189(WildTensorHead)
        1    0.000    0.000    0.000    0.000 joint_rv_types.py:876(NegativeMultinomialDistribution)
        1    0.000    0.000    0.000    0.000 joint_rv.py:352(MarginalDistribution)
        1    0.000    0.000    0.000    0.000 matrix_distributions.py:509(MatrixStudentTDistribution)
        1    0.000    0.000    0.000    0.000 _covariance.py:618(CovViaPSD)
        1    0.000    0.000    0.000    0.000 _continuous_distns.py:196(kstwo_gen)
        1    0.000    0.000    0.000    0.000 modules.py:259(FreeModuleElement)
        5    0.000    0.000    0.000    0.000 distribution.py:69(__init__)
        9    0.000    0.000    0.000    0.000 multiarray.py:346(where)
        1    0.000    0.000    0.000    0.000 visitors.py:308(Interpreter)
        1    0.000    0.000    0.000    0.000 joint_rv_types.py:258(MultivariateLaplaceDistribution)
        1    0.000    0.000    0.000    0.000 decomp_lu.py:1(<module>)
        1    0.000    0.000    0.000    0.000 distance.py:1771(PDistMetricWrapper)
        1    0.000    0.000    0.000    0.000 single.py:1687(HomogeneousCoeffBest)
        1    0.000    0.000    0.000    0.000 hyperexpand.py:809(FormulaCollection)
        1    0.000    0.000    0.000    0.000 expr_with_intlimits.py:5(ReorderError)
        1    0.000    0.000    0.000    0.000 optimization.py:15(Newton)
        3    0.000    0.000    0.000    0.000 _new_distributions.py:343(_moment_central_formula)
       12    0.000    0.000    0.000    0.000 dist_transformer.py:16(transform)
        1    0.000    0.000    0.000    0.000 decomp_qr.py:1(<module>)
        1    0.000    0.000    0.000    0.000 single.py:2789(SecondLinearAiry)
        1    0.000    0.000    0.000    0.000 transforms.py:1047(InverseFourierTransform)
        1    0.000    0.000    0.000    0.000 polyerrors.py:13(ExactQuotientFailed)
        3    0.000    0.000    0.000    0.000 lexer.py:384(__init__)
        1    0.000    0.000    0.000    0.000 _discrete_distns.py:582(hypergeom_gen)
        1    0.000    0.000    0.000    0.000 _ode.py:1250(lsoda)
        1    0.000    0.000    0.000    0.000 _orthogonal.py:115(orthopoly1d)
        1    0.000    0.000    0.000    0.000 _kdtree.py:327(innernode)
        1    0.000    0.000    0.000    0.000 transforms.py:1284(CosineTransform)
       10    0.000    0.000    0.000    0.000 rationalfield.py:154(numer)
        1    0.000    0.000    0.000    0.000 boolalg.py:1149(Xnor)
        1    0.000    0.000    0.000    0.000 expr.py:4047(UnevaluatedExpr)
        1    0.000    0.000    0.000    0.000 extrapolation.py:728(cohen_alt_class)
        1    0.000    0.000    0.000    0.000 qhull.py:1(<module>)
        1    0.000    0.000    0.000    0.000 single.py:912(RiccatiSpecial)
        1    0.000    0.000    0.000    0.000 polyerrors.py:6(BasePolynomialError)
        9    0.000    0.000    0.000    0.000 fromnumeric.py:2172(_sum_dispatcher)
        4    0.000    0.000    0.000    0.000 _spherical_bessel.py:9(use_reflection)
        1    0.000    0.000    0.000    0.000 _mannwhitneyu.py:21(_MWU)
        1    0.000    0.000    0.000    0.000 slsqp.py:1(<module>)
        1    0.000    0.000    0.000    0.000 utilities.py:7(DotProdSimpState)
        1    0.000    0.000    0.000    0.000 polyoptions.py:599(Symmetric)
        4    0.000    0.000    0.000    0.000 dataclasses.py:178(__repr__)
        2    0.000    0.000    0.000    0.000 enum.py:1411(<lambda>)
        1    0.000    0.000    0.000    0.000 _discrete_distns.py:197(betabinom_gen)
        4    0.000    0.000    0.000    0.000 core.py:3417(dtype)
       13    0.000    0.000    0.000    0.000 fromnumeric.py:195(_reshape_dispatcher)
        1    0.000    0.000    0.000    0.000 frv_types.py:558(HypergeometricDistribution)
        1    0.000    0.000    0.000    0.000 index_tricks.py:537(CClass)
        2    0.000    0.000    0.000    0.000 core.py:47(condition)
        1    0.000    0.000    0.000    0.000 domainelement.py:6(DomainElement)
        1    0.000    0.000    0.000    0.000 polyoptions.py:698(Series)
        1    0.000    0.000    0.000    0.000 exceptions.py:143(UnexpectedToken)
        3    0.000    0.000    0.000    0.000 _distribution_infrastructure.py:2062(_num_parameterizations)
        1    0.000    0.000    0.000    0.000 _continuous_distns.py:4832(gausshyper_gen)
        1    0.000    0.000    0.000    0.000 csc.py:1(<module>)
        1    0.000    0.000    0.000    0.000 pydoc.py:548(HTMLRepr)
        1    0.000    0.000    0.000    0.000 __init__.py:257(c_wchar_p)
        1    0.000    0.000    0.000    0.000 __init__.py:252(c_bool)
        1    0.000    0.000    0.000    0.000 pathlib.py:190(_WildcardSelector)
        1    0.000    0.000    0.000    0.000 inference.py:262(PropKB)
        1    0.000    0.000    0.000    0.000 _discrete_distns.py:1171(randint_gen)
        1    0.000    0.000    0.000    0.000 __init__.py:241(c_char_p)
        4    0.000    0.000    0.000    0.000 {method '__exit__' of 'numpy.nditer' objects}
        8    0.000    0.000    0.000    0.000 {method 'release' of '_thread.RLock' objects}
        1    0.000    0.000    0.000    0.000 pc_groups.py:7(PolycyclicGroup)
        1    0.000    0.000    0.000    0.000 mvn.py:1(<module>)
        3    0.000    0.000    0.000    0.000 rv.py:320(free_symbols)
        1    0.000    0.000    0.000    0.000 crv_types.py:3633(RaisedCosineDistribution)
        1    0.000    0.000    0.000    0.000 _covariance.py:538(CovViaCholesky)
        1    0.000    0.000    0.000    0.000 _discrete_distns.py:1567(poisson_binom_gen)
        1    0.000    0.000    0.000    0.000 _hessian_update_strategy.py:285(BFGS)
        1    0.000    0.000    0.000    0.000 polyoptions.py:661(Include)
        1    0.000    0.000    0.000    0.000 index_tricks.py:435(RClass)
        4    0.000    0.000    0.000    0.000 core.py:6544(__has_singleton)
        1    0.000    0.000    0.000    0.000 crv_types.py:3258(GaussianInverseDistribution)
        1    0.000    0.000    0.000    0.000 _interface.py:832(_AdjointMatrixOperator)
        1    0.000    0.000    0.000    0.000 _interface.py:692(_SumLinearOperator)
        1    0.000    0.000    0.000    0.000 core.py:2372(_MaskedPrintOption)
       14    0.000    0.000    0.000    0.000 true_cond.py:17(reduce)
        1    0.000    0.000    0.000    0.000 exceptions.py:98(AxisError)
        1    0.000    0.000    0.000    0.000 single.py:2296(NthLinearConstantCoeffUndeterminedCoefficients)
        1    0.000    0.000    0.000    0.000 entity.py:540(GeometrySet)
        1    0.000    0.000    0.000    0.000 transforms.py:40(IntegralTransformError)
        1    0.000    0.000    0.000    0.000 crv_types.py:4326(UniformSumDistribution)
        1    0.000    0.000    0.000    0.000 lexer.py:201(CallChain)
        1    0.000    0.000    0.000    0.000 symbolic_probability.py:134(Expectation)
        1    0.000    0.000    0.000    0.000 frv_types.py:279(BernoulliDistribution)
        1    0.000    0.000    0.000    0.000 crv_types.py:3803(ReciprocalDistribution)
        1    0.000    0.000    0.000    0.000 _continuous_distns.py:565(anglit_gen)
        1    0.000    0.000    0.000    0.000 _continuous_distns.py:103(ksone_gen)
        1    0.000    0.000    0.000    0.000 _pep440.py:45(Infinity)
        1    0.000    0.000    0.000    0.000 plot.py:1211(BaseBackend)
        1    0.000    0.000    0.000    0.000 cache.py:5(_cache)
        1    0.000    0.000    0.000    0.000 arithmetic_transformer.py:4(ArithmeticToStringTransformer)
        1    0.000    0.000    0.000    0.000 lalr_puppet.py:10(ParserPuppet)
        1    0.000    0.000    0.000    0.000 grammar.py:68(Rule)
        1    0.000    0.000    0.000    0.000 crv_types.py:644(BoundedParetoDistribution)
        1    0.000    0.000    0.000    0.000 specfun.py:1(<module>)
        1    0.000    0.000    0.000    0.000 transforms.py:1343(InverseCosineTransform)
        1    0.000    0.000    0.000    0.000 drv_types.py:201(GeometricDistribution)
        1    0.000    0.000    0.000    0.000 rv.py:140(ConditionalDomain)
        1    0.000    0.000    0.000    0.000 _fitpack2.py:928(_BivariateSplineBase)
        1    0.000    0.000    0.000    0.000 dsolve.py:1(<module>)
        1    0.000    0.000    0.000    0.000 _ode.py:1049(zvode)
        2    0.000    0.000    0.000    0.000 rl.py:10(rm_id)
        1    0.000    0.000    0.000    0.000 numbers.py:3033(RationalConstant)
        2    0.000    0.000    0.000    0.000 {method 'removesuffix' of 'str' objects}
        1    0.000    0.000    0.000    0.000 crv_types.py:2955(MoyalDistribution)
        1    0.000    0.000    0.000    0.000 _multivariate.py:2512(wishart_frozen)
        1    0.000    0.000    0.000    0.000 interface.py:1(<module>)
        1    0.000    0.000    0.000    0.000 _typing.py:52(JustComplex)
        1    0.000    0.000    0.000    0.000 single.py:572(FirstLinear)
        8    0.000    0.000    0.000    0.000 powsimp.py:608(<lambda>)
        1    0.000    0.000    0.000    0.000 bessel.py:788(hankel2)
        1    0.000    0.000    0.000    0.000 sympify.py:18(SympifyError)
        1    0.000    0.000    0.000    0.000 single.py:2844(LieGroup)
        1    0.000    0.000    0.000    0.000 _discrete_distns.py:1767(yulesimon_gen)
        1    0.000    0.000    0.000    0.000 _internal.py:244(c_void_p)
        1    0.000    0.000    0.000    0.000 decorators.py:195(_SympifyWrapper)
        1    0.000    0.000    0.000    0.000 {method 'seek' of '_io.BufferedReader' objects}
        1    0.000    0.000    0.000    0.000 _hypotests.py:705(SomersDResult)
        9    0.000    0.000    0.000    0.000 fromnumeric.py:3172(_ndim_dispatcher)
        1    0.000    0.000    0.000    0.000 _covariance.py:562(CovViaEigendecomposition)
        1    0.000    0.000    0.000    0.000 _morestats.py:4287(DirectionalStats)
        1    0.000    0.000    0.000    0.000 _ode.py:1209(dop853)
        1    0.000    0.000    0.000    0.000 bdf.py:72(BDF)
        1    0.000    0.000    0.000    0.000 ipaddress.py:20(AddressValueError)
        1    0.000    0.000    0.000    0.000 experimental_lambdify.py:81(vectorized_lambdify)
        1    0.000    0.000    0.000    0.000 single.py:646(AlmostLinear)
        1    0.000    0.000    0.000    0.000 ndim_array.py:590(ImmutableNDimArray)
        1    0.000    0.000    0.000    0.000 polyoptions.py:671(All)
        1    0.000    0.000    0.000    0.000 _distribution_infrastructure.py:3599(ContinuousDistribution)
        1    0.000    0.000    0.000    0.000 rv.py:845(Density)
        1    0.000    0.000    0.000    0.000 _multivariate.py:6964(normal_inverse_gamma_gen)
        1    0.000    0.000    0.000    0.000 _resampling.py:2105(MonteCarloMethod)
        1    0.000    0.000    0.000    0.000 fitpack.py:1(<module>)
        5    0.000    0.000    0.000    0.000 libmpf.py:49(<lambda>)
        1    0.000    0.000    0.000    0.000 arpack.py:274(ArpackError)
        1    0.000    0.000    0.000    0.000 diophantine.py:216(Univariate)
        1    0.000    0.000    0.000    0.000 _discrete_distns.py:961(poisson_gen)
        1    0.000    0.000    0.000    0.000 _discrete_distns.py:1030(planck_gen)
        1    0.000    0.000    0.000    0.000 _continuous_distns.py:3918(genhalflogistic_gen)
        1    0.000    0.000    0.000    0.000 _dual_annealing.py:212(StrategyChain)
        1    0.000    0.000    0.000    0.000 sf_error.py:1(<module>)
        1    0.000    0.000    0.000    0.000 _array_like.py:160(_UnknownType)
        1    0.000    0.000    0.000    0.000 arrayprint.py:1336(TimedeltaFormat)
        9    0.000    0.000    0.000    0.000 _globals.py:58(__repr__)
        6    0.000    0.000    0.000    0.000 {method 'isalpha' of 'str' objects}
        1    0.000    0.000    0.000    0.000 _multivariate.py:1832(dirichlet_frozen)
        1    0.000    0.000    0.000    0.000 _continuous_distns.py:3049(genlogistic_gen)
        1    0.000    0.000    0.000    0.000 _backend.py:36(_backend_from_arg)
        1    0.000    0.000    0.000    0.000 cobyla.py:1(<module>)
        1    0.000    0.000    0.000    0.000 decomp_schur.py:1(<module>)
        1    0.000    0.000    0.000    0.000 sputils.py:1(<module>)
        1    0.000    0.000    0.000    0.000 single.py:1107(Liouville)
        1    0.000    0.000    0.000    0.000 kind.py:106(_NumberKind)
        1    0.000    0.000    0.000    0.000 visitors.py:21(_Decoratable)
        6    0.000    0.000    0.000    0.000 core.py:846(__init__)
        1    0.000    0.000    0.000    0.000 earley_common.py:18(Item)
        1    0.000    0.000    0.000    0.000 _lbfgsb_py.py:513(LbfgsInvHessProduct)
        1    0.000    0.000    0.000    0.000 _threadsafety.py:13(ReentrancyLock)
        1    0.000    0.000    0.000    0.000 parse.py:355(ParseResultBytes)
        1    0.000    0.000    0.000    0.000 hyperexpand.py:1009(ShiftA)
        2    0.000    0.000    0.000    0.000 power.py:430(_half)
        1    0.000    0.000    0.000    0.000 _resampling.py:981(PowerResult)
        1    0.000    0.000    0.000    0.000 _continuous_distns.py:1689(cosine_gen)
        3    0.000    0.000    0.000    0.000 core.py:16(exhaust)
        9    0.000    0.000    0.000    0.000 symbolic_probability.py:33(_)
        1    0.000    0.000    0.000    0.000 _discrete_distns.py:1104(boltzmann_gen)
        1    0.000    0.000    0.000    0.000 _cubature.py:589(_InfiniteLimitsTransform)
        1    0.000    0.000    0.000    0.000 _util.py:1071(__getattr__)
        1    0.000    0.000    0.000    0.000 vode.py:1(<module>)
        1    0.000    0.000    0.000    0.000 _kdtree.py:318(leafnode)
        1    0.000    0.000    0.000    0.000 _ufunc_config.py:360(_unspecified)
        1    0.000    0.000    0.000    0.000 kind.py:36(KindMeta)
        1    0.000    0.000    0.000    0.000 _fitpack2.py:1189(BivariateSpline)
        1    0.000    0.000    0.000    0.000 __init__.py:503(StringTemplateStyle)
        1    0.000    0.000    0.000    0.000 _nonlin.py:454(InverseJacobian)
        1    0.000    0.000    0.000    0.000 parse.py:331(SplitResult)
        1    0.000    0.000    0.000    0.000 str.py:1003(StrReprPrinter)
        1    0.000    0.000    0.000    0.000 lexer.py:45(PatternStr)
        1    0.000    0.000    0.000    0.000 _resampling.py:1314(PermutationTestResult)
        1    0.000    0.000    0.000    0.000 core.py:6735(_extrema_operation)
        1    0.000    0.000    0.000    0.000 hyperexpand.py:1200(MeijerUnShiftB)
        1    0.000    0.000    0.000    0.000 _fitpack_repro.py:537(Bunch)
        1    0.000    0.000    0.000    0.000 _base.py:245(NestedFixedRule)
        2    0.000    0.000    0.000    0.000 sysconfig.py:340(get_preferred_scheme)
        1    0.000    0.000    0.000    0.000 polynomial.py:29(RankWarning)
        1    0.000    0.000    0.000    0.000 plot.py:1164(ContourSeries)
        1    0.000    0.000    0.000    0.000 _docscrape.py:578(FunctionDoc)
        1    0.000    0.000    0.000    0.000 joint_rv_types.py:484(MultivariateBetaDistribution)
        1    0.000    0.000    0.000    0.000 _multivariate.py:4776(multivariate_t_frozen)
        1    0.000    0.000    0.000    0.000 _resampling.py:2082(ResamplingMethod)
        1    0.000    0.000    0.000    0.000 arrayprint.py:1235(BoolFormat)
        1    0.000    0.000    0.000    0.000 parse.py:342(DefragResultBytes)
        1    0.000    0.000    0.000    0.000 exponential.py:210(ExpMeta)
        1    0.000    0.000    0.000    0.000 cyk.py:26(Rule)
        1    0.000    0.000    0.000    0.000 random_matrix_models.py:132(GaussianOrthogonalEnsembleModel)
        1    0.000    0.000    0.000    0.000 frv.py:36(FiniteDensity)
        1    0.000    0.000    0.000    0.000 homomorphisms.py:537(FreeModuleHomomorphism)
        1    0.000    0.000    0.000    0.000 _interface.py:846(IdentityOperator)
        1    0.000    0.000    0.000    0.000 core.py:8376(_convert2ma)
        1    0.000    0.000    0.000    0.000 single.py:2485(NthLinearEulerEqNonhomogeneousVariationOfParameters)
        1    0.000    0.000    0.000    0.000 gaussiandomains.py:209(GaussianRational)
        1    0.000    0.000    0.000    0.000 orderings.py:45(GradedLexOrder)
        6    0.000    0.000    0.000    0.000 typing.py:526(__repr__)
        1    0.000    0.000    0.000    0.000 permutations.py:3065(AppliedPermutation)
        1    0.000    0.000    0.000    0.000 _bary_rational.py:36(_BarycentricRational)
        1    0.000    0.000    0.000    0.000 _base.py:154(FixedRule)
        1    0.000    0.000    0.000    0.000 _stats_py.py:11078(_SimpleStudentT)
        1    0.000    0.000    0.000    0.000 rszeta.py:53(RSCache)
        1    0.000    0.000    0.000    0.000 parser.py:11(Parser)
        1    0.000    0.000    0.000    0.000 symbolic_probability.py:325(Variance)
        1    0.000    0.000    0.000    0.000 random_matrix_models.py:153(GaussianSymplecticEnsembleModel)
        1    0.000    0.000    0.000    0.000 crv_types.py:240(ArcsinDistribution)
        1    0.000    0.000    0.000    0.000 _distribution_infrastructure.py:775(_Parameterization)
        1    0.000    0.000    0.000    0.000 plot.py:948(Line3DBaseSeries)
        2    0.000    0.000    0.000    0.000 matexpr.py:481(get_postprocessor)
        1    0.000    0.000    0.000    0.000 pycode.py:740(SymPyPrinter)
        1    0.000    0.000    0.000    0.000 facts.py:252(TautologyDetected)
        1    0.000    0.000    0.000    0.000 crv_types.py:3367(ParetoDistribution)
        1    0.000    0.000    0.000    0.000 _multivariate.py:3061(invwishart_frozen)
        1    0.000    0.000    0.000    0.000 modules.py:1886(EndomorphismRing)
        1    0.000    0.000    0.000    0.000 source.py:1(<module>)
        1    0.000    0.000    0.000    0.000 __init__.py:286(LogRecord)
        1    0.000    0.000    0.000    0.000 _optimize.py:61(MemoizeJac)
        1    0.000    0.000    0.000    0.000 plot.py:1095(ParametricSurfaceSeries)
        1    0.000    0.000    0.000    0.000 single.py:2389(NthLinearEulerEqHomogeneous)
        1    0.000    0.000    0.000    0.000 exceptions.py:13(DMError)
        4    0.000    0.000    0.000    0.000 exceptions.py:62(<genexpr>)
        1    0.000    0.000    0.000    0.000 symbolic_probability.py:38(Probability)
        1    0.000    0.000    0.000    0.000 matrices.py:1005(<genexpr>)
        1    0.000    0.000    0.000    0.000 _odds_ratio.py:174(OddsRatioResult)
        1    0.000    0.000    0.000    0.000 codeprinter.py:18(requires)
        1    0.000    0.000    0.000    0.000 hyperbolic.py:106(HyperbolicFunction)
        1    0.000    0.000    0.000    0.000 hyper.py:57(TupleParametersBase)
        1    0.000    0.000    0.000    0.000 pretty_symbology.py:41(pretty_use_unicode)
        1    0.000    0.000    0.000    0.000 grammar_analysis.py:124(GrammarAnalyzer)
        1    0.000    0.000    0.000    0.000 _differentiable_functions.py:16(_ScalarGradWrapper)
        1    0.000    0.000    0.000    0.000 qs.py:10(SievePolynomial)
        1    0.000    0.000    0.000    0.000 quadrature.py:260(TanhSinh)
        1    0.000    0.000    0.000    0.000 _interface.py:660(_TransposedLinearOperator)
        1    0.000    0.000    0.000    0.000 construct.py:1(<module>)
        1    0.000    0.000    0.000    0.000 ctypeslib.py:202(_concrete_ndptr)
        1    0.000    0.000    0.000    0.000 __init__.py:67(_256Bit)
        1    0.000    0.000    0.000    0.000 parse.py:336(ParseResult)
        1    0.000    0.000    0.000    0.000 modules.py:1743(ModuleHomomorphism)
        1    0.000    0.000    0.000    0.000 rootoftools.py:151(RootOf)
        1    0.000    0.000    0.000    0.000 orderings.py:242(_ItemGetter)
        1    0.000    0.000    0.000    0.000 cyk.py:220(UnitSkipRule)
        1    0.000    0.000    0.000    0.000 lexer.py:59(PatternRE)
        1    0.000    0.000    0.000    0.000 crv_types.py:4113(TriangularDistribution)
        1    0.000    0.000    0.000    0.000 exceptions.py:3(GeometryError)
        1    0.000    0.000    0.000    0.000 symbolic_probability.py:574(Moment)
        1    0.000    0.000    0.000    0.000 __init__.py:1373(disable)
        1    0.000    0.000    0.000    0.000 deprecation.py:101(_DeprecationHelperStr)
        1    0.000    0.000    0.000    0.000 bsr.py:1(<module>)
        1    0.000    0.000    0.000    0.000 common.py:2939(MatrixCommon)
        1    0.000    0.000    0.000    0.000 numbers.py:3046(IntegerConstant)
        4    0.000    0.000    0.000    0.000 _distribution_infrastructure.py:4367(_shift_scale_inverse_function)
        1    0.000    0.000    0.000    0.000 lexer.py:12(Pattern)
        1    0.000    0.000    0.000    0.000 load_grammar.py:367(__init__)
        3    0.000    0.000    0.000    0.000 rv.py:247(distribution)
        1    0.000    0.000    0.000    0.000 _page_trend_test.py:12(PageTrendTestResult)
        1    0.000    0.000    0.000    0.000 {built-in method numpy.core._multiarray_umath._reload_guard}
        2    0.000    0.000    0.000    0.000 lalr_parser.py:121(__init__)
        1    0.000    0.000    0.000    0.000 rv.py:122(MatrixDomain)
        1    0.000    0.000    0.000    0.000 _page_trend_test.py:417(_PageL)
        1    0.000    0.000    0.000    0.000 _cubic.py:569(CubicSpline)
        1    0.000    0.000    0.000    0.000 lbfgsb.py:1(<module>)
        1    0.000    0.000    0.000    0.000 single.py:2574(NthLinearEulerEqNonhomogeneousUndeterminedCoefficients)
        1    0.000    0.000    0.000    0.000 homomorphisms.py:574(SubModuleHomomorphism)
        1    0.000    0.000    0.000    0.000 _backend.py:412(Dispatchable)
        1    0.000    0.000    0.000    0.000 plot.py:961(Parametric3DLineSeries)
        1    0.000    0.000    0.000    0.000 factorials.py:16(CombinatorialFunction)
        2    0.000    0.000    0.000    0.000 lalr_analysis.py:20(__init__)
        1    0.000    0.000    0.000    0.000 drv_types.py:600(SkellamDistribution)
        1    0.000    0.000    0.000    0.000 _interface.py:719(_ProductLinearOperator)
        1    0.000    0.000    0.000    0.000 modules.py:1844(ModuleEndomorphism)
        1    0.000    0.000    0.000    0.000 type_inferer.py:7(TypeInferer)
        1    0.000    0.000    0.000    0.000 frv.py:144(ConditionalFiniteDomain)
        1    0.000    0.000    0.000    0.000 _binomtest.py:10(BinomTestResult)
        1    0.000    0.000    0.000    0.000 fitpack2.py:1(<module>)
        1    0.000    0.000    0.000    0.000 _continuous_distns.py:1077(bradford_gen)
        1    0.000    0.000    0.000    0.000 earley_forest.py:680(ForestToPyDotVisitor)
        1    0.000    0.000    0.000    0.000 __init__.py:1287(_StderrHandler)
        1    0.000    0.000    0.000    0.000 joint_rv.py:188(SampleJointNumpy)
        1    0.000    0.000    0.000    0.000 crv_types.py:3453(PowerFunctionDistribution)
        1    0.000    0.000    0.000    0.000 _adapters.py:7(SpecLoaderAdapter)
        1    0.000    0.000    0.000    0.000 _discrete_distns.py:1295(zipf_gen)
        1    0.000    0.000    0.000    0.000 core.py:2589(MaskedIterator)
        1    0.000    0.000    0.000    0.000 modules.py:1282(SubModuleQuotientRing)
       10    0.000    0.000    0.000    0.000 contextlib.py:65(_recreate_cm)
        1    0.000    0.000    0.000    0.000 drv_types.py:364(LogarithmicDistribution)
        2    0.000    0.000    0.000    0.000 _onenormest.py:121(_blocked_elementwise)
        1    0.000    0.000    0.000    0.000 _stats_py.py:4063(AlexanderGovernResult)
        1    0.000    0.000    0.000    0.000 galois_resolvents.py:40(GaloisGroupException)
        1    0.000    0.000    0.000    0.000 structure_transformer.py:89(condition)
        4    0.000    0.000    0.000    0.000 _multiufuncs.py:69(_override_ufunc_default_kwargs)
        3    0.000    0.000    0.000    0.000 core.py:867(__init__)
        1    0.000    0.000    0.000    0.000 hyperexpand.py:1076(UnShiftB)
        1    0.000    0.000    0.000    0.000 optimization.py:104(MNewton)
        1    0.000    0.000    0.000    0.000 earley.py:23(Parser)
        1    0.000    0.000    0.000    0.000 _multivariate.py:6860(vonmises_fisher_frozen)
        1    0.000    0.000    0.000    0.000 _continuous_distns.py:611(arcsine_gen)
        1    0.000    0.000    0.000    0.000 _endian.py:55(BigEndianUnion)
        1    0.000    0.000    0.000    0.000 ipaddress.py:24(NetmaskValueError)
        1    0.000    0.000    0.000    0.000 complexes.py:329(eval)
        1    0.000    0.000    0.000    0.000 plot.py:1053(SurfaceOver2DRangeSeries)
        1    0.000    0.000    0.000    0.000 simpledomain.py:7(SimpleDomain)
        1    0.000    0.000    0.000    0.000 load_grammar.py:170(EBNF_to_BNF)
        1    0.000    0.000    0.000    0.000 _multivariate.py:1385(matrix_normal_frozen)
        1    0.000    0.000    0.000    0.000 hyper.py:25(TupleArg)
        1    0.000    0.000    0.000    0.000 polyoptions.py:372(Greedy)
        1    0.000    0.000    0.000    0.000 _discrete_distns.py:1483(dlaplace_gen)
        1    0.000    0.000    0.000    0.000 _dual_annealing.py:384(LocalSearchWrapper)
        1    0.000    0.000    0.000    0.000 _interface.py:747(_ScaledLinearOperator)
        1    0.000    0.000    0.000    0.000 diophantine.py:690(HomogeneousTernaryQuadraticNormal)
        1    0.000    0.000    0.000    0.000 lambdify.py:1270(_TensorflowEvaluatorPrinter)
        1    0.000    0.000    0.000    0.000 libmpf.py:132(h_mask_big)
        1    0.000    0.000    0.000    0.000 {method 'startswith' of 'bytes' objects}
        1    0.000    0.000    0.000    0.000 utils.py:210(Enumerator)
        1    0.000    0.000    0.000    0.000 load_grammar.py:683(__init__)
        1    0.000    0.000    0.000    0.000 drv_types.py:690(YuleSimonDistribution)
        1    0.000    0.000    0.000    0.000 symbolic_multivariate_probability.py:116(VarianceMatrix)
        1    0.000    0.000    0.000    0.000 _hypotests.py:1702(TukeyHSDResult)
        1    0.000    0.000    0.000    0.000 pickle.py:73(PickleError)
       11    0.000    0.000    0.000    0.000 expr.py:1221(removeO)
        1    0.000    0.000    0.000    0.000 earley_forest.py:176(ForestVisitor)
        1    0.000    0.000    0.000    0.000 multi_assign_transformer.py:7(MultiAssignTransformer)
        1    0.000    0.000    0.000    0.000 _interpolate.py:167(_do_extrapolate)
        4    0.000    0.000    0.000    0.000 _inspect.py:142(<lambda>)
        1    0.000    0.000    0.000    0.000 polyoptions.py:363(Field)
        1    0.000    0.000    0.000    0.000 logic.py:367(And)
        1    0.000    0.000    0.000    0.000 joint_rv_types.py:88(JointDistributionHandmade)
        1    0.000    0.000    0.000    0.000 morestats.py:1(<module>)
        1    0.000    0.000    0.000    0.000 _multivariate.py:3505(multinomial_frozen)
        1    0.000    0.000    0.000    0.000 indexed.py:120(IndexException)
        1    0.000    0.000    0.000    0.000 _differentiable_functions.py:760(LinearVectorFunction)
        1    0.000    0.000    0.000    0.000 __init__.py:166(c_short)
        1    0.000    0.000    0.000    0.000 optimization.py:58(Secant)
        1    0.000    0.000    0.000    0.000 optimization.py:517(ANewton)
        1    0.000    0.000    0.000    0.000 _discrete_distns.py:1701(skellam_gen)
        1    0.000    0.000    0.000    0.000 dispatcher.py:33(RaiseNotImplementedError)
        1    0.000    0.000    0.000    0.000 load_grammar.py:662(__init__)
        1    0.000    0.000    0.000    0.000 drv_types.py:441(NegativeBinomialDistribution)
        1    0.000    0.000    0.000    0.000 _survival.py:219(ECDFResult)
        1    0.000    0.000    0.000    0.000 _multivariate.py:5689(random_table_frozen)
        1    0.000    0.000    0.000    0.000 _discrete_distns.py:402(betanbinom_gen)
        1    0.000    0.000    0.000    0.000 _basinhopping.py:41(BasinHoppingRunner)
        1    0.000    0.000    0.000    0.000 __init__.py:1369(disable)
        1    0.000    0.000    0.000    0.000 optimization.py:290(Bisection)
        1    0.000    0.000    0.000    0.000 optimization.py:357(Illinois)
        1    0.000    0.000    0.000    0.000 drv_types.py:525(PoissonDistribution)
        1    0.000    0.000    0.000    0.000 modules.py:1324(QuotientModuleElement)
        1    0.000    0.000    0.000    0.000 singleton.py:133(Singleton)
        1    0.000    0.000    0.000    0.000 random_matrix_models.py:63(GaussianEnsembleModel)
        1    0.000    0.000    0.000    0.000 _continuous_distns.py:293(kstwobign_gen)
        1    0.000    0.000    0.000    0.000 core.py:903(_MaskedUnaryOperation)
        1    0.000    0.000    0.000    0.000 diophantine.py:248(Linear)
        1    0.000    0.000    0.000    0.000 libhyper.py:43(NoConvergence)
        1    0.000    0.000    0.000    0.000 optimization.py:159(Halley)
        1    0.000    0.000    0.000    0.000 optimization.py:213(Muller)
        1    0.000    0.000    0.000    0.000 magic.py:1(<module>)
        1    0.000    0.000    0.000    0.000 lexer.py:283(TraditionalLexer)
        1    0.000    0.000    0.000    0.000 load_grammar.py:673(FromPackageLoader)
        1    0.000    0.000    0.000    0.000 _basinhopping.py:18(Storage)
        1    0.000    0.000    0.000    0.000 systems.py:32(ODEOrderError)
        1    0.000    0.000    0.000    0.000 diophantine.py:968(GeneralSumOfSquares)
        3    0.000    0.000    0.000    0.000 <frozen codecs>:260(__init__)
        2    0.000    0.000    0.000    0.000 lark.py:172(__setattr__)
        1    0.000    0.000    0.000    0.000 interpolation.py:1(<module>)
        1    0.000    0.000    0.000    0.000 core.py:2378(__init__)
        1    0.000    0.000    0.000    0.000 __init__.py:2285(NullHandler)
        1    0.000    0.000    0.000    0.000 _constraints.py:227(Bounds)
        8    0.000    0.000    0.000    0.000 _pep440.py:70(__neg__)
        1    0.000    0.000    0.000    0.000 _pep440.py:135(_BaseVersion)
        1    0.000    0.000    0.000    0.000 mathieu_functions.py:9(MathieuBase)
        1    0.000    0.000    0.000    0.000 numbers.py:3433(__ne__)
        2    0.000    0.000    0.000    0.000 ctx_mp_python.py:620(<lambda>)
        1    0.000    0.000    0.000    0.000 dense.py:111(MutableDenseMatrix)
        1    0.000    0.000    0.000    0.000 mstats_basic.py:1(<module>)
        1    0.000    0.000    0.000    0.000 _discrete_distns.py:1390(zipfian_gen)
        1    0.000    0.000    0.000    0.000 _bary_rational.py:599(FloaterHormannInterpolator)
        1    0.000    0.000    0.000    0.000 decorator.py:254(ContextManager)
        1    0.000    0.000    0.000    0.000 __init__.py:70(_128Bit)
        1    0.000    0.000    0.000    0.000 _endian.py:34(_swapped_struct_meta)
        1    0.000    0.000    0.000    0.000 identifiers.py:1(<module>)
        1    0.000    0.000    0.000    0.000 qs.py:49(FactorBaseElem)
        1    0.000    0.000    0.000    0.000 boolalg.py:423(__hash__)
        1    0.000    0.000    0.000    0.000 _special_sparse_arrays.py:836(MikotaPair)
        4    0.000    0.000    0.000    0.000 visitors.py:165(__init__)
        1    0.000    0.000    0.000    0.000 rv.py:1580(NamedArgsMixin)
        1    0.000    0.000    0.000    0.000 _survival.py:469(LogRankResult)
        1    0.000    0.000    0.000    0.000 _continuous_distns.py:10819(FitUniformFixedScaleDataError)
        1    0.000    0.000    0.000    0.000 minpack.py:1(<module>)
        1    0.000    0.000    0.000    0.000 _interface.py:816(MatrixLinearOperator)
        1    0.000    0.000    0.000    0.000 __init__.py:247(c_void_p)
        1    0.000    0.000    0.000    0.000 polyerrors.py:136(ComputationFailed)
        1    0.000    0.000    0.000    0.000 groundtypes.py:36(_GMPYInteger)
        1    0.000    0.000    0.000    0.000 polyoptions.py:59(OptionType)
        1    0.000    0.000    0.000    0.000 kind.py:165(_BooleanKind)
        1    0.000    0.000    0.000    0.000 quadrature.py:389(GaussLegendre)
        1    0.000    0.000    0.000    0.000 inverselaplace.py:39(FixedTalbot)
        1    0.000    0.000    0.000    0.000 joint_rv_types.py:644(GeneralizedMultivariateLogGammaDistribution)
        1    0.000    0.000    0.000    0.000 random_matrix_models.py:237(CircularEnsembleModel)
        1    0.000    0.000    0.000    0.000 compressed.py:1(<module>)
        1    0.000    0.000    0.000    0.000 __init__.py:224(c_ubyte)
        1    0.000    0.000    0.000    0.000 _rbfinterp.py:134(RBFInterpolator)
        1    0.000    0.000    0.000    0.000 __init__.py:1202(FileHandler)
        1    0.000    0.000    0.000    0.000 _differentiable_functions.py:463(_VectorHessWrapper)
        1    0.000    0.000    0.000    0.000 _nonlin.py:1175(DiagBroyden)
        1    0.000    0.000    0.000    0.000 _iotools.py:429(ConverterLockError)
        1    0.000    0.000    0.000    0.000 line.py:2362(Segment2D)
        2    0.000    0.000    0.000    0.000 ordinals.py:84(<genexpr>)
        1    0.000    0.000    0.000    0.000 inverselaplace.py:220(Stehfest)
        1    0.000    0.000    0.000    0.000 crv.py:86(ConditionalContinuousDomain)
        1    0.000    0.000    0.000    0.000 kde.py:1(<module>)
        1    0.000    0.000    0.000    0.000 hyperexpand.py:1129(MeijerShiftB)
        1    0.000    0.000    0.000    0.000 frv.py:128(ProductFiniteDomain)
        1    0.000    0.000    0.000    0.000 _polyint.py:245(KroghInterpolator)
        1    0.000    0.000    0.000    0.000 base.py:274(ConstantDenseOutput)
        1    0.000    0.000    0.000    0.000 __init__.py:727(BufferingFormatter)
        1    0.000    0.000    0.000    0.000 _vertex.py:179(VertexCacheBase)
        1    0.000    0.000    0.000    0.000 _testutils.py:56(PytestTester)
        1    0.000    0.000    0.000    0.000 _typing.py:118(DTypesSigned)
        2    0.000    0.000    0.000    0.000 core.py:3433(shape)
        1    0.000    0.000    0.000    0.000 __init__.py:170(c_ushort)
        2    0.000    0.000    0.000    0.000 exceptions.py:1(EvaluationException)
        1    0.000    0.000    0.000    0.000 identification.py:13(IdentificationMethods)
        1    0.000    0.000    0.000    0.000 symbolic_probability.py:632(CentralMoment)
        1    0.000    0.000    0.000    0.000 _multivariate.py:5769(uniform_direction_gen)
        1    0.000    0.000    0.000    0.000 _distn_infrastructure.py:1615(_ShapeInfo)
        1    0.000    0.000    0.000    0.000 diophantine.py:777(HomogeneousTernaryQuadratic)
        1    0.000    0.000    0.000    0.000 common.py:3049(_CastableMatrix)
        1    0.000    0.000    0.000    0.000 calculus.py:1(CalculusMethods)
        1    0.000    0.000    0.000    0.000 _covariance.py:503(CovViaDiagonal)
        1    0.000    0.000    0.000    0.000 pydoc.py:1193(TextRepr)
        1    0.000    0.000    0.000    0.000 misc.py:13(Undecidable)
        1    0.000    0.000    0.000    0.000 load_grammar.py:364(_ReplaceSymbols)
        1    0.000    0.000    0.000    0.000 rv.py:356(RandomMatrixSymbol)
        1    0.000    0.000    0.000    0.000 quadpack.py:1(<module>)
        1    0.000    0.000    0.000    0.000 _interpolate.py:125(interp2d)
        1    0.000    0.000    0.000    0.000 _dual_annealing.py:20(VisitingDistribution)
        1    0.000    0.000    0.000    0.000 _dual_annealing.py:129(EnergyState)
        1    0.000    0.000    0.000    0.000 _trustregion_dogleg.py:38(DoglegSubproblem)
        1    0.000    0.000    0.000    0.000 __init__.py:79(_64Bit)
        1    0.000    0.000    0.000    0.000 line.py:2760(Segment3D)
        1    0.000    0.000    0.000    0.000 hyperexpand.py:949(Operator)
        1    0.000    0.000    0.000    0.000 libmpf.py:43(ComplexResult)
        6    0.000    0.000    0.000    0.000 expr.py:4003(_eval_nseries)
        1    0.000    0.000    0.000    0.000 _distn_infrastructure.py:600(rv_continuous_frozen)
        1    0.000    0.000    0.000    0.000 exceptions.py:30(UnexpectedInput)
        1    0.000    0.000    0.000    0.000 stats.py:1(<module>)
        1    0.000    0.000    0.000    0.000 polyerrors.py:30(PolynomialDivisionFailed)
        1    0.000    0.000    0.000    0.000 function.py:105(ArgumentIndexError)
        1    0.000    0.000    0.000    0.000 measurements.py:1(<module>)
        1    0.000    0.000    0.000    0.000 drv.py:193(ConditionalDiscreteDomain)
        1    0.000    0.000    0.000    0.000 _multivariate.py:7252(normal_inverse_gamma_frozen)
        1    0.000    0.000    0.000    0.000 interpolate.py:1(<module>)
        1    0.000    0.000    0.000    0.000 _quad_vec.py:12(LRUDict)
        1    0.000    0.000    0.000    0.000 doccer.py:23(Decorator)
        1    0.000    0.000    0.000    0.000 optimize.py:1(<module>)
        1    0.000    0.000    0.000    0.000 zeros.py:1(<module>)
        1    0.000    0.000    0.000    0.000 _hessian_update_strategy.py:425(SR1)
        1    0.000    0.000    0.000    0.000 <decorator-gen-2>:1(<module>)
        1    0.000    0.000    0.000    0.000 pydoc.py:2080(__init__)
        1    0.000    0.000    0.000    0.000 _basic.py:2819(_range_prod)
        1    0.000    0.000    0.000    0.000 core.py:6844(_frommethod)
        7    0.000    0.000    0.000    0.000 numeric.py:1389(_moveaxis_dispatcher)
        1    0.000    0.000    0.000    0.000 solveset.py:63(NonlinearError)
        1    0.000    0.000    0.000    0.000 orderings.py:54(ReversedGradedLexOrder)
        1    0.000    0.000    0.000    0.000 operations.py:460(ShortCircuit)
        1    0.000    0.000    0.000    0.000 lalr_analysis.py:65(IntParseTable)
        1    0.000    0.000    0.000    0.000 lalr_analysis.py:136(LALR_Analyzer)
        1    0.000    0.000    0.000    0.000 _multivariate.py:3858(random_correlation_gen)
        1    0.000    0.000    0.000    0.000 _nonlin.py:1352(KrylovJacobian)
        1    0.000    0.000    0.000    0.000 arpack.py:389(_SymmetricArpackParams)
        1    0.000    0.000    0.000    0.000 <decorator-gen-3>:1(<module>)
        1    0.000    0.000    0.000    0.000 coo.py:1(<module>)
        1    0.000    0.000    0.000    0.000 traceback.py:656(_ExceptionPrintContext)
        1    0.000    0.000    0.000    0.000 __init__.py:73(_96Bit)
        1    0.000    0.000    0.000    0.000 __init__.py:76(_80Bit)
        1    0.000    0.000    0.000    0.000 single.py:37(ODEMatchError)
        1    0.000    0.000    0.000    0.000 optimization.py:7(OptimizationMethods)
        1    0.000    0.000    0.000    0.000 inverselaplace.py:354(deHoog)
        2    0.000    0.000    0.000    0.000 poc_ost_running.py:56(<genexpr>)
        5    0.000    0.000    0.000    0.000 _pep440.py:446(<lambda>)
        1    0.000    0.000    0.000    0.000 sympy_parser.py:87(ParenthesisGroup)
        1    0.000    0.000    0.000    0.000 earley_forest.py:425(ForestSumVisitor)
        1    0.000    0.000    0.000    0.000 _discrete_distns.py:902(logser_gen)
        1    0.000    0.000    0.000    0.000 _fitpack_repro.py:416(F)
        1    0.000    0.000    0.000    0.000 base.py:233(DenseOutput)
        1    0.000    0.000    0.000    0.000 odepack.py:1(<module>)
        1    0.000    0.000    0.000    0.000 linesearch.py:1(<module>)
        1    0.000    0.000    0.000    0.000 nonlin.py:1(<module>)
        1    0.000    0.000    0.000    0.000 tnc.py:1(<module>)
        1    0.000    0.000    0.000    0.000 _util.py:578(_ScalarFunctionWrapper)
        1    0.000    0.000    0.000    0.000 __init__.py:187(c_int)
        1    0.000    0.000    0.000    0.000 experimental_lambdify.py:149(lambdify)
        1    0.000    0.000    0.000    0.000 line.py:2504(Line3D)
        1    0.000    0.000    0.000    0.000 meijerint.py:312(_CoeffExpValueError)
        6    0.000    0.000    0.000    0.000 order.py:371(getO)
        1    0.000    0.000    0.000    0.000 numbers.py:1682(_MultisetHistogram)
        1    0.000    0.000    0.000    0.000 facts.py:565(InconsistentAssumptions)
        8    0.000    0.000    0.000    0.000 contextlib.py:443(__enter__)
        1    0.000    0.000    0.000    0.000 parser_frontends.py:183(XEarley)
        1    0.000    0.000    0.000    0.000 joint_rv.py:227(SampleJointPymc)
        1    0.000    0.000    0.000    0.000 _sensitivity_analysis.py:155(BootstrapSobolResult)
        1    0.000    0.000    0.000    0.000 _multivariate.py:3562(special_ortho_group_gen)
        1    0.000    0.000    0.000    0.000 _vertex.py:205(VertexCube)
        1    0.000    0.000    0.000    0.000 moduleTNC.py:1(<module>)
        1    0.000    0.000    0.000    0.000 _numdiff.py:863(_Fun_Wrapper)
        1    0.000    0.000    0.000    0.000 difflib.py:724(Differ)
        1    0.000    0.000    0.000    0.000 arpack.py:957(IterInv)
        1    0.000    0.000    0.000    0.000 pydoc.py:408(ErrorDuringImport)
        1    0.000    0.000    0.000    0.000 _iotools.py:421(ConverterError)
        1    0.000    0.000    0.000    0.000 __init__.py:178(c_ulong)
        1    0.000    0.000    0.000    0.000 __init__.py:231(c_byte)
        1    0.000    0.000    0.000    0.000 __init__.py:262(c_wchar)
        1    0.000    0.000    0.000    0.000 diophantine.py:1144(GeneralSumOfEvenPowers)
        5    0.000    0.000    0.000    0.000 function.py:337(eval)
        1    0.000    0.000    0.000    0.000 evalf.py:235(complex_accuracy)
        6    0.000    0.000    0.000    0.000 fromnumeric.py:2317(_any_dispatcher)
        4    0.000    0.000    0.000    0.000 fromnumeric.py:2687(_max_dispatcher)
        1    0.000    0.000    0.000    0.000 lexer.py:270(Lexer)
        1    0.000    0.000    0.000    0.000 load_grammar.py:298(CanonizeTree)
        1    0.000    0.000    0.000    0.000 xearley.py:27(Parser)
        1    0.000    0.000    0.000    0.000 morphology.py:1(<module>)
        1    0.000    0.000    0.000    0.000 mstats_extras.py:1(<module>)
        1    0.000    0.000    0.000    0.000 ndgriddata.py:1(<module>)
        1    0.000    0.000    0.000    0.000 rbf.py:1(<module>)
        1    0.000    0.000    0.000    0.000 _optimize.py:3934(_Brute_Wrapper)
        1    0.000    0.000    0.000    0.000 arpack.py:288(ArpackNoConvergence)
        1    0.000    0.000    0.000    0.000 pickle.py:77(PicklingError)
        1    0.000    0.000    0.000    0.000 iterables.py:3008(NotIterable)
        4    0.000    0.000    0.000    0.000 _distribution_infrastructure.py:4330(_shift_scale_distribution_function_2arg)
        3    0.000    0.000    0.000    0.000 arrayprint.py:898(_none_or_positive_arg)
        1    0.000    0.000    0.000    0.000 stochastic_process_types.py:341(GeneratorMatrixOf)
        1    0.000    0.000    0.000    0.000 frv_types.py:633(RademacherDistribution)
        1    0.000    0.000    0.000    0.000 _hypotests.py:356(CramerVonMisesResult)
        1    0.000    0.000    0.000    0.000 _hypotests.py:1188(BoschlooExactResult)
        1    0.000    0.000    0.000    0.000 __init__.py:82(_32Bit)
        1    0.000    0.000    0.000    0.000 solvers.py:18(PolyNonlinearError)
        1    0.000    0.000    0.000    0.000 hyperexpand.py:1035(UnShiftA)
        1    0.000    0.000    0.000    0.000 polyerrors.py:118(UnificationFailed)
        1    0.000    0.000    0.000    0.000 load_grammar.py:285(RuleTreeToText)
        4    0.000    0.000    0.000    0.000 shape_base.py:19(_atleast_1d_dispatcher)
        1    0.000    0.000    0.000    0.000 cyk.py:84(Parser)
        1    0.000    0.000    0.000    0.000 stochastic_process_types.py:285(DiscreteTimeStochasticProcess)
        1    0.000    0.000    0.000    0.000 _mgc.py:17(_ParallelP)
        1    0.000    0.000    0.000    0.000 _distribution_infrastructure.py:485(_IntegerInterval)
        1    0.000    0.000    0.000    0.000 _discrete_distns.py:1677(poisson_binomial_frozen)
        1    0.000    0.000    0.000    0.000 _hypotests.py:917(BarnardExactResult)
        1    0.000    0.000    0.000    0.000 _cubic.py:72(CubicHermiteSpline)
        1    0.000    0.000    0.000    0.000 report.py:28(BasicReport)
        1    0.000    0.000    0.000    0.000 arpack.py:908(SpLuInv)
        1    0.000    0.000    0.000    0.000 __init__.py:88(_8Bit)
        1    0.000    0.000    0.000    0.000 __init__.py:174(c_long)
        1    0.000    0.000    0.000    0.000 kind.py:48(Kind)
        1    0.000    0.000    0.000    0.000 evalf.py:66(PrecisionExhausted)
        1    0.000    0.000    0.000    0.000 cache.py:45(__cacheit)
        1    0.000    0.000    0.000    0.000 _linalg.py:33(EighResult)
        1    0.000    0.000    0.000    0.000 lexer.py:82(TerminalDef)
        1    0.000    0.000    0.000    0.000 _vertex.py:222(VertexCacheIndex)
        1    0.000    0.000    0.000    0.000 _constraints.py:309(PreparedConstraint)
        1    0.000    0.000    0.000    0.000 dia.py:1(<module>)
        1    0.000    0.000    0.000    0.000 _typing.py:72(HasShape)
        1    0.000    0.000    0.000    0.000 __init__.py:85(_16Bit)
        4    0.000    0.000    0.000    0.000 stride_tricks.py:345(<genexpr>)
        1    0.000    0.000    0.000    0.000 __init__.py:195(c_float)
        1    0.000    0.000    0.000    0.000 __init__.py:236(c_char)
        1    0.000    0.000    0.000    0.000 sqrtdenest.py:217(SqrtdenestStopIteration)
        1    0.000    0.000    0.000    0.000 solveset.py:605(_SolveTrig1Error)
        1    0.000    0.000    0.000    0.000 common.py:7(LexerConf)
        1    0.000    0.000    0.000    0.000 _fitpack2.py:658(InterpolatedUnivariateSpline)
        1    0.000    0.000    0.000    0.000 common.py:137(OdeSolution)
        1    0.000    0.000    0.000    0.000 _threadsafety.py:9(ReentrancyError)
        1    0.000    0.000    0.000    0.000 _constraints.py:21(NonlinearConstraint)
        1    0.000    0.000    0.000    0.000 _util.py:566(_FunctionWrapper)
        1    0.000    0.000    0.000    0.000 __init__.py:191(c_uint)
        1    0.000    0.000    0.000    0.000 __init__.py:203(c_longdouble)
        1    0.000    0.000    0.000    0.000 diophantine.py:922(InhomogeneousGeneralQuadratic)
        1    0.000    0.000    0.000    0.000 modules.py:1864(InnerEndomorphism)
        1    0.000    0.000    0.000    0.000 polyerrors.py:151(MultivariatePolynomialError)
        1    0.000    0.000    0.000    0.000 optimization.py:602(MDNewton)
        2    0.000    0.000    0.000    0.000 _multiufuncs.py:66(_override_ufunc_default_args)
        1    0.000    0.000    0.000    0.000 load_grammar.py:658(PackageResource)
        1    0.000    0.000    0.000    0.000 _multivariate.py:4127(unitary_group_gen)
        1    0.000    0.000    0.000    0.000 polyint.py:1(<module>)
        1    0.000    0.000    0.000    0.000 _shgo.py:1538(LMapCache)
        1    0.000    0.000    0.000    0.000 _nonlin.py:318(TerminationCondition)
        1    0.000    0.000    0.000    0.000 _differentiable_functions.py:820(IdentityVectorFunction)
        1    0.000    0.000    0.000    0.000 _codata.py:2116(ConstantWarning)
        1    0.000    0.000    0.000    0.000 extract.py:1(<module>)
        1    0.000    0.000    0.000    0.000 pickle.py:84(UnpicklingError)
        1    0.000    0.000    0.000    0.000 hyperexpand.py:1162(MeijerUnShiftA)
        1    0.000    0.000    0.000    0.000 hyperexpand.py:1298(MeijerUnShiftD)
        1    0.000    0.000    0.000    0.000 alphabets.py:1(<module>)
        1    0.000    0.000    0.000    0.000 assumptions.py:680(ManagedProperties)
        1    0.000    0.000    0.000    0.000 sympify.py:40(CantSympify)
        6    0.000    0.000    0.000    0.000 _distribution_infrastructure.py:3305(_moment_standardized_formula)
        5    0.000    0.000    0.000    0.000 multiarray.py:85(empty_like)
        1    0.000    0.000    0.000    0.000 branch_builder.py:27(__init__)
        1    0.000    0.000    0.000    0.000 interpnd.py:1(<module>)
        1    0.000    0.000    0.000    0.000 linsolve.py:28(MatrixRankWarning)
        1    0.000    0.000    0.000    0.000 hyperexpand.py:1022(ShiftB)
        1    0.000    0.000    0.000    0.000 hyperexpand.py:1140(MeijerShiftC)
        1    0.000    0.000    0.000    0.000 functions.py:138(NoShapeError)
        1    0.000    0.000    0.000    0.000 coreerrors.py:4(BaseCoreError)
        1    0.000    0.000    0.000    0.000 stochastic_process_types.py:305(ContinuousTimeStochasticProcess)
        1    0.000    0.000    0.000    0.000 _multivariate.py:3705(ortho_group_gen)
        1    0.000    0.000    0.000    0.000 _nonlin.py:1289(ExcitingMixing)
        1    0.000    0.000    0.000    0.000 _minimize.py:1049(_Patch_Callback_Equal_Variables)
        1    0.000    0.000    0.000    0.000 _aliases.py:182(UniqueAllResult)
        1    0.000    0.000    0.000    0.000 __init__.py:199(c_double)
        1    0.000    0.000    0.000    0.000 {built-in method numpy._set_promotion_state}
        1    0.000    0.000    0.000    0.000 transforms.py:1454(HankelTransform)
        1    0.000    0.000    0.000    0.000 core.py:115(switch)
        1    0.000    0.000    0.000    0.000 factorials.py:272(MultiFactorial)
        1    0.000    0.000    0.000    0.000 arpack.py:606(_UnsymmetricArpackParams)
        1    0.000    0.000    0.000    0.000 _endian.py:35(_swapped_union_meta)
        1    0.000    0.000    0.000    0.000 logic.py:393(Or)
        1    0.000    0.000    0.000    0.000 inverselaplace.py:542(Cohen)
        1    0.000    0.000    0.000    0.000 rec_builder.py:22(__init__)
        1    0.000    0.000    0.000    0.000 _discrete_distns.py:1928(nchypergeom_fisher_gen)
        1    0.000    0.000    0.000    0.000 _base.py:6(Rule)
        1    0.000    0.000    0.000    0.000 dok.py:1(<module>)
        1    0.000    0.000    0.000    0.000 _warnings_errors.py:4(DegenerateDataWarning)
        1    0.000    0.000    0.000    0.000 hyperexpand.py:1118(MeijerShiftA)
        1    0.000    0.000    0.000    0.000 polysys.py:15(SolveFailed)
        1    0.000    0.000    0.000    0.000 groundtypes.py:40(_GMPYRational)
        1    0.000    0.000    0.000    0.000 tree.py:13(Meta)
        1    0.000    0.000    0.000    0.000 least_squares.py:255(_WrapArgsKwargs)
        1    0.000    0.000    0.000    0.000 _docscrape.py:615(ObjDoc)
        1    0.000    0.000    0.000    0.000 transforms.py:1516(InverseHankelTransform)
        1    0.000    0.000    0.000    0.000 common.py:32(MatrixError)
        1    0.000    0.000    0.000    0.000 _adapters.py:20(TraversableResourcesLoader)
        1    0.000    0.000    0.000    0.000 report.py:44(IPReport)
        1    0.000    0.000    0.000    0.000 exceptions.py:4(ClosureFailure)
        1    0.000    0.000    0.000    0.000 parse_tree_builder.py:13(ExpandSingleChild)
        1    0.000    0.000    0.000    0.000 _vertex.py:165(VertexVectorField)
        1    0.000    0.000    0.000    0.000 hyperexpand.py:1151(MeijerShiftD)
        1    0.000    0.000    0.000    0.000 galois_resolvents.py:44(ResolventException)
        1    0.000    0.000    0.000    0.000 polyerrors.py:57(OperationNotSupported)
        1    0.000    0.000    0.000    0.000 _new_distributions.py:424(_moment_raw_formula)
        1    0.000    0.000    0.000    0.000 _distribution_infrastructure.py:443(_RealInterval)
        1    0.000    0.000    0.000    0.000 _misc.py:9(LinAlgWarning)
        1    0.000    0.000    0.000    0.000 diophantine.py:671(InhomogeneousTernaryQuadratic)
        1    0.000    0.000    0.000    0.000 diophantine.py:945(HomogeneousGeneralQuadratic)
        1    0.000    0.000    0.000    0.000 rl.py:43(glom)
        1    0.000    0.000    0.000    0.000 polyoptions.py:42(Flag)
        1    0.000    0.000    0.000    0.000 csr.py:1(<module>)
        2    0.000    0.000    0.000    0.000 core.py:883(__init__)
        1    0.000    0.000    0.000    0.000 {built-in method _sre.template}
        1    0.000    0.000    0.000    0.000 <frozen posixpath>:52(normcase)
        1    0.000    0.000    0.000    0.000 exceptions.py:22(UnexpectedEOF)
        1    0.000    0.000    0.000    0.000 parser_frontends.py:83(PostLexConnector)
        1    0.000    0.000    0.000    0.000 _basinhopping.py:301(Metropolis)
        1    0.000    0.000    0.000    0.000 _typing.py:63(NestedSequence)
        1    0.000    0.000    0.000    0.000 hyperexpand.py:1002(MultOperator)
        1    0.000    0.000    0.000    0.000 modules.py:1092(ModuleOrder)
        3    0.000    0.000    0.000    0.000 exponential.py:497(<genexpr>)
        2    0.000    0.000    0.000    0.000 exceptions.py:76(__str__)
        1    0.000    0.000    0.000    0.000 diophantine.py:1117(CubicThue)
        1    0.000    0.000    0.000    0.000 parse_tree_builder.py:114(ChildFilterLALR_NoPlaceholders)
        1    0.000    0.000    0.000    0.000 _new_distributions.py:336(_median_formula)
        1    0.000    0.000    0.000    0.000 _nonlin.py:1019(Anderson)
        1    0.000    0.000    0.000    0.000 _differentiable_functions.py:408(_VectorFunWrapper)
        1    0.000    0.000    0.000    0.000 _optimize.py:544(_MaxFuncCallError)
        1    0.000    0.000    0.000    0.000 <decorator-gen-4>:1(<module>)
        1    0.000    0.000    0.000    0.000 exceptions.py:172(VisitError)
        1    0.000    0.000    0.000    0.000 parser_frontends.py:231(CYK)
        2    0.000    0.000    0.000    0.000 groundtypes.py:37(__init__)
        1    0.000    0.000    0.000    0.000 lalr_analysis.py:19(Action)
        1    0.000    0.000    0.000    0.000 crv.py:48(SingleContinuousDomain)
        1    0.000    0.000    0.000    0.000 bdf.py:456(BdfDenseOutput)
        1    0.000    0.000    0.000    0.000 lil.py:1(<module>)
        1    0.000    0.000    0.000    0.000 pydoc.py:2315(ModuleScanner)
        1    0.000    0.000    0.000    0.000 core.py:797(_DomainCheckInterval)
        1    0.000    0.000    0.000    0.000 cyk.py:54(Grammar)
        4    0.000    0.000    0.000    0.000 _pep440.py:426(_parse_local_version)
        3    0.000    0.000    0.000    0.000 fromnumeric.py:2831(_min_dispatcher)
        1    0.000    0.000    0.000    0.000 conflict.py:3(AmbiguityWarning)
        1    0.000    0.000    0.000    0.000 ctx_base.py:21(Context)
        2    0.000    0.000    0.000    0.000 simplify.py:1019(f)
        1    0.000    0.000    0.000    0.000 <string>:1(<module>)
        1    0.000    0.000    0.000    0.000 random_matrix_models.py:271(CircularUnitaryEnsembleModel)
        1    0.000    0.000    0.000    0.000 _continuous_distns.py:659(FitDataError)
        1    0.000    0.000    0.000    0.000 _differentiable_functions.py:418(_VectorJacWrapper)
        4    0.000    0.000    0.000    0.000 function_base.py:1800(_trim_zeros)
        1    0.000    0.000    0.000    0.000 plot.py:1588(DefaultBackend)
        1    0.000    0.000    0.000    0.000 galoisgroups.py:35(MaxTriesException)
        2    0.000    0.000    0.000    0.000 groundtypes.py:41(__init__)
        1    0.000    0.000    0.000    0.000 parse_tree_builder.py:313(ParseTreeBuilder)
        1    0.000    0.000    0.000    0.000 arpack.py:932(LuInv)
        1    0.000    0.000    0.000    0.000 exceptions.py:47(ComplexWarning)
        1    0.000    0.000    0.000    0.000 index_methods.py:22(IndexConformanceException)
        3    0.000    0.000    0.000    0.000 symbol.py:591(<genexpr>)
        2    0.000    0.000    0.000    0.000 exceptions.py:5(NormalizingException)
        1    0.000    0.000    0.000    0.000 _polyint.py:145(_Interpolator1DWithDerivatives)
        1    0.000    0.000    0.000    0.000 _fitpack2.py:1355(SmoothBivariateSpline)
        1    0.000    0.000    0.000    0.000 rk.py:552(RkDenseOutput)
        1    0.000    0.000    0.000    0.000 minimize_trustregion_constr.py:26(HessianLinearOperator)
        1    0.000    0.000    0.000    0.000 _helpers.py:685(_dask_device)
        1    0.000    0.000    0.000    0.000 transforms.py:453(MellinTransformStripError)
        1    0.000    0.000    0.000    0.000 parser_frontends.py:142(LALR_WithLexer)
        1    0.000    0.000    0.000    0.000 _fitpack2.py:1670(SphereBivariateSpline)
        1    0.000    0.000    0.000    0.000 dispatcher.py:10(MDNotImplementedError)
        1    0.000    0.000    0.000    0.000 crv.py:36(ContinuousDomain)
        1    0.000    0.000    0.000    0.000 __init__.py:1776(getEffectiveLevel)
        1    0.000    0.000    0.000    0.000 <decorator-gen-0>:1(<module>)
        1    0.000    0.000    0.000    0.000 _sf_error.py:5(SpecialFunctionWarning)
        1    0.000    0.000    0.000    0.000 _linalg.py:37(QRResult)
        1    0.000    0.000    0.000    0.000 subprocess.py:123(SubprocessError)
        1    0.000    0.000    0.000    0.000 shutil.py:67(Error)
        1    0.000    0.000    0.000    0.000 shutil.py:70(SameFileError)
        1    0.000    0.000    0.000    0.000 hyperbolic.py:1200(InverseHyperbolicFunction)
        1    0.000    0.000    0.000    0.000 _odepack_py.py:16(ODEintWarning)
        1    0.000    0.000    0.000    0.000 exceptions.py:38(StructureError)
        1    0.000    0.000    0.000    0.000 codeprinter.py:31(AssignmentError)
        1    0.000    0.000    0.000    0.000 load_grammar.py:381(ApplyTemplates)
        1    0.000    0.000    0.000    0.000 radau.py:549(RadauDenseOutput)
        1    0.000    0.000    0.000    0.000 _quadpack_py.py:1226(_OptFunc)
        1    0.000    0.000    0.000    0.000 exceptions.py:58(ModuleDeprecationWarning)
        1    0.000    0.000    0.000    0.000 systems.py:37(ODENonlinearError)
        1    0.000    0.000    0.000    0.000 eigen.py:38(Eigen)
        1    0.000    0.000    0.000    0.000 {built-in method time.time}
        1    0.000    0.000    0.000    0.000 exceptions.py:118(UnexpectedCharacters)
        1    0.000    0.000    0.000    0.000 report.py:36(SQPReport)
        1    0.000    0.000    0.000    0.000 traceback.py:90(_Sentinel)
        1    0.000    0.000    0.000    0.000 shutil.py:73(SpecialFileError)
        2    0.000    0.000    0.000    0.000 poc_ost_running.py:57(<genexpr>)
        4    0.000    0.000    0.000    0.000 _distribution_infrastructure.py:1798(_process_parameters)
        1    0.000    0.000    0.000    0.000 grammar.py:49(RuleOptions)
        1    0.000    0.000    0.000    0.000 lalr_puppet.py:87(ImmutableParserPuppet)
        1    0.000    0.000    0.000    0.000 load_grammar.py:820(PrepareGrammar)
        1    0.000    0.000    0.000    0.000 _zeros_py.py:35(RootResults)
        1    0.000    0.000    0.000    0.000 polyoptions.py:655(Polys)
        1    0.000    0.000    0.000    0.000 _discrete_distns.py:2011(nchypergeom_wallenius_gen)
        1    0.000    0.000    0.000    0.000 _ndgriddata.py:20(NearestNDInterpolator)
        1    0.000    0.000    0.000    0.000 _quad_vec.py:29(SemiInfiniteFunc)
        3    0.000    0.000    0.000    0.000 numeric.py:63(_zeros_like_dispatcher)
        1    0.000    0.000    0.000    0.000 ordinals.py:253(OrdinalZero)
        3    0.000    0.000    0.000    0.000 <frozen importlib._bootstrap_external>:1408(exec_module)
        1    0.000    0.000    0.000    0.000 quantities.py:149(PhysicalConstant)
        1    0.000    0.000    0.000    0.000 visitors.py:457(CollapseAmbiguities)
        1    0.000    0.000    0.000    0.000 drv.py:31(DiscreteDistribution)
        1    0.000    0.000    0.000    0.000 _multivariate.py:4083(random_correlation_frozen)
        1    0.000    0.000    0.000    0.000 _minimize.py:1065(_Remove_From_Func)
        1    0.000    0.000    0.000    0.000 _typing.py:113(DTypesBool)
        1    0.000    0.000    0.000    0.000 core.py:840(_DomainSafeDivide)
        1    0.000    0.000    0.000    0.000 rl.py:83(sort)
        1    0.000    0.000    0.000    0.000 common.py:36(ShapeError)
        1    0.000    0.000    0.000    0.000 exceptions.py:18(DMBadInputError)
        1    0.000    0.000    0.000    0.000 function.py:111(BadSignatureError)
        1    0.000    0.000    0.000    0.000 release.py:1(<module>)
        1    0.000    0.000    0.000    0.000 _multivariate.py:3828(ortho_group_frozen)
        1    0.000    0.000    0.000    0.000 <decorator-gen-1>:1(<module>)
        1    0.000    0.000    0.000    0.000 _typing.py:145(DTypesComplex)
        1    0.000    0.000    0.000    0.000 _aliases.py:189(UniqueCountsResult)
        1    0.000    0.000    0.000    0.000 exceptions.py:23(DMDomainError)
        1    0.000    0.000    0.000    0.000 visitors.py:152(InlineTransformer)
        1    0.000    0.000    0.000    0.000 _linalg.py:41(SlogdetResult)
        1    0.000    0.000    0.000    0.000 _testutils.py:51(FPUModeChangeWarning)
        1    0.000    0.000    0.000    0.000 core.py:1125(_DomainedBinaryOperation)
        1    0.000    0.000    0.000    0.000 program.py:46(add_types)
        1    0.000    0.000    0.000    0.000 shutil.py:77(ExecError)
        1    0.000    0.000    0.000    0.000 polyerrors.py:177(OptionError)
        2    0.000    0.000    0.000    0.000 add.py:750(<genexpr>)
        1    0.000    0.000    0.000    0.000 function.py:101(PoleError)
        1    0.000    0.000    0.000    0.000 crv.py:68(ProductContinuousDomain)
        1    0.000    0.000    0.000    0.000 _distribution_infrastructure.py:717(_RealParameter)
        1    0.000    0.000    0.000    0.000 parser_frontends.py:17(get_frontend)
        1    0.000    0.000    0.000    0.000 lexer.py:163(LineCounter)
        1    0.000    0.000    0.000    0.000 lsoda.py:211(LsodaDenseOutput)
        1    0.000    0.000    0.000    0.000 _vertex.py:430(ConstraintWrapper)
        1    0.000    0.000    0.000    0.000 function.py:116(BadArgumentsError)
        1    0.000    0.000    0.000    0.000 joint_rv.py:338(JointRandomSymbol)
        1    0.000    0.000    0.000    0.000 _fitpack2.py:1554(RectBivariateSpline)
        1    0.000    0.000    0.000    0.000 _dual_annealing.py:366(ObjectiveFunWrapper)
        1    0.000    0.000    0.000    0.000 __init__.py:769(Filter)
        1    0.000    0.000    0.000    0.000 minimize_trustregion_constr.py:39(LagrangianHessian)
        1    0.000    0.000    0.000    0.000 _typing.py:126(DTypesUnsigned)
        4    0.000    0.000    0.000    0.000 stride_tricks.py:363(_broadcast_to_dispatcher)
        1    0.000    0.000    0.000    0.000 parser_frontends.py:166(Earley)
        1    0.000    0.000    0.000    0.000 cyk.py:189(CnfWrapper)
        1    0.000    0.000    0.000    0.000 _multivariate.py:3675(special_ortho_group_frozen)
        1    0.000    0.000    0.000    0.000 _quad_vec.py:57(DoubleInfiniteFunc)
        1    0.000    0.000    0.000    0.000 _shgo.py:1529(LMap)
        1    0.000    0.000    0.000    0.000 _pep440.py:141(<lambda>)
        1    0.000    0.000    0.000    0.000 _base.py:19(SparseWarning)
        1    0.000    0.000    0.000    0.000 _typing.py:68(SupportsArrayNamespace)
        1    0.000    0.000    0.000    0.000 core.py:893(_MaskedUFunc)
        1    0.000    0.000    0.000    0.000 visitors.py:177(Transformer_InPlace)
        1    0.000    0.000    0.000    0.000 _fitpack2.py:1454(LSQBivariateSpline)
        1    0.000    0.000    0.000    0.000 _quadpack_py.py:13(IntegrationWarning)
        1    0.000    0.000    0.000    0.000 __init__.py:1311(PlaceHolder)
        1    0.000    0.000    0.000    0.000 _trustregion_ncg.py:42(CGSteihaugSubproblem)
        1    0.000    0.000    0.000    0.000 _docscrape.py:101(ParseError)
        1    0.000    0.000    0.000    0.000 pydoc.py:1635(_PlainTextDoc)
        1    0.000    0.000    0.000    0.000 polyutils.py:47(RankWarning)
        1    0.000    0.000    0.000    0.000 polyerrors.py:90(RefinementFailed)
        1    0.000    0.000    0.000    0.000 polyerrors.py:122(UnsolvableFactorError)
        1    0.000    0.000    0.000    0.000 odes.py:4(ODEMethods)
        1    0.000    0.000    0.000    0.000 _new_distributions.py:99(_moment_raw_formula)
        1    0.000    0.000    0.000    0.000 _fitpack2.py:1837(SmoothSphereBivariateSpline)
        1    0.000    0.000    0.000    0.000 _basinhopping.py:262(RandomDisplacement)
        1    0.000    0.000    0.000    0.000 extras.py:1637(mr_class)
        1    0.000    0.000    0.000    0.000 exceptions.py:74(VisibleDeprecationWarning)
        1    0.000    0.000    0.000    0.000 common.py:45(NonInvertibleMatrixError)
        1    0.000    0.000    0.000    0.000 exceptions.py:58(DMValueError)
        1    0.000    0.000    0.000    0.000 lexer.py:441(LexerThread)
        1    0.000    0.000    0.000    0.000 parse_tree_builder.py:69(ChildFilter)
        1    0.000    0.000    0.000    0.000 _coo.py:1463(coo_matrix)
        1    0.000    0.000    0.000    0.000 decorator.py:46(get_init)
        1    0.000    0.000    0.000    0.000 _base.py:28(SparseEfficiencyWarning)
        1    0.000    0.000    0.000    0.000 shutil.py:80(ReadError)
        1    0.000    0.000    0.000    0.000 polyerrors.py:147(UnivariatePolynomialError)
        1    0.000    0.000    0.000    0.000 cyk.py:71(RuleNode)
        1    0.000    0.000    0.000    0.000 _linalg.py:45(SVDResult)
        1    0.000    0.000    0.000    0.000 _typing.py:139(DTypesReal)
        1    0.000    0.000    0.000    0.000 polyerrors.py:67(HeuristicGCDFailed)
        1    0.000    0.000    0.000    0.000 polyerrors.py:71(ModularGCDFailed)
        1    0.000    0.000    0.000    0.000 utils.py:292(fzset)
        1    0.000    0.000    0.000    0.000 lexer.py:393(ContextualLexer)
        1    0.000    0.000    0.000    0.000 random_matrix_models.py:279(CircularSymplecticEnsembleModel)
        1    0.000    0.000    0.000    0.000 _multivariate.py:5899(uniform_direction_frozen)
        1    0.000    0.000    0.000    0.000 _nonlin.py:589(GenericBroyden)
        1    0.000    0.000    0.000    0.000 {built-in method numpy._using_numpy2_behavior}
        1    0.000    0.000    0.000    0.000 {built-in method atexit.register}
        1    0.000    0.000    0.000    0.000 _distn_infrastructure.py:591(rv_discrete_frozen)
        1    0.000    0.000    0.000    0.000 _sf_error.py:13(SpecialFunctionError)
        1    0.000    0.000    0.000    0.000 _aliases.py:194(UniqueInverseResult)
        1    0.000    0.000    0.000    0.000 core.py:156(MaskError)
        1    0.000    0.000    0.000    0.000 exceptions.py:85(TooHardError)
        1    0.000    0.000    0.000    0.000 common.py:50(NonPositiveDefiniteMatrixError)
        1    0.000    0.000    0.000    0.000 exceptions.py:28(DMNotAField)
        1    0.000    0.000    0.000    0.000 exceptions.py:53(DMNonSquareMatrixError)
        1    0.000    0.000    0.000    0.000 polyerrors.py:82(ExtraneousFactors)
        1    0.000    0.000    0.000    0.000 polyerrors.py:102(NotReversible)
        1    0.000    0.000    0.000    0.000 lexer.py:188(UnlessCallback)
        1    0.000    0.000    0.000    0.000 drv.py:188(SingleDiscreteDomain)
        1    0.000    0.000    0.000    0.000 _quadpack_py.py:1235(_NQuad)
        1    0.000    0.000    0.000    0.000 core.py:830(__init__)
        1    0.000    0.000    0.000    0.000 common.py:41(NonSquareMatrixError)
        1    0.000    0.000    0.000    0.000 exceptions.py:48(DMShapeError)
        1    0.000    0.000    0.000    0.000 exceptions.py:46(MissingUnityError)
        1    0.000    0.000    0.000    0.000 load_grammar.py:437(PrepareLiterals)
        1    0.000    0.000    0.000    0.000 random_matrix_models.py:275(CircularOrthogonalEnsembleModel)
        1    0.000    0.000    0.000    0.000 drv.py:279(ProductDiscreteDomain)
        1    0.000    0.000    0.000    0.000 exceptions.py:1(ArithmConversionException)
        1    0.000    0.000    0.000    0.000 exceptions.py:5(FunctionalAssignmentException)
        1    0.000    0.000    0.000    0.000 exceptions.py:38(DMNonInvertibleMatrixError)
        1    0.000    0.000    0.000    0.000 exceptions.py:43(DMRankError)
        1    0.000    0.000    0.000    0.000 polyerrors.py:106(NotAlgebraic)
        1    0.000    0.000    0.000    0.000 polyerrors.py:110(DomainError)
        1    0.000    0.000    0.000    0.000 coreerrors.py:8(NonCommutativeExpression)
        1    0.000    0.000    0.000    0.000 visitors.py:252(Visitor)
        1    0.000    0.000    0.000    0.000 lexer.py:381(LexerState)
        1    0.000    0.000    0.000    0.000 _fitpack2.py:780(LSQUnivariateSpline)
        1    0.000    0.000    0.000    0.000 _csc.py:274(csc_matrix)
        1    0.000    0.000    0.000    0.000 exceptions.py:33(DMFormatError)
        1    0.000    0.000    0.000    0.000 shutil.py:83(RegistryError)
        1    0.000    0.000    0.000    0.000 lalr_parser.py:38(ParseConf)
        1    0.000    0.000    0.000    0.000 visitors.py:237(VisitorBase)
        1    0.000    0.000    0.000    0.000 load_grammar.py:531(Grammar)
        1    0.000    0.000    0.000    0.000 _fitpack2.py:2163(RectSphereBivariateSpline)
        1    0.000    0.000    0.000    0.000 _continuous_distns.py:672(FitSolverError)
        1    0.000    0.000    0.000    0.000 _ode.py:767(IntegratorConcurrencyError)
        1    0.000    0.000    0.000    0.000 polyerrors.py:74(HomomorphismFailed)
        1    0.000    0.000    0.000    0.000 polyerrors.py:114(PolynomialError)
        1    0.000    0.000    0.000    0.000 parse_tree_builder.py:165(AmbiguousExpander)
        1    0.000    0.000    0.000    0.000 extras.py:263(_fromnxfunction_single)
        1    0.000    0.000    0.000    0.000 core.py:84(MaskedArrayFutureWarning)
        1    0.000    0.000    0.000    0.000 polyerrors.py:86(EvaluationFailed)
        1    0.000    0.000    0.000    0.000 exceptions.py:1(TyperNotApplicableException)
        1    0.000    0.000    0.000    0.000 parse_tree_builder.py:92(ChildFilterLALR)
        1    0.000    0.000    0.000    0.000 crv.py:152(ContinuousDistribution)
        1    0.000    0.000    0.000    0.000 drv.py:181(DiscreteDomain)
        1    0.000    0.000    0.000    0.000 _sparse.py:6(SparseABC)
        1    0.000    0.000    0.000    0.000 _warnings_errors.py:12(ConstantInputWarning)
        1    0.000    0.000    0.000    0.000 core.py:861(_DomainGreater)
        1    0.000    0.000    0.000    0.000 polyerrors.py:78(IsomorphismFailed)
        1    0.000    0.000    0.000    0.000 polyerrors.py:98(NotInvertible)
        1    0.000    0.000    0.000    0.000 grammar_analysis.py:41(LR0ItemSet)
        1    0.000    0.000    0.000    0.000 rk.py:577(Dop853DenseOutput)
        1    0.000    0.000    0.000    0.000 _pep440.py:129(InvalidVersion)
        1    0.000    0.000    0.000    0.000 polyerrors.py:181(FlagError)
        1    0.000    0.000    0.000    0.000 exceptions.py:1(InvariantIdealException)
        1    0.000    0.000    0.000    0.000 visitors.py:164(TransformerChain)
        1    0.000    0.000    0.000    0.000 visitors.py:192(Transformer_NonRecursive)
        1    0.000    0.000    0.000    0.000 _new_distributions.py:333(_mode_formula)
        1    0.000    0.000    0.000    0.000 _csr.py:314(csr_array)
        1    0.000    0.000    0.000    0.000 core.py:822(_DomainTan)
        1    0.000    0.000    0.000    0.000 shutil.py:87(_GiveupOnFastCopy)
        1    0.000    0.000    0.000    0.000 polyerrors.py:94(CoercionFailed)
        1    0.000    0.000    0.000    0.000 parser_frontends.py:153(LALR_TraditionalLexer)
        1    0.000    0.000    0.000    0.000 _basinhopping.py:285(MinimizerWrapper)
        1    0.000    0.000    0.000    0.000 _warnings_errors.py:33(FitError)
        1    0.000    0.000    0.000    0.000 parser_frontends.py:65(_ParserFrontend)
        1    0.000    0.000    0.000    0.000 abc.py:58(TraversalError)
        1    0.000    0.000    0.000    0.000 _quad_vec.py:94(_Bunch)
        1    0.000    0.000    0.000    0.000 _nonlin.py:32(NoConvergence)
        1    0.000    0.000    0.000    0.000 _ccallback.py:9(CData)
        1    0.000    0.000    0.000    0.000 expressionrawdomain.py:28(__init__)
        1    0.000    0.000    0.000    0.000 exceptions.py:1(TransformException)
        1    0.000    0.000    0.000    0.000 load_grammar.py:510(PrepareSymbols)
        1    0.000    0.000    0.000    0.000 _multivariate.py:4243(unitary_group_frozen)
        1    0.000    0.000    0.000    0.000 polyerrors.py:132(GeneratorsNeeded)
        1    0.000    0.000    0.000    0.000 integerring.py:50(__init__)
        1    0.000    0.000    0.000    0.000 gaussiandomains.py:609(__init__)
        1    0.000    0.000    0.000    0.000 _fitpack2.py:1979(LSQSphereBivariateSpline)
        1    0.000    0.000    0.000    0.000 _vertex.py:446(FieldWrapper)
        1    0.000    0.000    0.000    0.000 _optimize.py:1152(_LineSearchError)
        1    0.000    0.000    0.000    0.000 _lil.py:505(lil_array)
        1    0.000    0.000    0.000    0.000 _pep440.py:150(<lambda>)
        1    0.000    0.000    0.000    0.000 exceptions.py:9(EvaluationException)
        1    0.000    0.000    0.000    0.000 polyerrors.py:128(GeneratorsError)
        1    0.000    0.000    0.000    0.000 grammar.py:43(NonTerminal)
        1    0.000    0.000    0.000    0.000 _axis_nan_policy.py:37(SmallSampleWarning)
        1    0.000    0.000    0.000    0.000 _linesearch.py:23(LineSearchWarning)
        1    0.000    0.000    0.000    0.000 parser_frontends.py:225(XEarley_CompleteLex)
        1    0.000    0.000    0.000    0.000 common.py:24(ParserConf)
        1    0.000    0.000    0.000    0.000 _csc.py:179(csc_array)
        1    0.000    0.000    0.000    0.000 core.py:148(MAError)
        1    0.000    0.000    0.000    0.000 core.py:877(_DomainGreaterEqual)
        1    0.000    0.000    0.000    0.000 exceptions.py:1(SolverException)
        1    0.000    0.000    0.000    0.000 _spectral.py:11(_NoConvergence)
        1    0.000    0.000    0.000    0.000 _nonlin.py:955(BroydenSecond)
        1    0.000    0.000    0.000    0.000 _dok.py:536(dok_array)
        1    0.000    0.000    0.000    0.000 extras.py:319(_fromnxfunction_allargs)
        1    0.000    0.000    0.000    0.000 <string>:1(__create_fn__)
        1    0.000    0.000    0.000    0.000 {built-in method numpy.core._multiarray_umath._set_madvise_hugepage}
        1    0.000    0.000    0.000    0.000 rationalfield.py:45(__init__)
        1    0.000    0.000    0.000    0.000 _optimize.py:112(OptimizeResult)
        1    0.000    0.000    0.000    0.000 _warnings_errors.py:21(NearConstantInputWarning)
        1    0.000    0.000    0.000    0.000 expressiondomain.py:156(__init__)
        1    0.000    0.000    0.000    0.000 earley_forest.py:457(PackedData)
        1    0.000    0.000    0.000    0.000 visitors.py:12(Discard)
        1    0.000    0.000    0.000    0.000 _typing.py:134(DTypesIntegral)
        1    0.000    0.000    0.000    0.000 _base.py:24(SparseFormatWarning)
        1    0.000    0.000    0.000    0.000 tree.py:161(SlottedTree)
        1    0.000    0.000    0.000    0.000 _dia.py:528(dia_array)
        1    0.000    0.000    0.000    0.000 _coo.py:1352(coo_array)
        1    0.000    0.000    0.000    0.000 random.py:903(seed)
        1    0.000    0.000    0.000    0.000 parse_tree_builder.py:206(AmbiguousIntermediateExpander)
        1    0.000    0.000    0.000    0.000 earley_forest.py:23(ForestNode)
        1    0.000    0.000    0.000    0.000 rv.py:369(ProductPSpace)
        1    0.000    0.000    0.000    0.000 _optimize.py:3113(BracketError)
        1    0.000    0.000    0.000    0.000 _typing.py:156(DTypesAll)
        1    0.000    0.000    0.000    0.000 gaussiandomains.py:438(__init__)
        1    0.000    0.000    0.000    0.000 _typing.py:151(DTypesNumeric)
        1    0.000    0.000    0.000    0.000 _csr.py:437(csr_matrix)
        1    0.000    0.000    0.000    0.000 parser_frontends.py:157(LALR_ContextualLexer)
        1    0.000    0.000    0.000    0.000 visitors.py:271(Visitor_Recursive)
        1    0.000    0.000    0.000    0.000 ivp.py:24(OdeResult)
        1    0.000    0.000    0.000    0.000 _optimize.py:157(OptimizeWarning)
        1    0.000    0.000    0.000    0.000 extras.py:281(_fromnxfunction_seq)
        1    0.000    0.000    0.000    0.000 extras.py:294(_fromnxfunction_args)
        1    0.000    0.000    0.000    0.000 function_base.py:19(_linspace_dispatcher)
        1    0.000    0.000    0.000    0.000 exceptions.py:6(LarkError)
        1    0.000    0.000    0.000    0.000 exceptions.py:1(ParseException)
        1    0.000    0.000    0.000    0.000 _lil.py:570(lil_matrix)
        1    0.000    0.000    0.000    0.000 exceptions.py:9(LatticeIdealException)
        1    0.000    0.000    0.000    0.000 quantities.py:105(_eval_Abs)
        1    0.000    0.000    0.000    0.000 exceptions.py:5(ExponentLatticeException)
        1    0.000    0.000    0.000    0.000 visitors.py:228(Transformer_InPlaceRecursive)
        1    0.000    0.000    0.000    0.000 _dia.py:604(dia_matrix)
        1    0.000    0.000    0.000    0.000 _bsr.py:660(bsr_array)
        1    0.000    0.000    0.000    0.000 _bsr.py:771(bsr_matrix)
        1    0.000    0.000    0.000    0.000 exceptions.py:14(ParseError)
        2    0.000    0.000    0.000    0.000 true_cond.py:14(simplify)
        1    0.000    0.000    0.000    0.000 exceptions.py:18(LexError)
        1    0.000    0.000    0.000    0.000 _new_distributions.py:96(_mode_formula)
        1    0.000    0.000    0.000    0.000 fromnumeric.py:91(_take_dispatcher)
        1    0.000    0.000    0.000    0.000 fromnumeric.py:1021(_argsort_dispatcher)
        1    0.000    0.000    0.000    0.000 typing.py:2154(cast)
        1    0.000    0.000    0.000    0.000 _distribution_infrastructure.py:1823(tol)
        1    0.000    0.000    0.000    0.000 _new_distributions.py:93(_median_formula)


